[
    {
        "userId": "49d85c6a-b8f8-4787-95fa-f145553e59a9",
        "userAccessToken": "7b64f2c3-1572-407f-ac1a-ea3ef127ff2c",
        "summaryId": "x45dba26-67085d24-6090",
        "calendarDate": "2024-10-11",
        "durationInSeconds": 24720,
        "totalNapDurationInSeconds": 0,
        "startTimeInSeconds": 1728601380,
        "startTimeOffsetInSeconds": 7254,
        "unmeasurableSleepInSeconds": 0,
        "deepSleepDurationInSeconds": 4500,
        "lightSleepDurationInSeconds": 16980,
        "remSleepInSeconds": 3240,
        "awakeDurationInSeconds": 3300,
        "sleepLevelsMap": {
            "deep": [
                {
                    "startTimeInSeconds": 1728601620,
                    "endTimeInSeconds": 1728602580
                },
                {
                    "startTimeInSeconds": 1728603300,
                    "endTimeInSeconds": 1728604020
                },
                {
                    "startTimeInSeconds": 1728605700,
                    "endTimeInSeconds": 1728607860
                },
                {
                    "startTimeInSeconds": 1728612420,
                    "endTimeInSeconds": 1728613080
                }
            ],
            "light": [
                {
                    "startTimeInSeconds": 1728601380,
                    "endTimeInSeconds": 1728601620
                },
                {
                    "startTimeInSeconds": 1728602760,
                    "endTimeInSeconds": 1728603300
                },
                {
                    "startTimeInSeconds": 1728605280,
                    "endTimeInSeconds": 1728605700
                },
                {
                    "startTimeInSeconds": 1728608520,
                    "endTimeInSeconds": 1728610080
                },
                {
                    "startTimeInSeconds": 1728610620,
                    "endTimeInSeconds": 1728612420
                },
                {
                    "startTimeInSeconds": 1728613080,
                    "endTimeInSeconds": 1728615900
                },
                {
                    "startTimeInSeconds": 1728616020,
                    "endTimeInSeconds": 1728616620
                },
                {
                    "startTimeInSeconds": 1728617640,
                    "endTimeInSeconds": 1728618060
                },
                {
                    "startTimeInSeconds": 1728618120,
                    "endTimeInSeconds": 1728620160
                },
                {
                    "startTimeInSeconds": 1728620280,
                    "endTimeInSeconds": 1728621780
                },
                {
                    "startTimeInSeconds": 1728621840,
                    "endTimeInSeconds": 1728622680
                },
                {
                    "startTimeInSeconds": 1728623820,
                    "endTimeInSeconds": 1728625080
                },
                {
                    "startTimeInSeconds": 1728625740,
                    "endTimeInSeconds": 1728626700
                },
                {
                    "startTimeInSeconds": 1728627420,
                    "endTimeInSeconds": 1728629400
                }
            ],
            "awake": [
                {
                    "startTimeInSeconds": 1728602580,
                    "endTimeInSeconds": 1728602760
                },
                {
                    "startTimeInSeconds": 1728604020,
                    "endTimeInSeconds": 1728605280
                },
                {
                    "startTimeInSeconds": 1728607860,
                    "endTimeInSeconds": 1728608520
                },
                {
                    "startTimeInSeconds": 1728615900,
                    "endTimeInSeconds": 1728616020
                },
                {
                    "startTimeInSeconds": 1728618060,
                    "endTimeInSeconds": 1728618120
                },
                {
                    "startTimeInSeconds": 1728620160,
                    "endTimeInSeconds": 1728620280
                },
                {
                    "startTimeInSeconds": 1728621780,
                    "endTimeInSeconds": 1728621840
                },
                {
                    "startTimeInSeconds": 1728623700,
                    "endTimeInSeconds": 1728623820
                },
                {
                    "startTimeInSeconds": 1728626700,
                    "endTimeInSeconds": 1728627420
                }
            ],
            "rem": [
                {
                    "startTimeInSeconds": 1728610080,
                    "endTimeInSeconds": 1728610620
                },
                {
                    "startTimeInSeconds": 1728616620,
                    "endTimeInSeconds": 1728617640
                },
                {
                    "startTimeInSeconds": 1728622680,
                    "endTimeInSeconds": 1728623700
                },
                {
                    "startTimeInSeconds": 1728625080,
                    "endTimeInSeconds": 1728625740
                }
            ]
        },
        "validation": "ENHANCED_FINAL",
        "timeOffsetSleepSpo2": {
            "60": 94,
            "120": 94,
            "180": 94,
            "240": 93,
            "300": 94,
            "360": 94,
            "420": 94,
            "480": 93,
            "540": 94,
            "600": 93,
            "660": 93,
            "720": 93,
            "780": 94,
            "840": 94,
            "900": 94,
            "960": 94,
            "1020": 94,
            "1080": 95,
            "1140": 95,
            "1200": 95,
            "1260": 95,
            "1320": 95,
            "1380": 94,
            "1440": 95,
            "1500": 94,
            "1560": 94,
            "1620": 94,
            "1680": 94,
            "1740": 94,
            "1800": 94,
            "1860": 94,
            "1920": 94,
            "1980": 94,
            "2040": 94,
            "2100": 94,
            "2160": 94,
            "2220": 94,
            "2280": 93,
            "2340": 94,
            "2400": 94,
            "2460": 94,
            "2520": 94,
            "2580": 97,
            "2640": 95,
            "2700": 95,
            "2760": 94,
            "2820": 94,
            "2880": 94,
            "2940": 94,
            "3000": 94,
            "3060": 94,
            "3120": 94,
            "3180": 94,
            "3240": 94,
            "3300": 94,
            "3360": 93,
            "3420": 94,
            "3480": 93,
            "3540": 94,
            "3600": 94,
            "3660": 93,
            "3720": 93,
            "3780": 94,
            "3840": 94,
            "3900": 94,
            "3960": 94,
            "4020": 94,
            "4080": 94,
            "4140": 94,
            "4200": 94,
            "4260": 94,
            "4320": 94,
            "4380": 94,
            "4440": 94,
            "4500": 94,
            "4560": 94,
            "4620": 94,
            "4680": 94,
            "4740": 94,
            "4800": 94,
            "4860": 94,
            "4920": 94,
            "4980": 94,
            "5040": 94,
            "5100": 94,
            "5160": 94,
            "5220": 94,
            "5280": 93,
            "5340": 94,
            "5400": 94,
            "5460": 94,
            "5520": 94,
            "5580": 94,
            "5640": 94,
            "5700": 94,
            "5760": 94,
            "5820": 94,
            "5880": 93,
            "5940": 93,
            "6000": 94,
            "6060": 93,
            "6120": 91,
            "6180": 93,
            "6240": 93,
            "6300": 93,
            "6360": 95,
            "6420": 95,
            "6480": 96,
            "6540": 94,
            "6600": 93,
            "6660": 95,
            "6720": 94,
            "6780": 94,
            "6840": 93,
            "6900": 92,
            "6960": 95,
            "7020": 96,
            "7080": 97,
            "7140": 96,
            "7200": 94,
            "7260": 97,
            "7320": 98,
            "7380": 98,
            "7800": 98,
            "7860": 98,
            "7920": 94,
            "7980": 94,
            "8040": 93,
            "8100": 92,
            "8160": 92,
            "8220": 92,
            "8280": 91,
            "8340": 91,
            "8400": 91,
            "8460": 91,
            "8520": 90,
            "8580": 90,
            "8640": 89,
            "8700": 89,
            "8760": 91,
            "8820": 91,
            "8880": 92,
            "8940": 92,
            "9060": 92,
            "9660": 93,
            "9720": 93,
            "9780": 93,
            "10020": 93,
            "10200": 93,
            "10260": 94,
            "10320": 94,
            "10380": 94,
            "10440": 94,
            "10500": 94,
            "10560": 94,
            "10620": 94,
            "10680": 94,
            "10740": 94,
            "10800": 94,
            "10860": 94,
            "10920": 94,
            "10980": 94,
            "11040": 94,
            "11100": 95,
            "11160": 95,
            "11220": 95,
            "11280": 95,
            "11340": 95,
            "11400": 94,
            "11460": 94,
            "11520": 94,
            "11580": 93,
            "11640": 92,
            "11700": 92,
            "11760": 92,
            "11820": 92,
            "11880": 92,
            "11940": 92,
            "12000": 92,
            "12060": 92,
            "12120": 92,
            "12180": 92,
            "12240": 92,
            "12300": 92,
            "12360": 91,
            "12420": 92,
            "12480": 92,
            "12540": 93,
            "12600": 93,
            "12660": 93,
            "12720": 93,
            "12780": 94,
            "12840": 94,
            "12900": 94,
            "12960": 94,
            "13020": 94,
            "13080": 95,
            "13140": 95,
            "13200": 95,
            "13260": 95,
            "13320": 94,
            "13380": 94,
            "13440": 95,
            "13500": 94,
            "13560": 95,
            "13620": 94,
            "13680": 94,
            "13740": 94,
            "13800": 94,
            "13860": 94,
            "13920": 94,
            "13980": 94,
            "14040": 94,
            "14100": 92,
            "14160": 91,
            "14340": 91,
            "14400": 91,
            "14460": 94,
            "14520": 94,
            "14580": 95,
            "14640": 93,
            "14700": 93,
            "14760": 93,
            "14820": 93,
            "14880": 94,
            "14940": 94,
            "15000": 93,
            "15060": 94,
            "15120": 95,
            "15180": 96,
            "15240": 95,
            "15300": 95,
            "15360": 95,
            "15420": 97,
            "15480": 95,
            "15540": 96,
            "15600": 97,
            "15660": 95,
            "15720": 95,
            "15780": 97,
            "15840": 97,
            "15900": 96,
            "15960": 96,
            "16020": 97,
            "16080": 94,
            "16140": 96,
            "16200": 96,
            "16260": 95,
            "16320": 95,
            "16380": 95,
            "16440": 97,
            "16500": 93,
            "16560": 95,
            "16620": 95,
            "16680": 94,
            "16740": 95,
            "16800": 97,
            "16860": 96,
            "16920": 96,
            "16980": 96,
            "17040": 96,
            "17100": 97,
            "17160": 96,
            "17220": 96,
            "17280": 96,
            "17340": 96,
            "17400": 96,
            "17460": 97,
            "17520": 97,
            "17580": 97,
            "17640": 97,
            "17700": 98,
            "17760": 97,
            "17820": 96,
            "17880": 93,
            "17940": 93,
            "18000": 95,
            "18060": 94,
            "18120": 95,
            "18180": 94,
            "18240": 94,
            "18300": 94,
            "18360": 95,
            "18420": 93,
            "18480": 93,
            "18540": 93,
            "18600": 93,
            "18660": 94,
            "18720": 94,
            "18780": 97,
            "18840": 96,
            "18900": 95,
            "18960": 93,
            "19020": 95,
            "19080": 93,
            "19140": 93,
            "19200": 93,
            "19260": 92,
            "19320": 91,
            "19380": 93,
            "19440": 94,
            "19500": 87,
            "19560": 86,
            "19620": 92,
            "19680": 92,
            "19740": 94,
            "19800": 93,
            "19860": 93,
            "19920": 93,
            "19980": 93,
            "20040": 91,
            "20100": 91,
            "20160": 91,
            "20220": 94,
            "20280": 87,
            "20340": 92,
            "20400": 92,
            "20460": 92,
            "20520": 91,
            "20580": 91,
            "20640": 92,
            "20700": 91,
            "20760": 91,
            "20820": 91,
            "20880": 91,
            "20940": 92,
            "21000": 91,
            "21060": 91,
            "21120": 84,
            "21600": 91,
            "21660": 91,
            "21840": 89,
            "21900": 84,
            "21960": 94,
            "22020": 95,
            "22080": 95,
            "22140": 95,
            "22200": 95,
            "22260": 95,
            "22320": 93,
            "22380": 92,
            "22440": 93,
            "22500": 91,
            "22560": 92,
            "22620": 92,
            "22680": 92,
            "22740": 92,
            "22800": 92,
            "22860": 92,
            "22920": 92,
            "22980": 92,
            "23040": 92,
            "23100": 93,
            "23160": 91,
            "23220": 92,
            "23280": 91,
            "23340": 91,
            "23400": 90,
            "23460": 90,
            "23520": 90,
            "23580": 91,
            "23640": 92,
            "23700": 92,
            "23760": 92,
            "23820": 92,
            "23880": 92,
            "23940": 93,
            "24000": 93,
            "24060": 94,
            "24120": 92,
            "24180": 91,
            "24240": 89,
            "24300": 89,
            "24360": 90,
            "24420": 90,
            "24480": 89,
            "24540": 89,
            "24600": 89,
            "24720": 87,
            "24780": 87,
            "24840": 87,
            "24900": 89,
            "24960": 89,
            "25020": 92,
            "25080": 92,
            "25140": 92,
            "25200": 91,
            "25320": 91,
            "25380": 92,
            "25440": 92,
            "25500": 92,
            "25560": 92,
            "25620": 92,
            "25680": 92,
            "25740": 92,
            "25800": 92,
            "25860": 92,
            "25920": 92,
            "25980": 92,
            "26040": 92,
            "26100": 92,
            "26160": 93,
            "26220": 93,
            "26280": 93,
            "26340": 93,
            "26400": 93,
            "26460": 93,
            "26520": 93,
            "26580": 93,
            "26640": 93,
            "26700": 93,
            "26760": 93,
            "26820": 93,
            "26880": 93,
            "26940": 93,
            "27000": 93,
            "27060": 94,
            "27120": 94,
            "27180": 94,
            "27240": 94,
            "27300": 94,
            "27360": 94,
            "27420": 94,
            "27480": 94,
            "27540": 95,
            "27600": 95,
            "27660": 95,
            "27720": 95,
            "27780": 95,
            "27840": 95,
            "27900": 95
        },
        "timeOffsetSleepRespiration": {
            "60": 15.58,
            "120": 17.13,
            "180": 17.43,
            "240": 17.56,
            "300": 17.85,
            "360": 16.97,
            "420": 16.71,
            "480": 16.1,
            "540": 15.86,
            "600": 16.14,
            "660": 16.29,
            "720": 16.92,
            "780": 17.27,
            "840": 17.03,
            "900": 17.3,
            "960": 16.91,
            "1020": 17.11,
            "1080": 17.49,
            "1140": 18.37,
            "1200": 18.86,
            "1260": 18.7,
            "1320": 16.77,
            "1380": 14.55,
            "1440": 13.76,
            "1500": 13.23,
            "1560": 13.24,
            "1620": 13.48,
            "1680": 13.39,
            "1740": 13.11,
            "1800": 12.65,
            "1860": 12.27,
            "1920": 12.42,
            "1980": 12.79,
            "2040": 14.01,
            "2100": 13.31,
            "2160": 13.54,
            "2220": 13.87,
            "2280": 14.27,
            "2340": 14.82,
            "2400": 14.32,
            "2460": 14.83,
            "2520": 15.52,
            "2580": 16.24,
            "2640": 16.72,
            "2700": 16.03,
            "2760": 15.05,
            "2820": 14.66,
            "2880": 14.97,
            "2940": 14.61,
            "3000": 14.61,
            "3060": 14.72,
            "3120": 14.59,
            "3180": 14.39,
            "3240": 13.97,
            "3300": 14.23,
            "3360": 13.34,
            "3420": 13.04,
            "3480": 12.69,
            "3540": 12.3,
            "3600": 12.22,
            "3660": 12.74,
            "3720": 12.73,
            "3780": 13.05,
            "3840": 14.42,
            "3900": 14.51,
            "3960": 13.9,
            "4020": 13.92,
            "4080": 13.12,
            "4140": 14.22,
            "4200": 14.29,
            "4260": 15.2,
            "4320": 16.91,
            "4380": 16.2,
            "4440": 15.35,
            "4500": 14.06,
            "4560": 12.4,
            "4620": 14.03,
            "4680": 14.62,
            "4740": 14.61,
            "4800": 14.12,
            "4860": 14.19,
            "4920": 12.86,
            "4980": 11.68,
            "5040": 11.76,
            "5100": 11.5,
            "5160": 13.01,
            "5220": 14.76,
            "5280": 15.72,
            "5340": 14.44,
            "5400": 13.49,
            "5460": 13.93,
            "5520": 13.84,
            "5580": 14.2,
            "5640": 13.95,
            "5700": 13.87,
            "5760": 13.7,
            "5820": 14.76,
            "5880": 14.67,
            "5940": 14.61,
            "6000": 14.15,
            "6060": 13.46,
            "6120": 13.38,
            "6180": 13.21,
            "6240": 14.04,
            "6300": 13.36,
            "6360": 13.52,
            "6420": 14.1,
            "6480": 14.32,
            "6540": 14.41,
            "6600": 13.7,
            "6660": 15.11,
            "6720": 15.49,
            "6780": 16.19,
            "6840": 15.61,
            "6900": 15.73,
            "6960": 15.46,
            "7020": 14.85,
            "7080": 14.41,
            "7140": 14.01,
            "7200": 13.8,
            "7260": 14.37,
            "7320": 14.25,
            "7380": 14.23,
            "7440": 13.91,
            "7500": 14.26,
            "7560": 14.42,
            "7620": 15.29,
            "7680": 14.96,
            "7740": 14.25,
            "7800": 15.06,
            "7860": 14.95,
            "7920": 14.79,
            "7980": 13.68,
            "8040": 13.82,
            "8100": 14.28,
            "8160": 15.43,
            "8220": 14.69,
            "8280": 14.8,
            "8340": 15.25,
            "8400": 15.21,
            "8460": 15.76,
            "8520": 15.34,
            "8580": 15.95,
            "8640": 17.39,
            "8700": 18.03,
            "8760": 19.23,
            "8820": 19.66,
            "8880": 18.53,
            "8940": 18.54,
            "9000": 18.93,
            "9060": 18.57,
            "9120": 18.97,
            "9180": 19.48,
            "9240": 20.0,
            "9300": 19.72,
            "9360": 18.91,
            "9420": 18.93,
            "9480": 19.69,
            "9540": 20.02,
            "9600": 19.57,
            "9660": 19.14,
            "9720": 18.82,
            "9780": 19.56,
            "9840": 19.07,
            "9900": 18.55,
            "9960": 18.07,
            "10020": 17.7,
            "10080": 17.98,
            "10140": 17.22,
            "10200": 17.96,
            "10260": 17.59,
            "10320": 18.27,
            "10380": 17.58,
            "10440": 16.62,
            "10500": 16.41,
            "10560": 16.89,
            "10620": 16.45,
            "10680": 16.57,
            "10740": 16.29,
            "10800": 16.06,
            "10860": 16.07,
            "10920": 16.59,
            "10980": 16.27,
            "11040": 16.33,
            "11100": 16.64,
            "11160": 16.39,
            "11220": 16.63,
            "11280": 17.64,
            "11340": 17.88,
            "11400": 18.08,
            "11460": 18.1,
            "11520": 17.35,
            "11580": 17.06,
            "11640": 17.78,
            "11700": 17.05,
            "11760": 16.9,
            "11820": 15.98,
            "11880": 16.21,
            "11940": 16.67,
            "12000": 17.98,
            "12060": 19.19,
            "12120": 19.7,
            "12180": 19.67,
            "12240": 20.33,
            "12300": 19.12,
            "12360": 17.8,
            "12420": 17.95,
            "12480": 17.41,
            "12540": 18.45,
            "12600": 18.54,
            "12660": 17.98,
            "12720": 17.84,
            "12780": 18.18,
            "12840": 17.89,
            "12900": 17.97,
            "12960": 16.99,
            "13020": 17.08,
            "13080": 17.52,
            "13140": 17.74,
            "13200": 17.25,
            "13260": 17.57,
            "13320": 17.44,
            "13380": 18.18,
            "13440": 18.44,
            "13500": 18.16,
            "13560": 18.35,
            "13620": 18.42,
            "13680": 18.01,
            "13740": 17.58,
            "13800": 17.39,
            "13860": 17.01,
            "13920": 17.86,
            "13980": 17.95,
            "14040": 17.15,
            "14100": 17.41,
            "14160": 17.68,
            "14220": 17.17,
            "14280": 16.41,
            "14340": 15.3,
            "14400": 13.84,
            "14460": 13.7,
            "14520": 14.43,
            "14580": 14.07,
            "14640": 13.83,
            "14700": 15.21,
            "14760": 15.61,
            "14820": 16.09,
            "14880": 15.47,
            "14940": 14.53,
            "15000": 14.83,
            "15060": 13.81,
            "15120": 13.46,
            "15180": 13.3,
            "15240": 14.4,
            "15300": 14.56,
            "15360": 15.3,
            "15420": 16.7,
            "15480": 17.06,
            "15540": 16.4,
            "15600": 17.42,
            "15660": 17.22,
            "15720": 16.23,
            "15780": 15.64,
            "15840": 17.04,
            "15900": 17.73,
            "15960": 16.5,
            "16020": 16.54,
            "16080": 17.55,
            "16140": 17.34,
            "16200": 16.21,
            "16260": 16.63,
            "16320": 16.88,
            "16380": 17.78,
            "16440": 17.73,
            "16500": 18.02,
            "16560": 17.99,
            "16620": 16.86,
            "16680": 15.7,
            "16740": 15.35,
            "16800": 15.36,
            "16860": 14.22,
            "16920": 14.57,
            "16980": 15.15,
            "17040": 15.4,
            "17100": 16.06,
            "17160": 15.71,
            "17220": 15.95,
            "17280": 16.29,
            "17340": 16.74,
            "17400": 16.4,
            "17460": 16.08,
            "17520": 16.46,
            "17580": 15.58,
            "17640": 15.72,
            "17700": 15.44,
            "17760": 14.43,
            "17820": 13.56,
            "17880": 13.94,
            "17940": 13.83,
            "18000": 13.27,
            "18060": 14.16,
            "18120": 15.21,
            "18180": 14.88,
            "18240": 14.91,
            "18300": 14.55,
            "18360": 15.07,
            "18420": 15.22,
            "18480": 15.32,
            "18540": 15.02,
            "18600": 15.63,
            "18660": 16.51,
            "18720": 15.66,
            "18780": 15.48,
            "18840": 15.58,
            "18900": 15.29,
            "18960": 16.66,
            "19020": 16.03,
            "19080": 15.92,
            "19140": 16.45,
            "19200": 16.02,
            "19260": 16.23,
            "19320": 16.78,
            "19380": 16.4,
            "19440": 15.61,
            "19500": 16.61,
            "19560": 16.6,
            "19620": 16.61,
            "19680": 15.88,
            "19740": 14.85,
            "19800": 15.04,
            "19860": 16.01,
            "19920": 16.29,
            "19980": 15.9,
            "20040": 16.43,
            "20100": 16.35,
            "20160": 16.86,
            "20220": 16.57,
            "20280": 15.66,
            "20340": 15.25,
            "20400": 14.49,
            "20460": 14.11,
            "20520": 14.27,
            "20580": 15.58,
            "20640": 16.15,
            "20700": 15.02,
            "20760": 15.4,
            "20820": 14.92,
            "20880": 14.31,
            "20940": 15.38,
            "21000": 15.14,
            "21060": 15.42,
            "21120": 14.69,
            "21180": 14.55,
            "21240": 14.57,
            "21300": 14.07,
            "21360": 15.72,
            "21420": 15.97,
            "21480": 15.69,
            "21540": 16.27,
            "21600": 16.25,
            "21660": 16.22,
            "21720": 15.62,
            "21780": 15.44,
            "21840": 14.76,
            "21900": 14.44,
            "21960": 14.62,
            "22020": 14.25,
            "22080": 14.11,
            "22140": 14.09,
            "22200": 15.36,
            "22260": 15.63,
            "22320": 15.16,
            "22380": 14.81,
            "22440": 14.12,
            "22500": 12.92,
            "22560": 12.73,
            "22620": 13.65,
            "22680": 14.36,
            "22740": 14.97,
            "22800": 14.98,
            "22860": 14.19,
            "22920": 14.07,
            "22980": 14.42,
            "23040": 15.02,
            "23100": 14.37,
            "23160": 13.3,
            "23220": 13.94,
            "23280": 14.25,
            "23340": 14.71,
            "23400": 14.15,
            "23460": 13.25,
            "23520": 12.81,
            "23580": 12.87,
            "23640": 13.69,
            "23700": 14.69,
            "23760": 15.07,
            "23820": 15.15,
            "23880": 15.15,
            "23940": 14.74,
            "24000": 14.63,
            "24060": 14.72,
            "24120": 13.8,
            "24180": 13.91,
            "24240": 13.89,
            "24300": 13.26,
            "24360": 13.65,
            "24420": 14.26,
            "24480": 14.12,
            "24540": 14.09,
            "24600": 14.44,
            "24660": 14.45,
            "24720": 14.52,
            "24780": 15.4,
            "24840": 18.45,
            "24900": 19.36,
            "24960": 19.64,
            "25020": 19.23,
            "25080": 18.01,
            "25140": 16.4,
            "25200": 16.76,
            "25260": 18.38,
            "25320": 19.35,
            "25380": 19.21,
            "25440": 17.61,
            "25500": 16.68,
            "25560": 17.13,
            "25620": 16.97,
            "25680": 16.98,
            "25740": 17.01,
            "25800": 17.27,
            "25860": 17.48,
            "25920": 17.71,
            "25980": 18.43,
            "26040": 18.51,
            "26100": 17.33,
            "26160": 16.68,
            "26220": 15.12,
            "26280": 13.91,
            "26340": 13.49,
            "26400": 13.14,
            "26460": 13.72,
            "26520": 14.71,
            "26580": 14.57,
            "26640": 14.71,
            "26700": 14.23,
            "26760": 14.26,
            "26820": 14.04,
            "26880": 14.98,
            "26940": 15.0,
            "27000": 13.75,
            "27060": 13.47,
            "27120": 13.04,
            "27180": 12.49,
            "27240": 13.56,
            "27300": 13.99,
            "27360": 13.44,
            "27420": 13.54,
            "27480": 13.18,
            "27540": 12.34,
            "27600": 13.06,
            "27660": 13.07,
            "27720": 15.06,
            "27780": 15.13,
            "27840": 14.71,
            "27900": 13.65,
            "27960": 13.29,
            "28020": 13.81
        },
        "overallSleepScore": {
            "value": 71,
            "qualifierKey": "FAIR"
        },
        "sleepScores": {
            "totalDuration": {
                "qualifierKey": "FAIR"
            },
            "stress": {
                "qualifierKey": "EXCELLENT"
            },
            "awakeCount": {
                "qualifierKey": "POOR"
            },
            "remPercentage": {
                "qualifierKey": "FAIR"
            },
            "restlessness": {
                "qualifierKey": "POOR"
            },
            "lightPercentage": {
                "qualifierKey": "FAIR"
            },
            "deepPercentage": {
                "qualifierKey": "EXCELLENT"
            }
        }
    }
]