[
    {
        "userId": "49d85c6a-b8f8-4787-95fa-f145553e59a9",
        "userAccessToken": "7b64f2c3-1572-407f-ac1a-ea3ef127ff2c",
        "summaryId": "x45dba26-67045ad0-5e38",
        "calendarDate": "2024-10-08",
        "durationInSeconds": 24120,
        "totalNapDurationInSeconds": 0,
        "startTimeInSeconds": 1728338640,
        "startTimeOffsetInSeconds": 7254,
        "unmeasurableSleepInSeconds": 0,
        "deepSleepDurationInSeconds": 2160,
        "lightSleepDurationInSeconds": 18600,
        "remSleepInSeconds": 3360,
        "awakeDurationInSeconds": 2580,
        "sleepLevelsMap": {
            "deep": [
                {
                    "startTimeInSeconds": 1728344460,
                    "endTimeInSeconds": 1728345420
                },
                {
                    "startTimeInSeconds": 1728348120,
                    "endTimeInSeconds": 1728349020
                },
                {
                    "startTimeInSeconds": 1728357000,
                    "endTimeInSeconds": 1728357300
                }
            ],
            "light": [
                {
                    "startTimeInSeconds": 1728338640,
                    "endTimeInSeconds": 1728342720
                },
                {
                    "startTimeInSeconds": 1728342900,
                    "endTimeInSeconds": 1728343800
                },
                {
                    "startTimeInSeconds": 1728343860,
                    "endTimeInSeconds": 1728344460
                },
                {
                    "startTimeInSeconds": 1728345480,
                    "endTimeInSeconds": 1728346620
                },
                {
                    "startTimeInSeconds": 1728347700,
                    "endTimeInSeconds": 1728348120
                },
                {
                    "startTimeInSeconds": 1728349020,
                    "endTimeInSeconds": 1728352860
                },
                {
                    "startTimeInSeconds": 1728353940,
                    "endTimeInSeconds": 1728355080
                },
                {
                    "startTimeInSeconds": 1728356100,
                    "endTimeInSeconds": 1728357000
                },
                {
                    "startTimeInSeconds": 1728357300,
                    "endTimeInSeconds": 1728357660
                },
                {
                    "startTimeInSeconds": 1728357720,
                    "endTimeInSeconds": 1728358620
                },
                {
                    "startTimeInSeconds": 1728359040,
                    "endTimeInSeconds": 1728360600
                },
                {
                    "startTimeInSeconds": 1728361800,
                    "endTimeInSeconds": 1728362100
                },
                {
                    "startTimeInSeconds": 1728362400,
                    "endTimeInSeconds": 1728364140
                },
                {
                    "startTimeInSeconds": 1728364620,
                    "endTimeInSeconds": 1728365340
                }
            ],
            "awake": [
                {
                    "startTimeInSeconds": 1728342720,
                    "endTimeInSeconds": 1728342900
                },
                {
                    "startTimeInSeconds": 1728343800,
                    "endTimeInSeconds": 1728343860
                },
                {
                    "startTimeInSeconds": 1728345420,
                    "endTimeInSeconds": 1728345480
                },
                {
                    "startTimeInSeconds": 1728355080,
                    "endTimeInSeconds": 1728356100
                },
                {
                    "startTimeInSeconds": 1728357660,
                    "endTimeInSeconds": 1728357720
                },
                {
                    "startTimeInSeconds": 1728358620,
                    "endTimeInSeconds": 1728359040
                },
                {
                    "startTimeInSeconds": 1728362100,
                    "endTimeInSeconds": 1728362400
                },
                {
                    "startTimeInSeconds": 1728364140,
                    "endTimeInSeconds": 1728364620
                }
            ],
            "rem": [
                {
                    "startTimeInSeconds": 1728346620,
                    "endTimeInSeconds": 1728347700
                },
                {
                    "startTimeInSeconds": 1728352860,
                    "endTimeInSeconds": 1728353940
                },
                {
                    "startTimeInSeconds": 1728360600,
                    "endTimeInSeconds": 1728361800
                }
            ]
        },
        "validation": "ENHANCED_FINAL",
        "timeOffsetSleepSpo2": {
            "60": 83,
            "120": 82,
            "180": 84,
            "240": 84,
            "300": 82,
            "360": 83,
            "420": 83,
            "480": 83,
            "540": 83,
            "600": 83,
            "660": 82,
            "720": 83,
            "780": 83,
            "840": 83,
            "900": 82,
            "960": 83,
            "1020": 83,
            "1080": 83,
            "1140": 83,
            "1200": 82,
            "1260": 82,
            "1320": 82,
            "1380": 82,
            "1440": 82,
            "1500": 84,
            "1560": 86,
            "1620": 86,
            "1680": 86,
            "1740": 86,
            "1800": 86,
            "1860": 86,
            "1920": 86,
            "1980": 86,
            "2040": 86,
            "2100": 86,
            "2160": 86,
            "2220": 86,
            "2280": 86,
            "2340": 86,
            "2400": 86,
            "2460": 87,
            "2520": 94,
            "2580": 94,
            "2640": 94,
            "2700": 94,
            "2760": 94,
            "2820": 94,
            "2880": 94,
            "2940": 94,
            "3000": 94,
            "3060": 94,
            "3120": 94,
            "3180": 94,
            "3240": 94,
            "3300": 94,
            "3360": 94,
            "3420": 94,
            "3480": 94,
            "3540": 94,
            "3600": 94,
            "3660": 94,
            "3720": 94,
            "3780": 94,
            "3840": 94,
            "3900": 94,
            "3960": 93,
            "4020": 92,
            "4080": 92,
            "4140": 92,
            "4200": 93,
            "4260": 92,
            "4320": 92,
            "4380": 92,
            "4440": 92,
            "4500": 92,
            "4560": 93,
            "4620": 93,
            "4680": 93,
            "4740": 93,
            "4800": 93,
            "4860": 93,
            "4920": 93,
            "4980": 93,
            "5040": 93,
            "5100": 95,
            "5160": 95,
            "5220": 95,
            "5280": 95,
            "5340": 95,
            "5400": 95,
            "5460": 95,
            "5520": 95,
            "5580": 95,
            "5640": 95,
            "5700": 95,
            "5760": 95,
            "5820": 95,
            "5880": 95,
            "5940": 95,
            "6000": 95,
            "6060": 95,
            "6120": 95,
            "6180": 95,
            "6240": 95,
            "6300": 95,
            "6360": 95,
            "6420": 95,
            "6480": 95,
            "6540": 95,
            "6600": 95,
            "6660": 95,
            "6720": 95,
            "6780": 95,
            "6840": 94,
            "6900": 95,
            "6960": 94,
            "7020": 94,
            "7080": 96,
            "7140": 96,
            "7200": 96,
            "7260": 96,
            "7320": 96,
            "7380": 96,
            "7440": 96,
            "7620": 95,
            "7680": 95,
            "7740": 95,
            "7800": 94,
            "7860": 95,
            "7920": 94,
            "7980": 95,
            "8040": 95,
            "8100": 95,
            "8160": 95,
            "8220": 93,
            "8280": 94,
            "8340": 94,
            "8400": 93,
            "8460": 93,
            "8520": 93,
            "8580": 95,
            "8640": 95,
            "8700": 95,
            "8760": 95,
            "8820": 95,
            "8880": 95,
            "8940": 95,
            "9000": 95,
            "9060": 95,
            "9120": 95,
            "9180": 95,
            "9240": 95,
            "9300": 95,
            "9360": 95,
            "9420": 95,
            "9480": 95,
            "9540": 95,
            "9600": 95,
            "9660": 95,
            "9720": 95,
            "9780": 95,
            "9840": 95,
            "9900": 90,
            "9960": 89,
            "10020": 90,
            "10080": 93,
            "10140": 93,
            "10200": 94,
            "10260": 94,
            "10320": 93,
            "10380": 93,
            "10440": 94,
            "10500": 92,
            "10560": 92,
            "10620": 92,
            "10680": 93,
            "10740": 92,
            "10800": 92,
            "10860": 92,
            "10920": 92,
            "10980": 92,
            "11040": 92,
            "11100": 92,
            "11160": 92,
            "11220": 92,
            "11280": 92,
            "11340": 92,
            "11400": 92,
            "11460": 92,
            "11520": 92,
            "11580": 92,
            "11640": 92,
            "11700": 92,
            "11760": 92,
            "11820": 92,
            "11880": 92,
            "11940": 92,
            "12000": 92,
            "12060": 92,
            "12120": 92,
            "12180": 92,
            "12240": 92,
            "12300": 92,
            "12360": 92,
            "12420": 96,
            "12480": 94,
            "12540": 94,
            "12600": 93,
            "12660": 93,
            "12720": 93,
            "12780": 93,
            "12840": 93,
            "12900": 93,
            "12960": 93,
            "13020": 93,
            "13080": 93,
            "13140": 93,
            "13200": 93,
            "13260": 93,
            "13320": 93,
            "13380": 93,
            "13440": 93,
            "13500": 93,
            "13560": 93,
            "13620": 94,
            "13680": 94,
            "13740": 94,
            "13800": 93,
            "13860": 94,
            "13920": 94,
            "13980": 92,
            "14040": 93,
            "14100": 92,
            "14160": 92,
            "14220": 94,
            "14280": 92,
            "14340": 92,
            "14400": 94,
            "14460": 94,
            "14520": 93,
            "14580": 94,
            "14640": 93,
            "14700": 93,
            "14760": 94,
            "14820": 94,
            "14880": 94,
            "14940": 93,
            "15000": 93,
            "15060": 93,
            "15120": 93,
            "15180": 92,
            "15240": 91,
            "15300": 91,
            "15360": 91,
            "15420": 92,
            "15480": 92,
            "15540": 93,
            "15600": 91,
            "15660": 91,
            "15720": 88,
            "15780": 88,
            "15840": 88,
            "15900": 88,
            "15960": 88,
            "16020": 88,
            "16080": 88,
            "16140": 88,
            "16200": 94,
            "16260": 94,
            "16320": 93,
            "16380": 94,
            "16440": 94,
            "16500": 95,
            "16560": 94,
            "16620": 94,
            "16680": 95,
            "16740": 95,
            "16800": 94,
            "16860": 94,
            "16920": 94,
            "16980": 95,
            "17040": 95,
            "17100": 95,
            "17160": 95,
            "17220": 95,
            "17280": 95,
            "17340": 95,
            "17400": 95,
            "17460": 95,
            "17520": 95,
            "17580": 94,
            "17640": 94,
            "17700": 94,
            "17760": 94,
            "17820": 94,
            "17880": 94,
            "17940": 96,
            "18000": 97,
            "18060": 97,
            "18120": 97,
            "18180": 97,
            "18240": 97,
            "18300": 97,
            "18360": 97,
            "18420": 97,
            "18480": 97,
            "18540": 97,
            "18600": 97,
            "18660": 91,
            "18720": 92,
            "18780": 92,
            "18840": 92,
            "18900": 93,
            "18960": 93,
            "19020": 95,
            "19080": 95,
            "19140": 93,
            "19200": 93,
            "19260": 93,
            "19320": 93,
            "19380": 94,
            "19440": 94,
            "19500": 93,
            "19560": 93,
            "19620": 94,
            "19680": 93,
            "19740": 95,
            "19800": 94,
            "19860": 92,
            "19920": 92,
            "19980": 95,
            "20040": 94,
            "20100": 94,
            "20160": 94,
            "20220": 94,
            "20280": 91,
            "20340": 90,
            "20400": 90,
            "20460": 90,
            "20520": 90,
            "20580": 91,
            "20640": 91,
            "20700": 91,
            "20760": 91,
            "20820": 91,
            "20880": 91,
            "20940": 91,
            "21000": 91,
            "21060": 91,
            "21120": 90,
            "21180": 90,
            "21240": 90,
            "21300": 90,
            "21360": 90,
            "21420": 90,
            "21480": 90,
            "21540": 90,
            "21600": 91,
            "21660": 90,
            "21720": 92,
            "21780": 92,
            "21840": 92,
            "21900": 91,
            "21960": 92,
            "22020": 92,
            "22080": 93,
            "22140": 93,
            "22200": 92,
            "22260": 92,
            "22320": 92,
            "22380": 91,
            "22440": 93,
            "22500": 93,
            "22560": 94,
            "22620": 95,
            "22680": 94,
            "22740": 94,
            "22800": 93,
            "22860": 93,
            "22920": 93,
            "22980": 92,
            "23040": 93,
            "23100": 93,
            "23160": 94,
            "23220": 94,
            "23280": 93,
            "23340": 93,
            "23400": 94,
            "23460": 93,
            "23520": 94,
            "23580": 93,
            "23640": 93,
            "23700": 93,
            "23760": 92,
            "23820": 93,
            "23880": 92,
            "23940": 93,
            "24000": 93,
            "24060": 93,
            "24120": 93,
            "24180": 93,
            "24240": 93,
            "24300": 93,
            "24360": 93,
            "24420": 93,
            "24480": 93,
            "24540": 93,
            "24600": 93,
            "24660": 93,
            "24720": 93,
            "24780": 93,
            "24840": 93,
            "24900": 93,
            "24960": 93,
            "25020": 93,
            "25080": 93,
            "25140": 93,
            "25200": 93,
            "25260": 93,
            "25320": 92,
            "25380": 92,
            "25440": 94,
            "25500": 94,
            "25560": 94,
            "25620": 93,
            "25680": 93,
            "25740": 94,
            "25800": 92,
            "25860": 91,
            "25920": 91,
            "25980": 91,
            "26040": 93,
            "26100": 93,
            "26160": 93,
            "26220": 93,
            "26280": 93,
            "26340": 93,
            "26400": 93,
            "26460": 93,
            "26520": 93,
            "26580": 92,
            "26640": 91
        },
        "timeOffsetSleepRespiration": {
            "60": 17.39,
            "120": 17.51,
            "180": 18.35,
            "240": 17.98,
            "300": 18.64,
            "360": 18.7,
            "420": 18.04,
            "480": 18.01,
            "540": 17.64,
            "600": 17.51,
            "660": 17.13,
            "720": 16.77,
            "780": 17.75,
            "840": 17.53,
            "900": 16.95,
            "960": 17.37,
            "1020": 17.39,
            "1080": 17.09,
            "1140": 17.53,
            "1200": 17.41,
            "1260": 17.98,
            "1320": 17.56,
            "1380": 17.71,
            "1440": 17.89,
            "1500": 18.17,
            "1560": 18.58,
            "1620": 18.64,
            "1680": 18.33,
            "1740": 18.27,
            "1800": 17.93,
            "1860": 18.14,
            "1920": 19.36,
            "1980": 20.21,
            "2040": 18.75,
            "2100": 18.4,
            "2160": 18.52,
            "2220": 18.49,
            "2280": 17.71,
            "2340": 18.21,
            "2400": 17.92,
            "2460": 17.29,
            "2520": 17.28,
            "2580": 16.91,
            "2640": 17.23,
            "2700": 17.47,
            "2760": 17.27,
            "2820": 16.89,
            "2880": 16.63,
            "2940": 16.73,
            "3000": 16.91,
            "3060": 17.53,
            "3120": 17.48,
            "3180": 17.09,
            "3240": 16.86,
            "3300": 16.06,
            "3360": 15.98,
            "3420": 15.62,
            "3480": 15.62,
            "3540": 15.82,
            "3600": 15.2,
            "3660": 14.85,
            "3720": 15.16,
            "3780": 15.42,
            "3840": 15.37,
            "3900": 15.67,
            "3960": 15.91,
            "4020": 14.9,
            "4080": 13.97,
            "4140": 15.38,
            "4200": 16.55,
            "4260": 15.43,
            "4320": 14.7,
            "4380": 14.76,
            "4440": 15.22,
            "4500": 15.24,
            "4560": 15.79,
            "4620": 15.82,
            "4680": 15.89,
            "4740": 15.71,
            "4800": 15.7,
            "4860": 14.65,
            "4920": 14.9,
            "4980": 15.78,
            "5040": 15.91,
            "5100": 15.36,
            "5160": 15.39,
            "5220": 14.83,
            "5280": 15.14,
            "5340": 14.31,
            "5400": 13.96,
            "5460": 14.03,
            "5520": 14.35,
            "5580": 16.08,
            "5640": 16.5,
            "5700": 16.41,
            "5760": 17.3,
            "5820": 17.48,
            "5880": 17.89,
            "5940": 17.21,
            "6000": 17.39,
            "6060": 17.75,
            "6120": 17.57,
            "6180": 17.16,
            "6240": 16.71,
            "6300": 17.77,
            "6360": 17.58,
            "6420": 17.41,
            "6480": 16.65,
            "6540": 16.27,
            "6600": 16.7,
            "6660": 16.37,
            "6720": 17.6,
            "6780": 18.76,
            "6840": 19.09,
            "6900": 18.92,
            "6960": 19.22,
            "7020": 18.95,
            "7080": 18.93,
            "7140": 19.27,
            "7200": 18.89,
            "7260": 17.73,
            "7320": 16.45,
            "7380": 14.21,
            "7440": 14.28,
            "7500": 15.25,
            "7560": 14.91,
            "7620": 15.19,
            "7680": 15.42,
            "7740": 15.31,
            "7800": 15.52,
            "7860": 15.97,
            "7920": 15.25,
            "7980": 14.22,
            "8040": 13.34,
            "8100": 13.95,
            "8160": 14.18,
            "8220": 13.65,
            "8280": 14.64,
            "8340": 14.55,
            "8400": 14.46,
            "8460": 13.6,
            "8520": 14.52,
            "8580": 14.74,
            "8640": 13.96,
            "8700": 13.64,
            "8760": 14.29,
            "8820": 14.09,
            "8880": 13.62,
            "8940": 13.86,
            "9000": 13.5,
            "9060": 14.29,
            "9120": 13.34,
            "9180": 13.23,
            "9240": 14.24,
            "9300": 15.79,
            "9360": 15.88,
            "9420": 16.04,
            "9480": 15.89,
            "9540": 15.08,
            "9600": 14.98,
            "9660": 14.23,
            "9720": 14.28,
            "9780": 14.83,
            "9840": 13.86,
            "9900": 14.5,
            "9960": 13.96,
            "10020": 13.92,
            "10080": 14.13,
            "10140": 14.18,
            "10200": 14.31,
            "10260": 14.56,
            "10320": 15.43,
            "10380": 15.48,
            "10440": 15.96,
            "10500": 15.69,
            "10560": 15.26,
            "10620": 14.39,
            "10680": 15.38,
            "10740": 16.25,
            "10800": 16.18,
            "10860": 16.08,
            "10920": 16.33,
            "10980": 16.08,
            "11040": 17.14,
            "11100": 16.64,
            "11160": 15.14,
            "11220": 14.5,
            "11280": 15.4,
            "11340": 15.7,
            "11400": 15.98,
            "11460": 15.15,
            "11520": 15.3,
            "11580": 16.56,
            "11640": 16.66,
            "11700": 16.41,
            "11760": 16.7,
            "11820": 16.46,
            "11880": 15.65,
            "11940": 15.14,
            "12000": 15.13,
            "12060": 14.56,
            "12120": 14.57,
            "12180": 15.27,
            "12240": 15.81,
            "12300": 16.05,
            "12360": 15.74,
            "12420": 15.57,
            "12480": 14.3,
            "12540": 14.1,
            "12600": 15.44,
            "12660": 14.82,
            "12720": 15.07,
            "12780": 15.28,
            "12840": 16.52,
            "12900": 16.1,
            "12960": 16.12,
            "13020": 16.77,
            "13080": 16.59,
            "13140": 16.56,
            "13200": 16.55,
            "13260": 16.64,
            "13320": 16.16,
            "13380": 15.28,
            "13440": 14.54,
            "13500": 15.22,
            "13560": 15.21,
            "13620": 15.03,
            "13680": 15.37,
            "13740": 15.25,
            "13800": 15.47,
            "13860": 15.51,
            "13920": 15.15,
            "13980": 15.46,
            "14040": 16.36,
            "14100": 16.08,
            "14160": 16.36,
            "14220": 15.98,
            "14280": 15.84,
            "14340": 15.99,
            "14400": 15.42,
            "14460": 15.27,
            "14520": 14.33,
            "14580": 13.41,
            "14640": 12.7,
            "14700": 13.21,
            "14760": 15.05,
            "14820": 14.78,
            "14880": 14.31,
            "14940": 14.82,
            "15000": 15.21,
            "15060": 14.98,
            "15120": 15.35,
            "15180": 14.69,
            "15240": 13.92,
            "15300": 14.24,
            "15360": 14.25,
            "15420": 15.92,
            "15480": 16.49,
            "15540": 15.9,
            "15600": 15.69,
            "15660": 15.26,
            "15720": 15.31,
            "15780": 15.16,
            "15840": 15.47,
            "15900": 15.49,
            "15960": 15.55,
            "16020": 15.45,
            "16080": 15.46,
            "16140": 15.42,
            "16200": 15.38,
            "16260": 14.94,
            "16320": 14.55,
            "16380": 15.81,
            "16440": 16.25,
            "16500": 15.59,
            "16560": 15.09,
            "16620": 14.66,
            "16680": 15.09,
            "16740": 15.79,
            "16800": 14.76,
            "16860": 15.58,
            "16920": 15.09,
            "16980": 14.85,
            "17040": 14.14,
            "17160": 15.53,
            "17220": 15.14,
            "17280": 13.84,
            "17340": 13.86,
            "17400": 13.39,
            "17460": 14.45,
            "17520": 14.49,
            "17580": 14.8,
            "17640": 14.85,
            "17700": 15.1,
            "17760": 14.86,
            "17820": 14.4,
            "17880": 15.95,
            "17940": 15.72,
            "18000": 15.8,
            "18060": 14.88,
            "18120": 14.23,
            "18180": 14.85,
            "18240": 15.04,
            "18300": 15.54,
            "18360": 14.69,
            "18420": 14.06,
            "18480": 13.74,
            "18540": 14.15,
            "18600": 13.81,
            "18660": 14.32,
            "18720": 14.61,
            "18780": 14.38,
            "18840": 14.76,
            "18900": 14.02,
            "19020": 13.98,
            "19080": 12.85,
            "19140": 13.84,
            "19200": 14.66,
            "19260": 14.36,
            "19320": 15.3,
            "19380": 15.22,
            "19440": 14.73,
            "19500": 15.33,
            "19560": 15.12,
            "19620": 15.44,
            "19680": 14.98,
            "19740": 15.62,
            "19800": 15.18,
            "19860": 15.38,
            "19920": 15.72,
            "19980": 15.29,
            "20040": 15.41,
            "20100": 14.87,
            "20160": 14.45,
            "20220": 14.1,
            "20280": 13.58,
            "20340": 13.51,
            "20400": 15.31,
            "20460": 15.68,
            "20520": 15.9,
            "20580": 15.93,
            "20640": 15.81,
            "20700": 16.0,
            "20760": 16.19,
            "20820": 16.33,
            "20880": 16.59,
            "20940": 15.77,
            "21000": 15.96,
            "21060": 16.42,
            "21120": 16.51,
            "21180": 16.55,
            "21240": 15.83,
            "21300": 15.67,
            "21360": 15.4,
            "21420": 15.94,
            "21480": 16.09,
            "21540": 15.97,
            "21600": 15.45,
            "21660": 15.38,
            "21720": 14.8,
            "21780": 14.76,
            "21840": 14.77,
            "21900": 14.43,
            "21960": 14.24,
            "22020": 14.57,
            "22080": 14.6,
            "22140": 14.66,
            "22200": 14.59,
            "22260": 14.33,
            "22320": 14.81,
            "22380": 15.14,
            "22440": 14.17,
            "22500": 14.23,
            "22560": 14.29,
            "22620": 14.24,
            "22680": 13.58,
            "22740": 13.1,
            "22800": 14.77,
            "22860": 15.09,
            "22920": 13.73,
            "22980": 15.18,
            "23040": 16.78,
            "23100": 16.4,
            "23160": 14.98,
            "23220": 14.39,
            "23280": 14.23,
            "23340": 13.9,
            "23400": 15.82,
            "23460": 15.52,
            "23520": 14.27,
            "23580": 13.02,
            "23640": 12.55,
            "23700": 13.31,
            "23760": 14.93,
            "23820": 14.36,
            "23880": 14.07,
            "23940": 14.65,
            "24000": 14.85,
            "24060": 14.77,
            "24120": 14.92,
            "24180": 15.16,
            "24240": 14.48,
            "24300": 14.78,
            "24360": 14.98,
            "24420": 14.94,
            "24480": 15.19,
            "24540": 15.25,
            "24600": 15.26,
            "24660": 15.5,
            "24720": 14.95,
            "24780": 14.94,
            "24840": 15.18,
            "24900": 15.26,
            "24960": 15.62,
            "25020": 14.48,
            "25080": 13.7,
            "25140": 14.38,
            "25200": 15.39,
            "25260": 15.33,
            "25320": 15.43,
            "25380": 15.29,
            "25440": 15.45,
            "25500": 14.97,
            "25560": 14.22,
            "25620": 13.14,
            "25680": 12.71,
            "25740": 13.11,
            "25800": 13.96,
            "25860": 14.22,
            "25920": 13.64,
            "25980": 12.33,
            "26040": 13.4,
            "26100": 13.88,
            "26160": 13.34,
            "26220": 14.19,
            "26280": 15.03,
            "26340": 15.39,
            "26400": 15.47,
            "26460": 15.16,
            "26520": 14.31,
            "26580": 14.55,
            "26640": 14.55
        },
        "overallSleepScore": {
            "value": 70,
            "qualifierKey": "FAIR"
        },
        "sleepScores": {
            "totalDuration": {
                "qualifierKey": "FAIR"
            },
            "stress": {
                "qualifierKey": "EXCELLENT"
            },
            "awakeCount": {
                "qualifierKey": "POOR"
            },
            "remPercentage": {
                "qualifierKey": "FAIR"
            },
            "restlessness": {
                "qualifierKey": "FAIR"
            },
            "lightPercentage": {
                "qualifierKey": "FAIR"
            },
            "deepPercentage": {
                "qualifierKey": "FAIR"
            }
        }
    }
]