[
    {
        "userId": "49d85c6a-b8f8-4787-95fa-f145553e59a9",
        "userAccessToken": "7b64f2c3-1572-407f-ac1a-ea3ef127ff2c",
        "summaryId": "x45dba26-6706fd94-7ca3",
        "calendarDate": "2024-10-10",
        "durationInSeconds": 31907,
        "totalNapDurationInSeconds": 0,
        "startTimeInSeconds": 1728511380,
        "startTimeOffsetInSeconds": 7254,
        "unmeasurableSleepInSeconds": 0,
        "deepSleepDurationInSeconds": 5820,
        "lightSleepDurationInSeconds": 15540,
        "remSleepInSeconds": 10547,
        "awakeDurationInSeconds": 360,
        "sleepLevelsMap": {
            "deep": [
                {
                    "startTimeInSeconds": 1728512160,
                    "endTimeInSeconds": 1728513300
                },
                {
                    "startTimeInSeconds": 1728513960,
                    "endTimeInSeconds": 1728514980
                },
                {
                    "startTimeInSeconds": 1728517680,
                    "endTimeInSeconds": 1728519060
                },
                {
                    "startTimeInSeconds": 1728520320,
                    "endTimeInSeconds": 1728520620
                },
                {
                    "startTimeInSeconds": 1728522420,
                    "endTimeInSeconds": 1728524400
                }
            ],
            "light": [
                {
                    "startTimeInSeconds": 1728511380,
                    "endTimeInSeconds": 1728512160
                },
                {
                    "startTimeInSeconds": 1728513360,
                    "endTimeInSeconds": 1728513960
                },
                {
                    "startTimeInSeconds": 1728514980,
                    "endTimeInSeconds": 1728515700
                },
                {
                    "startTimeInSeconds": 1728516060,
                    "endTimeInSeconds": 1728517680
                },
                {
                    "startTimeInSeconds": 1728519060,
                    "endTimeInSeconds": 1728520320
                },
                {
                    "startTimeInSeconds": 1728520680,
                    "endTimeInSeconds": 1728522420
                },
                {
                    "startTimeInSeconds": 1728524520,
                    "endTimeInSeconds": 1728524940
                },
                {
                    "startTimeInSeconds": 1728528060,
                    "endTimeInSeconds": 1728531420
                },
                {
                    "startTimeInSeconds": 1728534360,
                    "endTimeInSeconds": 1728535260
                },
                {
                    "startTimeInSeconds": 1728536640,
                    "endTimeInSeconds": 1728540180
                },
                {
                    "startTimeInSeconds": 1728542220,
                    "endTimeInSeconds": 1728542820
                }
            ],
            "awake": [
                {
                    "startTimeInSeconds": 1728513300,
                    "endTimeInSeconds": 1728513360
                },
                {
                    "startTimeInSeconds": 1728520620,
                    "endTimeInSeconds": 1728520680
                },
                {
                    "startTimeInSeconds": 1728524400,
                    "endTimeInSeconds": 1728524520
                },
                {
                    "startTimeInSeconds": 1728536580,
                    "endTimeInSeconds": 1728536640
                },
                {
                    "startTimeInSeconds": 1728542160,
                    "endTimeInSeconds": 1728542220
                }
            ],
            "rem": [
                {
                    "startTimeInSeconds": 1728515700,
                    "endTimeInSeconds": 1728516060
                },
                {
                    "startTimeInSeconds": 1728524940,
                    "endTimeInSeconds": 1728528060
                },
                {
                    "startTimeInSeconds": 1728531420,
                    "endTimeInSeconds": 1728534360
                },
                {
                    "startTimeInSeconds": 1728535260,
                    "endTimeInSeconds": 1728536580
                },
                {
                    "startTimeInSeconds": 1728540180,
                    "endTimeInSeconds": 1728542160
                },
                {
                    "startTimeInSeconds": 1728542820,
                    "endTimeInSeconds": 1728543647
                }
            ]
        },
        "validation": "ENHANCED_FINAL",
        "timeOffsetSleepSpo2": {
            "60": 94,
            "120": 93,
            "180": 94,
            "240": 93,
            "300": 94,
            "360": 95,
            "420": 94,
            "480": 95,
            "540": 95,
            "600": 95,
            "660": 95,
            "720": 95,
            "780": 95,
            "840": 96,
            "900": 96,
            "960": 95,
            "1020": 95,
            "1080": 95,
            "1140": 95,
            "1200": 95,
            "1260": 95,
            "1320": 95,
            "1380": 96,
            "1440": 95,
            "1500": 96,
            "1560": 95,
            "1620": 95,
            "1680": 95,
            "1740": 96,
            "1800": 96,
            "1860": 94,
            "1920": 94,
            "1980": 94,
            "2040": 94,
            "2100": 94,
            "2160": 94,
            "2220": 94,
            "2280": 94,
            "2340": 94,
            "2400": 94,
            "2460": 94,
            "2520": 94,
            "2580": 94,
            "2640": 94,
            "2700": 94,
            "2760": 94,
            "2820": 94,
            "2880": 94,
            "2940": 94,
            "3000": 94,
            "3060": 94,
            "3120": 94,
            "3180": 94,
            "3240": 94,
            "3300": 94,
            "3360": 93,
            "3420": 92,
            "3480": 90,
            "3540": 92,
            "3600": 95,
            "3660": 95,
            "3720": 96,
            "3780": 96,
            "3840": 95,
            "3900": 96,
            "3960": 94,
            "4020": 95,
            "4080": 96,
            "4140": 95,
            "4200": 96,
            "4260": 96,
            "4320": 95,
            "4380": 94,
            "4440": 94,
            "4500": 94,
            "4560": 94,
            "4620": 95,
            "4680": 94,
            "4740": 94,
            "4800": 94,
            "4860": 94,
            "4920": 94,
            "4980": 94,
            "5040": 94,
            "5100": 94,
            "5160": 94,
            "5220": 94,
            "5280": 95,
            "5340": 95,
            "5400": 94,
            "5460": 94,
            "5520": 94,
            "5580": 94,
            "5640": 94,
            "5700": 94,
            "5760": 94,
            "5820": 94,
            "5880": 92,
            "5940": 93,
            "6000": 94,
            "6060": 94,
            "6120": 94,
            "6180": 94,
            "6240": 94,
            "6300": 94,
            "6360": 94,
            "6420": 94,
            "6480": 94,
            "6540": 94,
            "6600": 94,
            "6660": 94,
            "6720": 94,
            "6780": 94,
            "6840": 94,
            "6900": 94,
            "6960": 94,
            "7020": 94,
            "7080": 94,
            "7140": 94,
            "7200": 94,
            "7260": 94,
            "7320": 95,
            "7380": 94,
            "7440": 94,
            "7500": 95,
            "7560": 95,
            "7620": 95,
            "7680": 95,
            "7740": 95,
            "7800": 92,
            "7860": 79,
            "7920": 78,
            "7980": 78,
            "8040": 78,
            "8100": 78,
            "8160": 78,
            "8220": 78,
            "8280": 79,
            "8340": 94,
            "8400": 95,
            "8460": 95,
            "8520": 94,
            "8580": 94,
            "8640": 94,
            "8700": 94,
            "8760": 94,
            "8820": 93,
            "8880": 93,
            "8940": 93,
            "9000": 93,
            "9060": 93,
            "9120": 95,
            "9180": 95,
            "9240": 94,
            "9300": 94,
            "9360": 94,
            "9420": 94,
            "9480": 94,
            "9540": 94,
            "9600": 94,
            "9660": 94,
            "9720": 94,
            "9780": 93,
            "9840": 95,
            "9900": 94,
            "9960": 94,
            "10020": 94,
            "10080": 94,
            "10140": 95,
            "10200": 95,
            "10260": 94,
            "10320": 94,
            "10380": 94,
            "10440": 94,
            "10500": 94,
            "10560": 94,
            "10620": 94,
            "10680": 95,
            "10740": 97,
            "10800": 97,
            "10860": 97,
            "10920": 97,
            "10980": 97,
            "11040": 97,
            "11100": 97,
            "11160": 98,
            "11220": 98,
            "11280": 98,
            "11340": 98,
            "11400": 97,
            "11460": 98,
            "11520": 98,
            "11580": 98,
            "11640": 97,
            "11700": 98,
            "11760": 98,
            "11820": 98,
            "11880": 98,
            "11940": 98,
            "12000": 98,
            "12060": 98,
            "12120": 97,
            "12180": 98,
            "12240": 95,
            "12300": 99,
            "12360": 99,
            "12420": 99,
            "12480": 99,
            "12540": 99,
            "12600": 99,
            "12660": 99,
            "12720": 99,
            "12780": 99,
            "12840": 95,
            "12900": 95,
            "12960": 95,
            "13020": 97,
            "13080": 96,
            "13140": 96,
            "13200": 97,
            "13260": 98,
            "13320": 98,
            "13380": 99,
            "13440": 99,
            "13500": 99,
            "13560": 99,
            "13620": 99,
            "13680": 99,
            "13740": 99,
            "13800": 99,
            "13860": 99,
            "13920": 99,
            "13980": 99,
            "14040": 99,
            "14100": 96,
            "14160": 94,
            "14220": 95,
            "14280": 95,
            "14340": 96,
            "14400": 96,
            "14460": 95,
            "14520": 96,
            "14580": 96,
            "14640": 95,
            "14700": 95,
            "14760": 95,
            "14820": 95,
            "14880": 95,
            "14940": 94,
            "15000": 94,
            "15060": 95,
            "15120": 95,
            "15180": 95,
            "15240": 95,
            "15300": 95,
            "15360": 95,
            "15420": 95,
            "15480": 95,
            "15540": 95,
            "15600": 95,
            "15660": 95,
            "15720": 95,
            "15780": 95,
            "15840": 95,
            "15900": 95,
            "15960": 95,
            "16020": 95,
            "16080": 95,
            "16140": 95,
            "16200": 95,
            "16260": 95,
            "16320": 95,
            "16380": 95,
            "16440": 95,
            "16500": 95,
            "16560": 94,
            "16620": 93,
            "16680": 93,
            "16740": 93,
            "16800": 93,
            "16860": 93,
            "16920": 93,
            "16980": 93,
            "17040": 93,
            "17100": 92,
            "17160": 92,
            "17220": 93,
            "17280": 93,
            "17340": 93,
            "17400": 93,
            "17460": 93,
            "17520": 93,
            "17580": 95,
            "17640": 95,
            "17700": 94,
            "17760": 94,
            "17820": 94,
            "17880": 94,
            "17940": 95,
            "18000": 95,
            "18060": 94,
            "18120": 94,
            "18180": 94,
            "18240": 94,
            "18300": 95,
            "18360": 95,
            "18420": 95,
            "18480": 95,
            "18540": 95,
            "18600": 95,
            "18660": 95,
            "18720": 95,
            "18780": 95,
            "18840": 95,
            "18900": 95,
            "18960": 95,
            "19020": 95,
            "19080": 95,
            "19140": 95,
            "19200": 95,
            "19260": 95,
            "19320": 95,
            "19380": 96,
            "19440": 95,
            "19500": 94,
            "19560": 95,
            "19620": 94,
            "19680": 95,
            "19740": 95,
            "19800": 95,
            "19860": 95,
            "19920": 95,
            "19980": 94,
            "20040": 95,
            "20100": 94,
            "20160": 95,
            "20220": 95,
            "20280": 95,
            "20340": 95,
            "20400": 88,
            "20460": 89,
            "20520": 89,
            "20580": 89,
            "20640": 89,
            "20700": 89,
            "20760": 89,
            "20820": 89,
            "20880": 89,
            "20940": 89,
            "21000": 89,
            "21060": 95,
            "21120": 95,
            "21180": 95,
            "21240": 95,
            "21300": 95,
            "21360": 95,
            "21420": 95,
            "21480": 96,
            "21540": 96,
            "21600": 94,
            "21660": 93,
            "21720": 88,
            "21780": 86,
            "21840": 87,
            "21900": 87,
            "21960": 95,
            "22020": 94,
            "22080": 94,
            "22140": 95,
            "22200": 94,
            "22260": 94,
            "22320": 93,
            "22380": 94,
            "22440": 94,
            "22500": 94,
            "22560": 94,
            "22620": 94,
            "22680": 94,
            "22740": 95,
            "22800": 94,
            "22860": 94,
            "22920": 95,
            "22980": 94,
            "23040": 95,
            "23100": 95,
            "23160": 95,
            "23220": 95,
            "23280": 95,
            "23340": 95,
            "23400": 95,
            "23460": 95,
            "23520": 96,
            "23580": 95,
            "23640": 94,
            "23700": 94,
            "23760": 94,
            "23820": 95,
            "23880": 94,
            "23940": 94,
            "24000": 95,
            "24060": 94,
            "24120": 95,
            "24180": 93,
            "24240": 96,
            "24300": 95,
            "24360": 95,
            "24420": 95,
            "24480": 95,
            "24540": 95,
            "24600": 94,
            "24660": 94,
            "24720": 96,
            "24780": 96,
            "24840": 96,
            "24900": 96,
            "24960": 97,
            "25020": 98,
            "25080": 97,
            "25140": 96,
            "25200": 96,
            "25260": 95,
            "25320": 95,
            "25380": 95,
            "25440": 95,
            "25500": 95,
            "25560": 95,
            "25620": 95,
            "25680": 95,
            "25740": 95,
            "25800": 95,
            "25860": 95,
            "25920": 95,
            "25980": 95,
            "26040": 95,
            "26100": 95,
            "26160": 95,
            "26220": 95,
            "26280": 95,
            "26340": 95,
            "26400": 95,
            "26460": 95,
            "26520": 95,
            "26580": 95,
            "26640": 96,
            "26700": 96,
            "26760": 92,
            "26820": 93,
            "26880": 93,
            "26940": 93,
            "27000": 92,
            "27060": 92,
            "27120": 90,
            "27180": 90,
            "27240": 90,
            "27300": 90,
            "27360": 90,
            "27420": 90,
            "27480": 90,
            "27540": 98,
            "27600": 98,
            "27660": 98,
            "27720": 99,
            "27780": 99,
            "27840": 99,
            "27900": 100,
            "27960": 100,
            "28020": 100,
            "28080": 94,
            "28140": 95,
            "28200": 95,
            "28260": 95,
            "28320": 95,
            "28380": 95,
            "28440": 95,
            "28500": 95,
            "28560": 97,
            "28620": 96,
            "28680": 96,
            "28740": 96,
            "28800": 96,
            "28860": 96,
            "28920": 96,
            "28980": 96,
            "29040": 96,
            "29100": 96,
            "29160": 96,
            "29220": 96,
            "29280": 96,
            "29340": 96,
            "29400": 96,
            "29460": 96,
            "29520": 96,
            "29580": 96,
            "29640": 96,
            "29700": 96,
            "29760": 96,
            "29820": 96,
            "29880": 96,
            "29940": 96,
            "30000": 95,
            "30060": 95,
            "30120": 95,
            "30180": 95,
            "30240": 95,
            "30300": 95,
            "30360": 95,
            "30420": 95,
            "30480": 95,
            "30540": 95,
            "30600": 95,
            "30660": 95,
            "30720": 95,
            "30840": 95,
            "30900": 95,
            "30960": 95,
            "31020": 95,
            "31080": 95,
            "31140": 95,
            "31200": 95,
            "31260": 95,
            "31320": 95,
            "31380": 95,
            "31440": 95,
            "31500": 95,
            "31560": 94,
            "31620": 94,
            "31680": 94,
            "31740": 94,
            "31800": 94,
            "31860": 94,
            "31920": 94,
            "31980": 94,
            "32040": 94,
            "32100": 94,
            "32160": 94
        },
        "timeOffsetSleepRespiration": {
            "60": 15.93,
            "120": 15.16,
            "180": 14.07,
            "240": 13.74,
            "300": 14.02,
            "360": 13.56,
            "420": 13.26,
            "480": 13.44,
            "540": 13.78,
            "600": 13.74,
            "660": 14.03,
            "720": 13.37,
            "780": 13.44,
            "840": 12.78,
            "900": 13.22,
            "960": 13.69,
            "1020": 13.58,
            "1080": 14.18,
            "1140": 13.94,
            "1200": 14.49,
            "1260": 14.23,
            "1320": 14.98,
            "1380": 15.18,
            "1440": 14.73,
            "1500": 16.05,
            "1560": 15.45,
            "1620": 14.15,
            "1680": 14.15,
            "1740": 14.38,
            "1800": 13.7,
            "1860": 14.1,
            "1920": 13.95,
            "1980": 13.32,
            "2040": 13.6,
            "2100": 13.5,
            "2160": 12.63,
            "2220": 12.75,
            "2280": 13.4,
            "2340": 12.8,
            "2400": 12.82,
            "2460": 13.14,
            "2520": 13.98,
            "2580": 13.3,
            "2640": 13.46,
            "2700": 13.61,
            "2760": 13.02,
            "2820": 12.71,
            "2880": 13.74,
            "2940": 13.94,
            "3000": 14.48,
            "3060": 14.35,
            "3120": 13.45,
            "3180": 14.27,
            "3240": 13.94,
            "3300": 13.77,
            "3360": 14.08,
            "3420": 12.99,
            "3480": 13.34,
            "3540": 13.26,
            "3600": 13.5,
            "3660": 14.07,
            "3720": 14.02,
            "3780": 14.41,
            "3840": 14.57,
            "3900": 13.86,
            "3960": 14.95,
            "4020": 14.14,
            "4080": 14.22,
            "4140": 15.03,
            "4200": 15.63,
            "4260": 15.34,
            "4320": 15.81,
            "4380": 15.32,
            "4440": 13.62,
            "4500": 13.6,
            "4560": 14.78,
            "4620": 15.63,
            "4680": 15.02,
            "4740": 13.86,
            "4800": 15.36,
            "4860": 16.17,
            "4920": 14.49,
            "4980": 15.03,
            "5040": 14.91,
            "5100": 14.23,
            "5160": 14.12,
            "5220": 13.98,
            "5280": 14.66,
            "5340": 14.97,
            "5400": 14.29,
            "5460": 14.26,
            "5520": 16.16,
            "5580": 16.42,
            "5640": 14.55,
            "5700": 13.87,
            "5760": 14.5,
            "5820": 14.55,
            "5880": 14.36,
            "5940": 13.52,
            "6000": 13.33,
            "6060": 15.26,
            "6120": 15.3,
            "6180": 14.91,
            "6240": 15.47,
            "6300": 15.07,
            "6360": 14.8,
            "6420": 15.49,
            "6480": 15.84,
            "6540": 15.79,
            "6600": 15.95,
            "6660": 15.67,
            "6720": 15.86,
            "6780": 15.42,
            "6840": 16.37,
            "6900": 15.55,
            "6960": 16.21,
            "7020": 15.77,
            "7080": 15.63,
            "7140": 14.88,
            "7200": 15.4,
            "7260": 15.87,
            "7320": 15.56,
            "7380": 16.35,
            "7440": 16.0,
            "7500": 15.18,
            "7560": 14.36,
            "7620": 14.34,
            "7680": 14.88,
            "7740": 14.52,
            "7800": 15.32,
            "7860": 15.77,
            "7920": 15.63,
            "7980": 15.67,
            "8040": 15.75,
            "8100": 15.69,
            "8160": 15.72,
            "8220": 15.67,
            "8280": 15.35,
            "8340": 14.75,
            "8400": 16.05,
            "8460": 15.6,
            "8520": 17.99,
            "8580": 20.23,
            "8640": 20.32,
            "8700": 20.04,
            "8760": 18.45,
            "8820": 16.5,
            "8880": 16.75,
            "8940": 16.97,
            "9000": 18.0,
            "9060": 18.65,
            "9120": 18.94,
            "9180": 19.38,
            "9240": 18.4,
            "9300": 17.57,
            "9360": 15.25,
            "9420": 14.54,
            "9480": 13.86,
            "9540": 14.56,
            "9600": 14.6,
            "9660": 15.46,
            "9720": 15.42,
            "9780": 14.78,
            "9840": 14.85,
            "9900": 14.58,
            "9960": 14.31,
            "10020": 13.57,
            "10080": 13.38,
            "10140": 13.02,
            "10200": 13.6,
            "10260": 14.79,
            "10320": 14.05,
            "10380": 13.45,
            "10440": 13.6,
            "10500": 13.1,
            "10560": 13.45,
            "10620": 13.49,
            "10680": 13.68,
            "10740": 13.85,
            "10800": 13.7,
            "10860": 13.46,
            "10920": 13.99,
            "10980": 13.66,
            "11040": 13.5,
            "11100": 13.48,
            "11160": 14.71,
            "11220": 14.67,
            "11280": 15.1,
            "11340": 15.0,
            "11400": 15.12,
            "11460": 15.78,
            "11520": 15.97,
            "11580": 15.92,
            "11640": 16.28,
            "11700": 16.08,
            "11760": 16.02,
            "11820": 16.38,
            "11880": 16.62,
            "11940": 16.03,
            "12000": 16.22,
            "12060": 16.3,
            "12120": 16.75,
            "12180": 16.27,
            "12240": 16.38,
            "12300": 16.04,
            "12360": 14.74,
            "12420": 14.31,
            "12480": 13.62,
            "12540": 13.18,
            "12600": 13.89,
            "12660": 15.25,
            "12720": 14.65,
            "12780": 13.73,
            "12840": 13.23,
            "12900": 13.73,
            "12960": 13.23,
            "13020": 14.02,
            "13080": 14.29,
            "13140": 13.96,
            "13200": 14.38,
            "13260": 14.06,
            "13320": 13.64,
            "13380": 13.87,
            "13440": 13.91,
            "13500": 14.24,
            "13560": 13.8,
            "13620": 13.48,
            "13680": 12.97,
            "13740": 12.47,
            "13800": 14.24,
            "13860": 14.75,
            "13920": 15.37,
            "13980": 14.92,
            "14040": 14.44,
            "14100": 14.59,
            "14160": 14.81,
            "14220": 14.67,
            "14280": 15.11,
            "14340": 14.61,
            "14400": 14.24,
            "14460": 13.88,
            "14520": 13.89,
            "14580": 15.01,
            "14640": 15.24,
            "14700": 15.16,
            "14760": 14.13,
            "14820": 13.49,
            "14880": 12.71,
            "14940": 13.39,
            "15000": 13.97,
            "15060": 13.5,
            "15120": 13.61,
            "15180": 14.01,
            "15240": 14.25,
            "15300": 14.47,
            "15360": 14.46,
            "15420": 14.04,
            "15480": 14.57,
            "15540": 14.73,
            "15600": 14.51,
            "15660": 14.16,
            "15720": 15.65,
            "15780": 15.17,
            "15840": 15.4,
            "15900": 15.85,
            "15960": 15.93,
            "16020": 15.22,
            "16080": 15.25,
            "16140": 14.73,
            "16200": 13.94,
            "16260": 13.73,
            "16320": 14.45,
            "16380": 14.6,
            "16440": 14.99,
            "16500": 15.38,
            "16560": 15.49,
            "16620": 15.17,
            "16680": 14.77,
            "16740": 14.62,
            "16800": 17.66,
            "16860": 18.83,
            "16920": 18.25,
            "16980": 19.09,
            "17040": 19.36,
            "17100": 19.87,
            "17160": 20.7,
            "17220": 21.89,
            "17280": 22.01,
            "17340": 20.71,
            "17400": 20.31,
            "17460": 20.57,
            "17520": 20.22,
            "17580": 17.98,
            "17640": 18.04,
            "17700": 18.26,
            "17760": 17.19,
            "17820": 16.57,
            "17880": 17.43,
            "17940": 17.68,
            "18000": 17.97,
            "18060": 17.28,
            "18120": 16.77,
            "18180": 16.82,
            "18240": 16.17,
            "18300": 15.89,
            "18360": 15.65,
            "18420": 15.36,
            "18480": 14.34,
            "18540": 14.62,
            "18600": 14.29,
            "18660": 14.57,
            "18720": 14.84,
            "18780": 15.23,
            "18840": 15.5,
            "18900": 15.16,
            "18960": 14.61,
            "19020": 14.96,
            "19080": 15.33,
            "19140": 14.94,
            "19200": 15.18,
            "19260": 14.87,
            "19320": 14.5,
            "19380": 15.12,
            "19440": 15.19,
            "19500": 14.49,
            "19560": 14.44,
            "19620": 14.41,
            "19680": 14.37,
            "19740": 14.29,
            "19800": 14.77,
            "19860": 14.07,
            "19920": 14.06,
            "19980": 14.42,
            "20040": 14.87,
            "20100": 14.44,
            "20160": 14.61,
            "20220": 14.45,
            "20280": 13.81,
            "20340": 13.74,
            "20400": 14.11,
            "20460": 13.66,
            "20520": 13.34,
            "20580": 12.7,
            "20640": 12.96,
            "20700": 13.1,
            "20760": 13.14,
            "20820": 13.29,
            "20880": 12.95,
            "20940": 12.98,
            "21000": 12.86,
            "21060": 12.81,
            "21120": 13.38,
            "21180": 13.24,
            "21240": 13.25,
            "21300": 13.19,
            "21360": 13.81,
            "21420": 13.62,
            "21480": 13.19,
            "21540": 13.48,
            "21600": 13.68,
            "21660": 13.26,
            "21720": 12.56,
            "21780": 13.34,
            "21840": 15.75,
            "21900": 15.24,
            "21960": 14.47,
            "22020": 14.23,
            "22080": 17.17,
            "22140": 17.71,
            "22200": 17.38,
            "22260": 16.15,
            "22320": 14.94,
            "22380": 14.94,
            "22440": 15.8,
            "22500": 16.86,
            "22560": 16.75,
            "22680": 14.52,
            "22740": 13.47,
            "22800": 14.18,
            "22860": 14.67,
            "22920": 13.82,
            "22980": 14.76,
            "23040": 13.99,
            "23100": 13.55,
            "23160": 14.93,
            "23220": 14.24,
            "23280": 14.5,
            "23340": 14.33,
            "23400": 14.2,
            "23460": 13.56,
            "23520": 13.96,
            "23580": 13.55,
            "23640": 13.29,
            "23700": 13.43,
            "23760": 13.25,
            "23820": 13.51,
            "23880": 13.64,
            "23940": 13.2,
            "24000": 13.29,
            "24060": 13.65,
            "24120": 13.66,
            "24180": 13.76,
            "24240": 14.04,
            "24300": 13.09,
            "24360": 13.47,
            "24420": 14.76,
            "24480": 14.18,
            "24540": 13.53,
            "24600": 13.34,
            "24660": 13.55,
            "24720": 14.19,
            "24780": 15.04,
            "24840": 14.23,
            "24900": 13.65,
            "24960": 13.84,
            "25020": 14.18,
            "25080": 14.03,
            "25140": 14.56,
            "25200": 14.72,
            "25260": 13.78,
            "25320": 13.98,
            "25380": 14.25,
            "25440": 14.76,
            "25500": 14.71,
            "25560": 13.31,
            "25620": 13.54,
            "25680": 14.05,
            "25740": 12.95,
            "25800": 11.1,
            "25860": 10.11,
            "25920": 10.7,
            "25980": 10.59,
            "26040": 10.39,
            "26100": 10.04,
            "26160": 9.29,
            "26220": 9.78,
            "26280": 11.43,
            "26340": 11.53,
            "26400": 10.6,
            "26460": 10.35,
            "26520": 9.98,
            "26580": 8.91,
            "26640": 9.17,
            "26700": 10.21,
            "26760": 10.7,
            "26820": 10.9,
            "26880": 11.31,
            "26940": 12.36,
            "27000": 13.39,
            "27060": 12.74,
            "27120": 12.78,
            "27180": 12.76,
            "27240": 12.29,
            "27300": 13.03,
            "27360": 12.38,
            "27420": 13.15,
            "27480": 15.45,
            "27540": 15.9,
            "27600": 15.47,
            "27660": 14.76,
            "27720": 15.01,
            "27780": 14.41,
            "27840": 14.46,
            "27900": 13.1,
            "27960": 12.5,
            "28020": 13.37,
            "28080": 14.17,
            "28140": 13.93,
            "28200": 13.17,
            "28260": 13.42,
            "28320": 13.37,
            "28380": 14.12,
            "28440": 14.66,
            "28500": 14.76,
            "28560": 14.51,
            "28620": 13.39,
            "28680": 13.53,
            "28740": 13.52,
            "28800": 13.41,
            "28860": 12.02,
            "28920": 10.13,
            "28980": 10.61,
            "29040": 11.29,
            "29100": 10.98,
            "29160": 11.36,
            "29220": 12.81,
            "29280": 14.28,
            "29340": 14.16,
            "29400": 13.89,
            "29460": 13.92,
            "29520": 13.92,
            "29580": 13.43,
            "29640": 13.2,
            "29700": 13.47,
            "29760": 13.82,
            "29820": 13.55,
            "29880": 13.21,
            "29940": 14.22,
            "30000": 14.31,
            "30060": 13.91,
            "30120": 13.97,
            "30180": 14.2,
            "30240": 14.63,
            "30300": 14.45,
            "30360": 15.13,
            "30420": 15.84,
            "30480": 16.44,
            "30540": 16.3,
            "30600": 16.69,
            "30660": 17.11,
            "30720": 17.88,
            "30780": 16.92,
            "30840": 15.99,
            "30900": 15.06,
            "30960": 14.36,
            "31020": 14.31,
            "31080": 13.74,
            "31140": 13.85,
            "31200": 13.78,
            "31260": 14.33,
            "31320": 14.09,
            "31380": 13.7,
            "31440": 13.79,
            "31500": 13.68,
            "31560": 13.74,
            "31620": 13.43,
            "31680": 12.76,
            "31740": 11.35,
            "31800": 11.22,
            "31860": 11.06,
            "31920": 10.69,
            "31980": 11.69,
            "32040": 11.54,
            "32100": 10.23,
            "32160": 9.34,
            "32220": 9.44
        },
        "overallSleepScore": {
            "value": 94,
            "qualifierKey": "EXCELLENT"
        },
        "sleepScores": {
            "totalDuration": {
                "qualifierKey": "EXCELLENT"
            },
            "stress": {
                "qualifierKey": "EXCELLENT"
            },
            "awakeCount": {
                "qualifierKey": "EXCELLENT"
            },
            "remPercentage": {
                "qualifierKey": "FAIR"
            },
            "restlessness": {
                "qualifierKey": "EXCELLENT"
            },
            "lightPercentage": {
                "qualifierKey": "EXCELLENT"
            },
            "deepPercentage": {
                "qualifierKey": "EXCELLENT"
            }
        }
    }
]