[
    {
        "userId": "49d85c6a-b8f8-4787-95fa-f145553e59a9",
        "userAccessToken": "7b64f2c3-1572-407f-ac1a-ea3ef127ff2c",
        "summaryId": "x45dba26-6709a88c-6d72",
        "calendarDate": "2024-10-12",
        "durationInSeconds": 28018,
        "totalNapDurationInSeconds": 0,
        "startTimeInSeconds": 1728686220,
        "startTimeOffsetInSeconds": 7254,
        "unmeasurableSleepInSeconds": 720,
        "deepSleepDurationInSeconds": 3480,
        "lightSleepDurationInSeconds": 20998,
        "remSleepInSeconds": 2820,
        "awakeDurationInSeconds": 4260,
        "sleepLevelsMap": {
            "deep": [
                {
                    "startTimeInSeconds": 1728686820,
                    "endTimeInSeconds": 1728688260
                },
                {
                    "startTimeInSeconds": 1728690420,
                    "endTimeInSeconds": 1728691020
                },
                {
                    "startTimeInSeconds": 1728695760,
                    "endTimeInSeconds": 1728696240
                },
                {
                    "startTimeInSeconds": 1728699600,
                    "endTimeInSeconds": 1728700020
                },
                {
                    "startTimeInSeconds": 1728700920,
                    "endTimeInSeconds": 1728701460
                }
            ],
            "light": [
                {
                    "startTimeInSeconds": 1728686220,
                    "endTimeInSeconds": 1728686820
                },
                {
                    "startTimeInSeconds": 1728688680,
                    "endTimeInSeconds": 1728690060
                },
                {
                    "startTimeInSeconds": 1728690120,
                    "endTimeInSeconds": 1728690420
                },
                {
                    "startTimeInSeconds": 1728691260,
                    "endTimeInSeconds": 1728693780
                },
                {
                    "startTimeInSeconds": 1728694560,
                    "endTimeInSeconds": 1728695760
                },
                {
                    "startTimeInSeconds": 1728696240,
                    "endTimeInSeconds": 1728696600
                },
                {
                    "startTimeInSeconds": 1728696660,
                    "endTimeInSeconds": 1728697320
                },
                {
                    "startTimeInSeconds": 1728697680,
                    "endTimeInSeconds": 1728699600
                },
                {
                    "startTimeInSeconds": 1728700080,
                    "endTimeInSeconds": 1728700920
                },
                {
                    "startTimeInSeconds": 1728701580,
                    "endTimeInSeconds": 1728702840
                },
                {
                    "startTimeInSeconds": 1728702900,
                    "endTimeInSeconds": 1728704820
                },
                {
                    "startTimeInSeconds": 1728705180,
                    "endTimeInSeconds": 1728706680
                },
                {
                    "startTimeInSeconds": 1728706740,
                    "endTimeInSeconds": 1728709020
                },
                {
                    "startTimeInSeconds": 1728711000,
                    "endTimeInSeconds": 1728711540
                },
                {
                    "startTimeInSeconds": 1728712080,
                    "endTimeInSeconds": 1728712800
                },
                {
                    "startTimeInSeconds": 1728713880,
                    "endTimeInSeconds": 1728714240
                },
                {
                    "startTimeInSeconds": 1728715860,
                    "endTimeInSeconds": 1728718498
                }
            ],
            "awake": [
                {
                    "startTimeInSeconds": 1728688260,
                    "endTimeInSeconds": 1728688680
                },
                {
                    "startTimeInSeconds": 1728690060,
                    "endTimeInSeconds": 1728690120
                },
                {
                    "startTimeInSeconds": 1728691020,
                    "endTimeInSeconds": 1728691260
                },
                {
                    "startTimeInSeconds": 1728693780,
                    "endTimeInSeconds": 1728694560
                },
                {
                    "startTimeInSeconds": 1728696600,
                    "endTimeInSeconds": 1728696660
                },
                {
                    "startTimeInSeconds": 1728700020,
                    "endTimeInSeconds": 1728700080
                },
                {
                    "startTimeInSeconds": 1728701460,
                    "endTimeInSeconds": 1728701580
                },
                {
                    "startTimeInSeconds": 1728702840,
                    "endTimeInSeconds": 1728702900
                },
                {
                    "startTimeInSeconds": 1728704820,
                    "endTimeInSeconds": 1728705180
                },
                {
                    "startTimeInSeconds": 1728706680,
                    "endTimeInSeconds": 1728706740
                },
                {
                    "startTimeInSeconds": 1728710940,
                    "endTimeInSeconds": 1728711000
                },
                {
                    "startTimeInSeconds": 1728713520,
                    "endTimeInSeconds": 1728713880
                },
                {
                    "startTimeInSeconds": 1728714240,
                    "endTimeInSeconds": 1728715860
                }
            ],
            "rem": [
                {
                    "startTimeInSeconds": 1728697320,
                    "endTimeInSeconds": 1728697680
                },
                {
                    "startTimeInSeconds": 1728709020,
                    "endTimeInSeconds": 1728710940
                },
                {
                    "startTimeInSeconds": 1728711540,
                    "endTimeInSeconds": 1728712080
                }
            ],
            "unmeasurable": [
                {
                    "startTimeInSeconds": 1728712800,
                    "endTimeInSeconds": 1728713520
                }
            ]
        },
        "validation": "ENHANCED_FINAL",
        "timeOffsetSleepSpo2": {
            "60": 94,
            "120": 94,
            "180": 93,
            "240": 94,
            "300": 93,
            "360": 94,
            "420": 93,
            "480": 94,
            "540": 94,
            "600": 94,
            "660": 94,
            "720": 95,
            "780": 94,
            "840": 94,
            "900": 94,
            "960": 95,
            "1020": 94,
            "1080": 94,
            "1140": 93,
            "1200": 94,
            "1260": 94,
            "1320": 94,
            "1380": 93,
            "1440": 94,
            "1500": 94,
            "1560": 94,
            "1620": 94,
            "1680": 94,
            "1740": 94,
            "1800": 94,
            "1860": 94,
            "1920": 94,
            "1980": 94,
            "2040": 93,
            "2100": 93,
            "2160": 93,
            "2220": 94,
            "2280": 94,
            "2340": 93,
            "2400": 93,
            "2460": 91,
            "2520": 91,
            "2580": 92,
            "2640": 92,
            "2700": 92,
            "2760": 91,
            "2820": 91,
            "2880": 92,
            "2940": 93,
            "3000": 93,
            "3060": 91,
            "3120": 92,
            "3180": 92,
            "3240": 93,
            "3300": 91,
            "3360": 93,
            "3420": 94,
            "3480": 94,
            "3540": 94,
            "3600": 94,
            "3660": 94,
            "3720": 94,
            "3780": 93,
            "3840": 93,
            "3900": 93,
            "3960": 93,
            "4020": 93,
            "4080": 93,
            "4140": 92,
            "4200": 92,
            "4260": 93,
            "4320": 92,
            "4380": 92,
            "4440": 92,
            "4500": 92,
            "4560": 92,
            "4620": 93,
            "4680": 92,
            "4740": 92,
            "4800": 90,
            "4860": 91,
            "4920": 94,
            "4980": 94,
            "5040": 94,
            "5100": 94,
            "5160": 94,
            "5220": 92,
            "5280": 92,
            "5340": 93,
            "5400": 96,
            "5460": 92,
            "5520": 91,
            "5580": 91,
            "5640": 90,
            "5700": 91,
            "5760": 92,
            "5820": 92,
            "5880": 92,
            "5940": 92,
            "6000": 91,
            "6060": 92,
            "6120": 95,
            "6180": 95,
            "6240": 95,
            "6300": 93,
            "6360": 92,
            "6420": 89,
            "6480": 89,
            "6540": 90,
            "6600": 90,
            "6660": 92,
            "6720": 89,
            "6780": 91,
            "6840": 92,
            "6900": 91,
            "6960": 91,
            "7020": 91,
            "7080": 91,
            "7140": 91,
            "7200": 92,
            "7260": 92,
            "7320": 94,
            "7380": 93,
            "7440": 94,
            "7500": 93,
            "7560": 94,
            "7620": 94,
            "7680": 92,
            "7740": 94,
            "7800": 94,
            "7860": 93,
            "7920": 93,
            "7980": 94,
            "8040": 95,
            "8100": 93,
            "8160": 93,
            "8220": 93,
            "8280": 92,
            "8340": 92,
            "8400": 92,
            "8460": 93,
            "8520": 93,
            "8580": 93,
            "8640": 93,
            "8700": 93,
            "8760": 93,
            "8820": 93,
            "8880": 93,
            "8940": 93,
            "9000": 93,
            "9060": 93,
            "9120": 94,
            "9180": 93,
            "9240": 93,
            "9300": 92,
            "9360": 93,
            "9420": 93,
            "9480": 93,
            "9540": 93,
            "9600": 93,
            "9660": 92,
            "9720": 93,
            "9780": 93,
            "9840": 93,
            "9900": 93,
            "9960": 93,
            "10020": 94,
            "10080": 93,
            "10140": 94,
            "10200": 94,
            "10260": 93,
            "10320": 92,
            "10380": 94,
            "10440": 92,
            "10500": 93,
            "10560": 93,
            "10620": 93,
            "10680": 93,
            "10740": 94,
            "10800": 93,
            "10860": 94,
            "10920": 92,
            "10980": 92,
            "11040": 93,
            "11100": 93,
            "11160": 94,
            "11220": 94,
            "11280": 95,
            "11340": 93,
            "11400": 94,
            "11460": 96,
            "11520": 96,
            "11580": 95,
            "11640": 93,
            "11700": 94,
            "11760": 93,
            "11820": 93,
            "11880": 93,
            "11940": 92,
            "12000": 93,
            "12060": 93,
            "12120": 93,
            "12180": 93,
            "12240": 92,
            "12300": 92,
            "12360": 94,
            "12420": 93,
            "12480": 93,
            "12540": 93,
            "12600": 93,
            "12660": 93,
            "12720": 92,
            "12780": 93,
            "12840": 94,
            "12900": 93,
            "12960": 93,
            "13020": 93,
            "13080": 94,
            "13140": 93,
            "13200": 93,
            "13260": 95,
            "13320": 93,
            "13380": 95,
            "13440": 94,
            "13500": 94,
            "13560": 94,
            "13620": 94,
            "13680": 93,
            "13740": 92,
            "13800": 93,
            "13860": 94,
            "13920": 94,
            "13980": 95,
            "14040": 94,
            "14100": 93,
            "14160": 95,
            "14220": 94,
            "14280": 95,
            "14340": 94,
            "14400": 94,
            "14460": 94,
            "14520": 95,
            "14580": 95,
            "14640": 95,
            "14700": 94,
            "14760": 94,
            "14820": 94,
            "14880": 95,
            "14940": 94,
            "15000": 94,
            "15060": 94,
            "15120": 95,
            "15180": 95,
            "15240": 95,
            "15300": 94,
            "15360": 94,
            "15420": 93,
            "15480": 94,
            "15540": 94,
            "15600": 94,
            "15660": 94,
            "15720": 94,
            "15780": 94,
            "15840": 95,
            "15900": 94,
            "15960": 95,
            "16020": 94,
            "16080": 93,
            "16140": 95,
            "16200": 95,
            "16260": 94,
            "16320": 94,
            "16380": 94,
            "16440": 95,
            "16500": 96,
            "16560": 93,
            "16620": 94,
            "16680": 95,
            "16740": 95,
            "16800": 94,
            "16860": 94,
            "16920": 93,
            "16980": 94,
            "17040": 94,
            "17100": 96,
            "17160": 96,
            "17220": 95,
            "17280": 94,
            "17340": 95,
            "17400": 94,
            "17460": 95,
            "17520": 94,
            "17580": 95,
            "17640": 94,
            "17700": 94,
            "17760": 94,
            "17820": 91,
            "17880": 94,
            "17940": 94,
            "18000": 95,
            "18060": 95,
            "18120": 95,
            "18180": 94,
            "18240": 95,
            "18300": 93,
            "18360": 94,
            "18420": 94,
            "18480": 92,
            "18540": 92,
            "18600": 91,
            "18660": 91,
            "18720": 93,
            "18780": 93,
            "18840": 92,
            "18900": 93,
            "18960": 93,
            "19020": 93,
            "19080": 94,
            "19140": 94,
            "19200": 94,
            "19260": 94,
            "19320": 94,
            "19380": 94,
            "19440": 94,
            "19500": 94,
            "19560": 94,
            "19620": 94,
            "19680": 94,
            "19740": 94,
            "19800": 94,
            "19860": 95,
            "19920": 94,
            "19980": 94,
            "20040": 94,
            "20100": 96,
            "20160": 95,
            "20220": 95,
            "20280": 95,
            "20340": 96,
            "20400": 97,
            "20460": 96,
            "20520": 93,
            "20580": 94,
            "20640": 95,
            "20700": 96,
            "20760": 97,
            "20820": 96,
            "20880": 98,
            "20940": 95,
            "21000": 95,
            "21060": 93,
            "21120": 91,
            "21180": 92,
            "21240": 92,
            "21300": 92,
            "21360": 92,
            "21420": 92,
            "21480": 92,
            "21540": 92,
            "21600": 90,
            "21660": 88,
            "21720": 89,
            "21780": 90,
            "21840": 90,
            "21900": 89,
            "21960": 89,
            "22020": 90,
            "22080": 86,
            "22140": 87,
            "22200": 91,
            "22260": 93,
            "22320": 93,
            "22380": 92,
            "22440": 91,
            "22500": 91,
            "22560": 91,
            "22620": 93,
            "22680": 95,
            "22740": 95,
            "22800": 95,
            "22860": 95,
            "22920": 94,
            "22980": 95,
            "23040": 95,
            "23100": 96,
            "23160": 93,
            "23220": 95,
            "23280": 95,
            "23340": 95,
            "23400": 94,
            "23460": 94,
            "23520": 94,
            "23580": 94,
            "23640": 92,
            "23700": 95,
            "23760": 94,
            "23820": 93,
            "23880": 92,
            "23940": 93,
            "24000": 92,
            "24060": 93,
            "24120": 93,
            "24180": 93,
            "24240": 94,
            "24300": 95,
            "24360": 93,
            "24420": 94,
            "24480": 94,
            "24540": 94,
            "24600": 91,
            "24660": 90,
            "24720": 95,
            "24780": 96,
            "24840": 96,
            "24900": 97,
            "24960": 97,
            "25020": 95,
            "25080": 95,
            "25140": 94,
            "25200": 94,
            "25260": 95,
            "25320": 96,
            "25380": 96,
            "25440": 96,
            "25500": 96,
            "25560": 96,
            "25620": 96,
            "25680": 97,
            "25740": 95,
            "25800": 96,
            "25860": 96,
            "25920": 96,
            "25980": 96,
            "26040": 96,
            "26100": 96,
            "26160": 95,
            "26220": 96,
            "26280": 96,
            "26340": 96,
            "26400": 96,
            "26460": 96,
            "26520": 96,
            "26580": 95,
            "26640": 95,
            "26700": 95,
            "26760": 95,
            "26820": 95,
            "26880": 95,
            "26940": 95,
            "27000": 95,
            "27060": 95,
            "27120": 95,
            "27180": 95,
            "27240": 95,
            "27300": 95,
            "27360": 95,
            "27420": 95,
            "27540": 95,
            "27840": 95,
            "27900": 95,
            "27960": 96,
            "28020": 96,
            "28080": 96,
            "28140": 96,
            "28200": 96,
            "28260": 96,
            "28320": 96,
            "28380": 96,
            "28500": 96,
            "28560": 96,
            "28620": 96,
            "28680": 96,
            "28740": 96,
            "28800": 96,
            "28860": 96,
            "28920": 96,
            "28980": 96,
            "29040": 96,
            "29100": 96,
            "29160": 95,
            "29220": 95,
            "29280": 95,
            "29340": 95,
            "29400": 95,
            "29460": 95,
            "29580": 95,
            "29640": 95,
            "29700": 95,
            "29760": 95,
            "29820": 95,
            "29880": 95,
            "29940": 95,
            "30000": 95,
            "30060": 95,
            "30120": 95,
            "30180": 95,
            "30240": 95,
            "30300": 95,
            "30360": 95,
            "30420": 95,
            "30480": 95,
            "30540": 95,
            "30600": 95,
            "30660": 95,
            "30720": 95,
            "30780": 95,
            "30840": 95,
            "30900": 95,
            "30960": 95,
            "31020": 95,
            "31080": 95,
            "31140": 95,
            "31200": 94,
            "31260": 94,
            "31320": 94,
            "31380": 94,
            "31440": 94,
            "31500": 94,
            "31560": 94,
            "31620": 94,
            "31680": 94,
            "31740": 94,
            "31800": 94,
            "31860": 94,
            "31920": 94,
            "31980": 93,
            "32040": 93,
            "32160": 93
        },
        "timeOffsetSleepRespiration": {
            "60": 14.29,
            "120": 15.16,
            "180": 15.75,
            "240": 16.13,
            "300": 16.79,
            "360": 17.27,
            "420": 17.74,
            "480": 16.96,
            "540": 17.06,
            "600": 16.99,
            "660": 16.82,
            "720": 17.34,
            "780": 16.85,
            "840": 16.55,
            "900": 15.52,
            "960": 17.18,
            "1020": 16.62,
            "1080": 16.77,
            "1140": 16.67,
            "1200": 16.54,
            "1260": 15.75,
            "1320": 16.98,
            "1380": 16.92,
            "1440": 16.8,
            "1500": 16.43,
            "1560": 15.24,
            "1620": 16.94,
            "1680": 16.34,
            "1740": 16.69,
            "1800": 17.04,
            "1860": 16.17,
            "1920": 17.27,
            "1980": 16.29,
            "2040": 16.17,
            "2100": 14.83,
            "2160": 15.03,
            "2220": 14.74,
            "2280": 15.8,
            "2340": 15.8,
            "2400": 15.9,
            "2460": 14.93,
            "2520": 15.1,
            "2580": 15.15,
            "2640": 14.83,
            "2700": 16.15,
            "2760": 17.26,
            "2820": 16.33,
            "2880": 15.84,
            "2940": 16.0,
            "3000": 17.41,
            "3060": 17.07,
            "3120": 16.83,
            "3180": 16.89,
            "3240": 16.19,
            "3300": 15.72,
            "3360": 16.24,
            "3420": 16.28,
            "3480": 15.61,
            "3540": 15.41,
            "3600": 16.29,
            "3660": 16.37,
            "3720": 15.9,
            "3780": 15.76,
            "3840": 16.65,
            "3900": 16.14,
            "3960": 15.26,
            "4020": 15.0,
            "4080": 16.47,
            "4140": 16.5,
            "4200": 16.69,
            "4260": 16.78,
            "4320": 16.68,
            "4380": 16.4,
            "4440": 16.79,
            "4500": 16.94,
            "4560": 16.69,
            "4620": 17.3,
            "4680": 16.97,
            "4740": 17.48,
            "4860": 15.36,
            "4920": 14.85,
            "4980": 14.13,
            "5040": 13.7,
            "5100": 14.68,
            "5160": 15.27,
            "5220": 15.08,
            "5280": 16.12,
            "5340": 16.39,
            "5400": 15.44,
            "5460": 15.27,
            "5520": 14.82,
            "5580": 14.43,
            "5640": 14.05,
            "5700": 13.25,
            "5760": 13.27,
            "5820": 14.56,
            "5880": 14.83,
            "5940": 14.49,
            "6000": 14.31,
            "6060": 13.71,
            "6120": 14.2,
            "6180": 15.85,
            "6240": 15.57,
            "6360": 15.26,
            "6420": 14.86,
            "6480": 14.28,
            "6540": 16.1,
            "6600": 17.2,
            "6660": 16.99,
            "6720": 16.67,
            "6780": 17.03,
            "6840": 18.93,
            "6900": 19.26,
            "6960": 19.56,
            "7020": 19.74,
            "7080": 19.68,
            "7140": 20.05,
            "7200": 19.65,
            "7260": 20.11,
            "7320": 20.03,
            "7380": 19.73,
            "7440": 19.02,
            "7500": 18.3,
            "7620": 18.01,
            "7800": 19.21,
            "7860": 17.95,
            "7920": 15.97,
            "7980": 16.22,
            "8040": 15.08,
            "8100": 15.28,
            "8160": 14.48,
            "8220": 15.77,
            "8280": 16.82,
            "8340": 15.92,
            "8400": 15.56,
            "8460": 13.73,
            "8520": 12.53,
            "8580": 12.28,
            "8640": 12.55,
            "8700": 12.5,
            "8760": 12.3,
            "8820": 11.28,
            "8880": 10.02,
            "8940": 9.82,
            "9000": 9.84,
            "9060": 11.45,
            "9120": 11.89,
            "9180": 12.5,
            "9240": 12.32,
            "9300": 13.05,
            "9360": 13.32,
            "9420": 13.31,
            "9480": 14.04,
            "9540": 14.63,
            "9600": 13.93,
            "9660": 13.17,
            "9720": 13.28,
            "9780": 13.06,
            "9840": 14.15,
            "9900": 13.51,
            "9960": 13.23,
            "10020": 12.5,
            "10080": 13.48,
            "10140": 13.47,
            "10200": 13.27,
            "10260": 12.86,
            "10320": 13.76,
            "10380": 13.81,
            "10440": 13.39,
            "10500": 12.83,
            "10560": 13.12,
            "10620": 13.64,
            "10680": 14.09,
            "10740": 13.08,
            "10800": 13.15,
            "10860": 12.82,
            "10920": 14.12,
            "10980": 14.24,
            "11040": 13.98,
            "11100": 14.93,
            "11160": 15.32,
            "11220": 14.77,
            "11280": 14.1,
            "11340": 13.79,
            "11400": 13.64,
            "11460": 13.94,
            "11520": 13.42,
            "11580": 14.68,
            "11640": 14.73,
            "11700": 14.41,
            "11760": 13.65,
            "11820": 13.59,
            "11880": 14.14,
            "11940": 14.42,
            "12000": 14.91,
            "12060": 15.65,
            "12120": 15.65,
            "12180": 15.66,
            "12240": 15.26,
            "12300": 14.86,
            "12360": 15.03,
            "12420": 15.67,
            "12480": 15.06,
            "12540": 14.98,
            "12600": 15.62,
            "12660": 16.0,
            "12720": 16.17,
            "12780": 16.92,
            "12840": 15.74,
            "12900": 15.76,
            "12960": 15.79,
            "13020": 15.66,
            "13080": 15.93,
            "13140": 16.52,
            "13200": 16.93,
            "13260": 16.91,
            "13320": 17.02,
            "13380": 16.63,
            "13440": 16.51,
            "13500": 16.86,
            "13560": 17.55,
            "13620": 16.97,
            "13680": 17.32,
            "13740": 17.49,
            "13800": 16.64,
            "13860": 15.75,
            "13920": 15.66,
            "13980": 15.2,
            "14040": 14.88,
            "14100": 16.35,
            "14160": 15.69,
            "14220": 15.69,
            "14280": 16.29,
            "14340": 16.13,
            "14400": 15.59,
            "14460": 14.73,
            "14520": 15.63,
            "14580": 15.36,
            "14640": 16.05,
            "14700": 15.67,
            "14760": 15.83,
            "14820": 15.31,
            "14880": 14.91,
            "14940": 15.19,
            "15000": 14.93,
            "15060": 14.69,
            "15120": 15.75,
            "15180": 15.15,
            "15240": 14.42,
            "15300": 14.3,
            "15360": 14.13,
            "15420": 14.79,
            "15480": 15.18,
            "15540": 15.35,
            "15600": 15.31,
            "15660": 15.68,
            "15720": 15.93,
            "15780": 15.83,
            "15840": 15.82,
            "15900": 15.44,
            "15960": 15.58,
            "16020": 14.74,
            "16080": 15.1,
            "16140": 15.67,
            "16200": 15.45,
            "16260": 16.18,
            "16320": 15.71,
            "16380": 15.85,
            "16440": 15.68,
            "16500": 14.94,
            "16560": 14.9,
            "16620": 14.91,
            "16680": 14.37,
            "16740": 14.77,
            "16800": 14.92,
            "16860": 14.68,
            "16920": 14.1,
            "16980": 13.74,
            "17040": 13.89,
            "17100": 13.99,
            "17160": 14.69,
            "17220": 15.18,
            "17280": 14.41,
            "17340": 13.68,
            "17400": 13.46,
            "17460": 14.07,
            "17520": 14.27,
            "17580": 14.54,
            "17640": 14.52,
            "17700": 14.22,
            "17760": 14.1,
            "17820": 15.2,
            "17880": 14.95,
            "17940": 14.17,
            "18000": 14.29,
            "18060": 15.16,
            "18120": 14.83,
            "18180": 14.22,
            "18240": 13.79,
            "18300": 14.24,
            "18360": 13.28,
            "18420": 13.14,
            "18480": 14.16,
            "18540": 14.91,
            "18600": 14.14,
            "18660": 14.18,
            "18720": 14.37,
            "18780": 14.19,
            "18840": 13.19,
            "18900": 12.51,
            "18960": 12.33,
            "19020": 13.17,
            "19080": 13.68,
            "19140": 14.26,
            "19200": 13.42,
            "19260": 12.92,
            "19320": 13.11,
            "19380": 13.94,
            "19440": 15.14,
            "19500": 14.67,
            "19560": 14.44,
            "19620": 14.86,
            "19680": 14.11,
            "19740": 14.19,
            "19800": 14.18,
            "19860": 13.79,
            "19920": 14.4,
            "19980": 15.2,
            "20040": 14.09,
            "20100": 13.43,
            "20160": 13.76,
            "20220": 14.98,
            "20280": 15.38,
            "20340": 15.39,
            "20400": 14.59,
            "20460": 13.54,
            "20520": 13.69,
            "20580": 14.13,
            "20640": 15.46,
            "20700": 14.48,
            "20760": 14.24,
            "20820": 13.92,
            "20880": 14.52,
            "20940": 15.27,
            "21000": 14.61,
            "21060": 14.24,
            "21120": 13.56,
            "21180": 13.37,
            "21240": 13.18,
            "21300": 13.85,
            "21360": 14.37,
            "21420": 14.04,
            "21480": 14.41,
            "21540": 15.26,
            "21600": 14.91,
            "21660": 14.45,
            "21720": 14.07,
            "21780": 13.79,
            "21840": 14.16,
            "21900": 14.84,
            "21960": 15.02,
            "22020": 15.8,
            "22080": 15.49,
            "22140": 14.81,
            "22200": 14.68,
            "22260": 14.72,
            "22320": 14.64,
            "22380": 15.25,
            "22440": 14.88,
            "22500": 14.9,
            "22560": 14.52,
            "22620": 13.73,
            "22680": 13.43,
            "22740": 13.21,
            "22800": 13.72,
            "22860": 15.25,
            "22920": 15.88,
            "22980": 15.67,
            "23040": 15.25,
            "23100": 16.13,
            "23160": 15.25,
            "23220": 15.95,
            "23280": 14.95,
            "23340": 15.79,
            "23400": 15.95,
            "23460": 16.09,
            "23520": 16.03,
            "23580": 15.89,
            "23640": 16.09,
            "23700": 15.73,
            "23760": 16.07,
            "23820": 16.14,
            "23880": 18.23,
            "23940": 20.03,
            "24000": 20.57,
            "24060": 18.58,
            "24120": 19.19,
            "24180": 17.86,
            "24240": 17.82,
            "24300": 16.06,
            "24360": 14.5,
            "24420": 14.2,
            "24480": 13.61,
            "24540": 13.32,
            "24600": 13.37,
            "24660": 14.05,
            "24720": 13.84,
            "24780": 14.09,
            "24840": 14.0,
            "24900": 14.66,
            "24960": 15.19,
            "25020": 15.97,
            "25080": 15.33,
            "25140": 15.24,
            "25200": 14.56,
            "25260": 14.42,
            "25320": 15.63,
            "25380": 15.66,
            "25440": 14.95,
            "25500": 14.56,
            "25560": 14.15,
            "25620": 13.23,
            "25680": 13.67,
            "25740": 14.09,
            "25800": 14.12,
            "25860": 13.48,
            "25920": 12.59,
            "25980": 12.64,
            "26040": 14.7,
            "26100": 15.05,
            "26160": 14.99,
            "26220": 15.41,
            "26280": 15.39,
            "26340": 14.86,
            "26400": 14.78,
            "26460": 14.59,
            "26520": 14.84,
            "26580": 14.61,
            "26640": 14.1,
            "26700": 14.15,
            "26760": 14.52,
            "26820": 15.26,
            "26880": 14.8,
            "26940": 14.64,
            "27000": 14.33,
            "27060": 14.43,
            "27120": 15.26,
            "27180": 15.7,
            "27240": 15.33,
            "27300": 14.61,
            "27360": 14.26,
            "27420": 14.1,
            "27480": 15.19,
            "27540": 14.62,
            "27600": 13.99,
            "27660": 14.6,
            "27720": 14.07,
            "27780": 13.58,
            "27840": 13.62,
            "27900": 13.61,
            "27960": 13.55,
            "28020": 14.33,
            "28080": 13.8,
            "28140": 13.65,
            "28200": 12.73,
            "28260": 12.2,
            "28320": 12.59,
            "28380": 12.87,
            "28440": 13.98,
            "28500": 13.76,
            "28560": 13.77,
            "28620": 14.43,
            "28680": 14.29,
            "28740": 15.1,
            "28800": 15.1,
            "28860": 14.55,
            "28920": 14.6,
            "28980": 14.3,
            "29040": 13.26,
            "29100": 12.76,
            "29160": 13.69,
            "29220": 13.81,
            "29280": 13.25,
            "29340": 12.67,
            "29400": 13.27,
            "29460": 13.21,
            "29520": 14.31,
            "29580": 14.23,
            "29640": 13.56,
            "29700": 13.25,
            "29760": 14.42,
            "29820": 13.89,
            "29880": 13.91,
            "29940": 14.1,
            "30000": 15.3,
            "30060": 14.96,
            "30120": 14.08,
            "30180": 13.77,
            "30240": 13.89,
            "30300": 14.39,
            "30360": 14.29,
            "30420": 14.39,
            "30480": 14.61,
            "30540": 14.39,
            "30600": 14.78,
            "30660": 14.95,
            "30720": 14.49,
            "30780": 14.55,
            "30840": 14.58,
            "30900": 13.72,
            "30960": 12.96,
            "31020": 12.58,
            "31080": 12.71,
            "31140": 13.57,
            "31200": 13.47,
            "31260": 13.11,
            "31320": 13.53,
            "31380": 14.2,
            "31440": 14.0,
            "31500": 14.07,
            "31560": 14.54,
            "31620": 15.08,
            "31680": 14.69,
            "31740": 14.96,
            "31800": 14.97,
            "31860": 14.61,
            "31920": 14.55,
            "31980": 14.47,
            "32040": 15.17,
            "32100": 14.69,
            "32160": 13.58,
            "32220": 12.94
        },
        "overallSleepScore": {
            "value": 55,
            "qualifierKey": "POOR"
        },
        "sleepScores": {
            "totalDuration": {
                "qualifierKey": "FAIR"
            },
            "stress": {
                "qualifierKey": "EXCELLENT"
            },
            "awakeCount": {
                "qualifierKey": "POOR"
            },
            "remPercentage": {
                "qualifierKey": "POOR"
            },
            "restlessness": {
                "qualifierKey": "POOR"
            },
            "lightPercentage": {
                "qualifierKey": "FAIR"
            },
            "deepPercentage": {
                "qualifierKey": "FAIR"
            }
        }
    }
]