[
    {
        "userId": "49d85c6a-b8f8-4787-95fa-f145553e59a9",
        "userAccessToken": "7b64f2c3-1572-407f-ac1a-ea3ef127ff2c",
        "summaryId": "x45dba26-6705b40c-5af0",
        "calendarDate": "2024-10-09",
        "durationInSeconds": 23280,
        "totalNapDurationInSeconds": 0,
        "startTimeInSeconds": 1728427020,
        "startTimeOffsetInSeconds": 7254,
        "unmeasurableSleepInSeconds": 0,
        "deepSleepDurationInSeconds": 4620,
        "lightSleepDurationInSeconds": 15000,
        "remSleepInSeconds": 3660,
        "awakeDurationInSeconds": 3060,
        "sleepLevelsMap": {
            "deep": [
                {
                    "startTimeInSeconds": 1728427620,
                    "endTimeInSeconds": 1728428760
                },
                {
                    "startTimeInSeconds": 1728430080,
                    "endTimeInSeconds": 1728431700
                },
                {
                    "startTimeInSeconds": 1728435180,
                    "endTimeInSeconds": 1728436020
                },
                {
                    "startTimeInSeconds": 1728436860,
                    "endTimeInSeconds": 1728437880
                }
            ],
            "light": [
                {
                    "startTimeInSeconds": 1728427020,
                    "endTimeInSeconds": 1728427620
                },
                {
                    "startTimeInSeconds": 1728428760,
                    "endTimeInSeconds": 1728429420
                },
                {
                    "startTimeInSeconds": 1728429480,
                    "endTimeInSeconds": 1728430080
                },
                {
                    "startTimeInSeconds": 1728431760,
                    "endTimeInSeconds": 1728432120
                },
                {
                    "startTimeInSeconds": 1728433860,
                    "endTimeInSeconds": 1728434220
                },
                {
                    "startTimeInSeconds": 1728434280,
                    "endTimeInSeconds": 1728435180
                },
                {
                    "startTimeInSeconds": 1728436020,
                    "endTimeInSeconds": 1728436860
                },
                {
                    "startTimeInSeconds": 1728438000,
                    "endTimeInSeconds": 1728438600
                },
                {
                    "startTimeInSeconds": 1728439200,
                    "endTimeInSeconds": 1728439920
                },
                {
                    "startTimeInSeconds": 1728439980,
                    "endTimeInSeconds": 1728441660
                },
                {
                    "startTimeInSeconds": 1728442200,
                    "endTimeInSeconds": 1728442500
                },
                {
                    "startTimeInSeconds": 1728443820,
                    "endTimeInSeconds": 1728445500
                },
                {
                    "startTimeInSeconds": 1728446340,
                    "endTimeInSeconds": 1728447540
                },
                {
                    "startTimeInSeconds": 1728447660,
                    "endTimeInSeconds": 1728448860
                },
                {
                    "startTimeInSeconds": 1728449460,
                    "endTimeInSeconds": 1728449880
                },
                {
                    "startTimeInSeconds": 1728450480,
                    "endTimeInSeconds": 1728453360
                }
            ],
            "awake": [
                {
                    "startTimeInSeconds": 1728429420,
                    "endTimeInSeconds": 1728429480
                },
                {
                    "startTimeInSeconds": 1728431700,
                    "endTimeInSeconds": 1728431760
                },
                {
                    "startTimeInSeconds": 1728434220,
                    "endTimeInSeconds": 1728434280
                },
                {
                    "startTimeInSeconds": 1728437880,
                    "endTimeInSeconds": 1728438000
                },
                {
                    "startTimeInSeconds": 1728439920,
                    "endTimeInSeconds": 1728439980
                },
                {
                    "startTimeInSeconds": 1728441660,
                    "endTimeInSeconds": 1728442200
                },
                {
                    "startTimeInSeconds": 1728443220,
                    "endTimeInSeconds": 1728443820
                },
                {
                    "startTimeInSeconds": 1728445500,
                    "endTimeInSeconds": 1728446340
                },
                {
                    "startTimeInSeconds": 1728447540,
                    "endTimeInSeconds": 1728447660
                },
                {
                    "startTimeInSeconds": 1728449880,
                    "endTimeInSeconds": 1728450480
                }
            ],
            "rem": [
                {
                    "startTimeInSeconds": 1728432120,
                    "endTimeInSeconds": 1728433860
                },
                {
                    "startTimeInSeconds": 1728438600,
                    "endTimeInSeconds": 1728439200
                },
                {
                    "startTimeInSeconds": 1728442500,
                    "endTimeInSeconds": 1728443220
                },
                {
                    "startTimeInSeconds": 1728448860,
                    "endTimeInSeconds": 1728449460
                }
            ]
        },
        "validation": "ENHANCED_FINAL",
        "timeOffsetSleepSpo2": {
            "60": 95,
            "120": 95,
            "180": 95,
            "240": 95,
            "300": 96,
            "360": 95,
            "420": 95,
            "480": 95,
            "540": 95,
            "600": 95,
            "660": 95,
            "720": 95,
            "780": 95,
            "840": 95,
            "900": 95,
            "960": 95,
            "1020": 95,
            "1080": 95,
            "1140": 95,
            "1200": 94,
            "1260": 95,
            "1320": 95,
            "1380": 94,
            "1440": 95,
            "1500": 94,
            "1560": 95,
            "1620": 94,
            "1680": 94,
            "1740": 94,
            "1800": 94,
            "1860": 94,
            "1920": 94,
            "1980": 94,
            "2040": 95,
            "2100": 94,
            "2160": 94,
            "2220": 95,
            "2280": 94,
            "2340": 95,
            "2400": 95,
            "2460": 95,
            "2520": 94,
            "2580": 94,
            "2640": 94,
            "2700": 95,
            "2760": 95,
            "2820": 95,
            "2880": 95,
            "2940": 94,
            "3000": 94,
            "3060": 95,
            "3120": 95,
            "3180": 95,
            "3240": 95,
            "3300": 94,
            "3360": 94,
            "3420": 95,
            "3480": 94,
            "3540": 94,
            "3600": 94,
            "3660": 94,
            "3720": 94,
            "3780": 94,
            "3840": 94,
            "3900": 95,
            "3960": 94,
            "4020": 94,
            "4080": 94,
            "4140": 94,
            "4200": 94,
            "4260": 94,
            "4320": 94,
            "4380": 94,
            "4440": 94,
            "4500": 94,
            "4560": 94,
            "4620": 94,
            "4680": 94,
            "4740": 93,
            "4800": 93,
            "4860": 93,
            "4920": 94,
            "4980": 94,
            "5040": 93,
            "5100": 93,
            "5160": 93,
            "5220": 93,
            "5280": 92,
            "5340": 95,
            "5400": 95,
            "5460": 95,
            "5520": 95,
            "5580": 95,
            "5640": 95,
            "5700": 95,
            "5760": 94,
            "5820": 94,
            "5880": 95,
            "5940": 95,
            "6000": 96,
            "6060": 96,
            "6120": 94,
            "6180": 93,
            "6240": 94,
            "6300": 93,
            "6360": 94,
            "6420": 93,
            "6480": 94,
            "6540": 92,
            "6600": 93,
            "6660": 93,
            "6720": 94,
            "6780": 93,
            "6840": 93,
            "6900": 94,
            "6960": 94,
            "7020": 94,
            "7080": 95,
            "7140": 94,
            "7200": 93,
            "7260": 93,
            "7320": 93,
            "7380": 93,
            "7440": 93,
            "7500": 93,
            "7560": 93,
            "7620": 93,
            "7680": 93,
            "7740": 93,
            "7800": 92,
            "7860": 93,
            "7920": 93,
            "7980": 93,
            "8040": 93,
            "8100": 93,
            "8160": 93,
            "8220": 93,
            "8280": 93,
            "8340": 93,
            "8400": 93,
            "8460": 93,
            "8520": 93,
            "8580": 93,
            "8640": 92,
            "8700": 93,
            "8760": 93,
            "8820": 93,
            "8880": 93,
            "8940": 95,
            "9000": 94,
            "9060": 94,
            "9120": 94,
            "9180": 95,
            "9240": 94,
            "9300": 95,
            "9360": 95,
            "9420": 95,
            "9480": 95,
            "9540": 95,
            "9600": 96,
            "9660": 96,
            "9720": 96,
            "9780": 95,
            "9840": 96,
            "9900": 95,
            "9960": 95,
            "10020": 95,
            "10080": 95,
            "10140": 96,
            "10200": 95,
            "10260": 96,
            "10320": 95,
            "10380": 96,
            "10440": 96,
            "10500": 96,
            "10560": 96,
            "10620": 94,
            "10680": 94,
            "10740": 94,
            "10800": 98,
            "10860": 100,
            "10920": 100,
            "10980": 100,
            "11040": 100,
            "11100": 100,
            "11160": 100,
            "11220": 100,
            "11280": 100,
            "11340": 100,
            "11400": 100,
            "11460": 93,
            "11520": 92,
            "11580": 92,
            "11640": 93,
            "11700": 92,
            "11760": 93,
            "11820": 93,
            "11880": 92,
            "11940": 93,
            "12000": 93,
            "12060": 93,
            "12120": 93,
            "12180": 93,
            "12240": 93,
            "12300": 93,
            "12360": 93,
            "12420": 93,
            "12480": 93,
            "12540": 92,
            "12600": 91,
            "12660": 91,
            "12720": 90,
            "12780": 92,
            "12840": 95,
            "12900": 94,
            "12960": 92,
            "13020": 92,
            "13080": 92,
            "13140": 92,
            "13200": 93,
            "13260": 93,
            "13320": 93,
            "13380": 93,
            "13440": 93,
            "13500": 93,
            "13560": 93,
            "13620": 93,
            "13680": 93,
            "13740": 93,
            "13800": 93,
            "13860": 93,
            "13920": 93,
            "13980": 93,
            "14040": 93,
            "14100": 93,
            "14160": 93,
            "14220": 92,
            "14280": 95,
            "14340": 94,
            "14400": 95,
            "14460": 95,
            "14520": 95,
            "14580": 95,
            "14640": 96,
            "14700": 96,
            "14760": 98,
            "14820": 97,
            "14880": 93,
            "14940": 93,
            "15000": 94,
            "15060": 93,
            "15120": 94,
            "15180": 94,
            "15240": 93,
            "15300": 92,
            "15360": 93,
            "15420": 93,
            "15480": 92,
            "15540": 92,
            "15600": 92,
            "15660": 93,
            "15720": 93,
            "15780": 93,
            "15840": 93,
            "15900": 93,
            "15960": 93,
            "16020": 93,
            "16080": 93,
            "16140": 93,
            "16200": 93,
            "16260": 93,
            "16320": 93,
            "16380": 94,
            "16440": 95,
            "16500": 94,
            "16560": 95,
            "16620": 95,
            "16680": 96,
            "16740": 95,
            "16800": 94,
            "16860": 94,
            "16920": 92,
            "16980": 93,
            "17040": 94,
            "17100": 93,
            "17160": 95,
            "17220": 90,
            "17280": 94,
            "17340": 94,
            "17400": 93,
            "17460": 95,
            "17520": 94,
            "17580": 94,
            "17640": 94,
            "17700": 93,
            "17760": 96,
            "17820": 94,
            "17880": 93,
            "17940": 95,
            "18000": 94,
            "18060": 94,
            "18120": 95,
            "18180": 96,
            "18240": 93,
            "18300": 95,
            "18360": 96,
            "18420": 98,
            "18480": 99,
            "18540": 95,
            "18600": 90,
            "18660": 92,
            "18720": 97,
            "18780": 96,
            "18840": 95,
            "18900": 94,
            "18960": 94,
            "19020": 94,
            "19080": 93,
            "19140": 94,
            "19200": 94,
            "19260": 93,
            "19320": 95,
            "19380": 95,
            "19440": 95,
            "19500": 95,
            "19560": 95,
            "19620": 95,
            "19680": 95,
            "19740": 95,
            "19800": 95,
            "19860": 95,
            "19920": 95,
            "19980": 95,
            "20040": 95,
            "20100": 95,
            "20160": 95,
            "20220": 96,
            "20280": 96,
            "20340": 96,
            "20400": 96,
            "20460": 96,
            "20520": 95,
            "20580": 96,
            "20640": 96,
            "20700": 95,
            "20760": 95,
            "20820": 95,
            "20880": 95,
            "20940": 95,
            "21000": 96,
            "21060": 96,
            "21120": 96,
            "21180": 94,
            "21240": 93,
            "21300": 94,
            "21360": 96,
            "21420": 95,
            "21480": 93,
            "21540": 95,
            "21600": 94,
            "21660": 96,
            "21720": 96,
            "21780": 94,
            "21840": 94,
            "21900": 95,
            "21960": 95,
            "22020": 95,
            "22080": 95,
            "22140": 95,
            "22200": 94,
            "22260": 95,
            "22320": 95,
            "22380": 95,
            "22440": 93,
            "22500": 95,
            "22560": 95,
            "22620": 95,
            "22680": 95,
            "22740": 95,
            "22800": 94,
            "22860": 94,
            "22920": 92,
            "22980": 94,
            "23040": 94,
            "23100": 93,
            "23160": 93,
            "23220": 93,
            "23280": 94,
            "23340": 94,
            "23400": 96,
            "23460": 95,
            "23520": 95,
            "23580": 95,
            "23640": 95,
            "23700": 94,
            "23760": 95,
            "23820": 95,
            "23880": 95,
            "23940": 96,
            "24000": 96,
            "24060": 95,
            "24120": 95,
            "24180": 95,
            "24240": 95,
            "24300": 95,
            "24360": 94,
            "24420": 94,
            "24480": 95,
            "24540": 95,
            "24600": 95,
            "24660": 95,
            "24720": 95,
            "24780": 95,
            "24840": 95,
            "24900": 95,
            "24960": 94,
            "25020": 94,
            "25080": 94,
            "25140": 95,
            "25200": 95,
            "25260": 95,
            "25320": 95,
            "25380": 94,
            "25440": 95,
            "25500": 95,
            "25560": 95,
            "25620": 95,
            "25680": 95,
            "25740": 95,
            "25800": 95,
            "25860": 95,
            "25920": 94,
            "25980": 95,
            "26040": 94,
            "26100": 95,
            "26160": 95,
            "26220": 95,
            "26280": 93
        },
        "timeOffsetSleepRespiration": {
            "60": 16.67,
            "120": 16.33,
            "180": 16.68,
            "240": 16.99,
            "300": 16.97,
            "360": 17.19,
            "420": 17.98,
            "480": 18.09,
            "540": 18.5,
            "600": 18.32,
            "660": 16.79,
            "720": 16.7,
            "780": 16.77,
            "840": 16.31,
            "900": 16.04,
            "960": 16.34,
            "1020": 15.56,
            "1080": 15.56,
            "1140": 15.52,
            "1200": 15.71,
            "1260": 16.17,
            "1320": 16.83,
            "1380": 15.66,
            "1440": 14.58,
            "1500": 14.2,
            "1560": 13.72,
            "1620": 13.86,
            "1680": 14.22,
            "1740": 14.09,
            "1800": 14.32,
            "1860": 14.71,
            "1920": 14.52,
            "1980": 14.24,
            "2040": 14.23,
            "2100": 14.36,
            "2160": 14.04,
            "2220": 14.6,
            "2280": 14.83,
            "2340": 14.62,
            "2400": 14.53,
            "2460": 14.6,
            "2520": 13.8,
            "2580": 13.38,
            "2640": 13.9,
            "2700": 15.43,
            "2760": 16.39,
            "2820": 16.29,
            "2880": 16.34,
            "2940": 17.38,
            "3000": 17.29,
            "3060": 17.59,
            "3120": 17.92,
            "3180": 17.14,
            "3240": 17.14,
            "3300": 17.65,
            "3360": 17.99,
            "3420": 17.56,
            "3480": 18.04,
            "3540": 17.7,
            "3600": 16.74,
            "3660": 16.64,
            "3720": 17.11,
            "3780": 17.27,
            "3840": 16.79,
            "3900": 16.21,
            "3960": 16.2,
            "4020": 16.79,
            "4080": 17.62,
            "4140": 18.06,
            "4200": 18.75,
            "4260": 18.63,
            "4320": 18.78,
            "4380": 17.79,
            "4440": 17.77,
            "4500": 17.63,
            "4560": 17.89,
            "4620": 18.44,
            "4680": 19.18,
            "4740": 18.49,
            "4800": 16.16,
            "4860": 14.45,
            "4920": 15.38,
            "4980": 13.92,
            "5040": 13.14,
            "5100": 13.79,
            "5160": 14.99,
            "5220": 16.34,
            "5280": 15.68,
            "5340": 16.22,
            "5400": 16.36,
            "5460": 15.84,
            "5520": 16.31,
            "5580": 17.83,
            "5640": 17.62,
            "5700": 15.83,
            "5760": 15.78,
            "5820": 15.38,
            "5880": 15.06,
            "5940": 15.17,
            "6000": 14.52,
            "6060": 14.63,
            "6120": 15.46,
            "6180": 15.9,
            "6240": 16.66,
            "6300": 16.28,
            "6360": 14.95,
            "6420": 14.87,
            "6480": 15.17,
            "6540": 15.94,
            "6600": 15.08,
            "6660": 15.01,
            "6720": 15.24,
            "6780": 15.45,
            "6840": 15.35,
            "6900": 16.08,
            "6960": 15.71,
            "7020": 14.96,
            "7080": 14.41,
            "7140": 14.88,
            "7200": 15.14,
            "7260": 15.07,
            "7320": 14.26,
            "7380": 14.9,
            "7440": 15.5,
            "7500": 15.68,
            "7560": 15.75,
            "7620": 15.67,
            "7680": 15.06,
            "7740": 15.49,
            "7800": 15.07,
            "7860": 15.07,
            "7920": 14.76,
            "7980": 14.19,
            "8040": 14.21,
            "8100": 15.23,
            "8160": 15.69,
            "8220": 15.28,
            "8280": 15.01,
            "8340": 15.2,
            "8400": 15.41,
            "8460": 15.39,
            "8520": 15.19,
            "8580": 15.54,
            "8640": 15.39,
            "8700": 15.34,
            "8760": 15.67,
            "8820": 15.73,
            "8880": 15.18,
            "8940": 15.4,
            "9000": 14.96,
            "9060": 14.29,
            "9120": 14.11,
            "9180": 14.51,
            "9240": 15.49,
            "9300": 15.84,
            "9360": 15.78,
            "9420": 15.78,
            "9480": 15.11,
            "9540": 15.98,
            "9600": 16.32,
            "9660": 16.03,
            "9720": 16.19,
            "9780": 16.54,
            "9840": 17.16,
            "9900": 16.92,
            "9960": 16.81,
            "10020": 16.34,
            "10080": 15.29,
            "10140": 15.04,
            "10200": 14.15,
            "10260": 14.54,
            "10320": 14.95,
            "10380": 14.99,
            "10440": 14.89,
            "10500": 15.3,
            "10560": 14.49,
            "10620": 15.1,
            "10680": 15.68,
            "10740": 15.08,
            "10800": 14.6,
            "10920": 15.54,
            "10980": 14.91,
            "11040": 15.24,
            "11100": 15.28,
            "11160": 15.71,
            "11220": 15.55,
            "11280": 15.53,
            "11340": 15.35,
            "11400": 14.77,
            "11460": 15.08,
            "11520": 15.16,
            "11580": 14.98,
            "11640": 14.16,
            "11700": 14.27,
            "11760": 15.16,
            "11820": 14.76,
            "11880": 14.71,
            "11940": 14.29,
            "12000": 14.52,
            "12060": 14.85,
            "12120": 14.66,
            "12180": 14.49,
            "12240": 14.61,
            "12300": 15.12,
            "12360": 15.63,
            "12420": 15.67,
            "12480": 15.68,
            "12540": 15.17,
            "12600": 14.84,
            "12660": 14.63,
            "12720": 14.15,
            "12780": 14.6,
            "12840": 14.77,
            "12900": 14.64,
            "12960": 13.92,
            "13020": 13.85,
            "13080": 14.88,
            "13140": 16.28,
            "13200": 17.8,
            "13260": 18.44,
            "13320": 19.18,
            "13380": 18.48,
            "13440": 18.01,
            "13500": 17.3,
            "13560": 15.78,
            "13620": 16.15,
            "13680": 15.95,
            "13740": 16.45,
            "13800": 16.15,
            "13860": 15.76,
            "13920": 15.72,
            "13980": 16.28,
            "14040": 16.88,
            "14100": 16.5,
            "14160": 16.31,
            "14220": 16.53,
            "14280": 16.17,
            "14340": 16.03,
            "14400": 15.26,
            "14460": 14.49,
            "14520": 12.99,
            "14580": 13.77,
            "14700": 13.61,
            "14760": 13.18,
            "14820": 13.41,
            "14880": 13.07,
            "14940": 12.67,
            "15000": 13.15,
            "15060": 13.04,
            "15120": 12.9,
            "15180": 12.83,
            "15240": 13.05,
            "15300": 13.58,
            "15360": 14.78,
            "15420": 16.76,
            "15480": 17.19,
            "15540": 17.56,
            "15600": 18.92,
            "15660": 19.4,
            "15720": 19.1,
            "15780": 19.31,
            "15840": 18.92,
            "15900": 18.22,
            "15960": 19.0,
            "16020": 18.42,
            "16080": 18.35,
            "16140": 18.09,
            "16200": 18.47,
            "16260": 18.5,
            "16320": 17.94,
            "16380": 18.22,
            "16440": 18.86,
            "16500": 18.52,
            "16560": 18.52,
            "16620": 17.95,
            "16680": 17.09,
            "16740": 16.19,
            "16800": 14.71,
            "16860": 13.95,
            "16920": 14.89,
            "16980": 14.21,
            "17040": 14.62,
            "17100": 15.72,
            "17160": 15.38,
            "17220": 15.95,
            "17280": 15.64,
            "17340": 14.01,
            "17400": 13.9,
            "17460": 13.68,
            "17520": 13.21,
            "17580": 13.12,
            "17640": 13.45,
            "17700": 13.5,
            "17760": 13.63,
            "17820": 13.8,
            "17880": 13.43,
            "17940": 13.08,
            "18000": 12.61,
            "18060": 12.92,
            "18120": 13.0,
            "18180": 12.88,
            "18240": 13.27,
            "18300": 12.94,
            "18360": 12.97,
            "18420": 14.02,
            "18480": 14.84,
            "18540": 14.29,
            "18660": 13.51,
            "18720": 13.48,
            "18780": 13.67,
            "18840": 13.82,
            "18960": 12.87,
            "19020": 12.76,
            "19080": 12.55,
            "19140": 15.14,
            "19200": 16.84,
            "19260": 16.49,
            "19320": 16.56,
            "19380": 15.82,
            "19440": 15.46,
            "19500": 15.68,
            "19560": 16.52,
            "19620": 16.72,
            "19680": 15.99,
            "19740": 16.12,
            "19800": 15.21,
            "19860": 15.6,
            "19920": 16.76,
            "19980": 16.2,
            "20040": 16.61,
            "20100": 15.7,
            "20160": 16.4,
            "20220": 15.98,
            "20280": 14.94,
            "20340": 14.58,
            "20400": 14.22,
            "20460": 14.14,
            "20520": 13.68,
            "20580": 14.09,
            "20640": 13.69,
            "20700": 13.18,
            "20760": 13.78,
            "20820": 13.67,
            "20880": 13.14,
            "20940": 13.39,
            "21000": 14.0,
            "21060": 14.27,
            "21120": 13.18,
            "21180": 13.61,
            "21240": 14.2,
            "21300": 14.75,
            "21360": 14.17,
            "21420": 15.25,
            "21480": 15.25,
            "21540": 14.84,
            "21600": 15.8,
            "21660": 15.52,
            "21720": 15.05,
            "21780": 14.4,
            "21840": 14.77,
            "21900": 15.16,
            "21960": 15.07,
            "22020": 14.54,
            "22080": 14.12,
            "22140": 13.29,
            "22200": 13.5,
            "22260": 13.93,
            "22320": 13.6,
            "22380": 13.09,
            "22440": 13.0,
            "22500": 14.37,
            "22560": 15.11,
            "22620": 15.21,
            "22680": 14.62,
            "22740": 14.71,
            "22800": 14.08,
            "22860": 13.32,
            "22920": 13.62,
            "22980": 13.94,
            "23040": 14.12,
            "23100": 13.52,
            "23160": 13.81,
            "23220": 14.15,
            "23280": 13.87,
            "23340": 14.81,
            "23400": 14.66,
            "23460": 13.88,
            "23520": 13.68,
            "23580": 14.27,
            "23640": 14.22,
            "23700": 13.83,
            "23760": 13.17,
            "23820": 12.9,
            "23880": 12.65,
            "23940": 13.04,
            "24000": 13.37,
            "24060": 14.51,
            "24120": 13.79,
            "24180": 14.02,
            "24240": 13.46,
            "24300": 13.09,
            "24360": 12.99,
            "24420": 12.78,
            "24480": 13.3,
            "24540": 13.46,
            "24600": 13.73,
            "24660": 14.26,
            "24720": 14.19,
            "24780": 13.62,
            "24840": 15.16,
            "24900": 15.18,
            "24960": 14.32,
            "25020": 14.23,
            "25080": 14.29,
            "25140": 14.45,
            "25200": 13.95,
            "25260": 14.24,
            "25320": 15.1,
            "25380": 15.03,
            "25440": 14.39,
            "25500": 15.19,
            "25560": 15.34,
            "25620": 14.72,
            "25680": 13.93,
            "25740": 13.2,
            "25800": 13.62,
            "25860": 13.98,
            "25920": 14.54,
            "25980": 14.81,
            "26040": 15.68,
            "26100": 15.48,
            "26160": 14.82,
            "26220": 14.27,
            "26280": 14.81,
            "26340": 14.25
        },
        "overallSleepScore": {
            "value": 65,
            "qualifierKey": "FAIR"
        },
        "sleepScores": {
            "totalDuration": {
                "qualifierKey": "FAIR"
            },
            "stress": {
                "qualifierKey": "EXCELLENT"
            },
            "awakeCount": {
                "qualifierKey": "POOR"
            },
            "remPercentage": {
                "qualifierKey": "FAIR"
            },
            "restlessness": {
                "qualifierKey": "POOR"
            },
            "lightPercentage": {
                "qualifierKey": "FAIR"
            },
            "deepPercentage": {
                "qualifierKey": "EXCELLENT"
            }
        }
    }
]