[
    {
        "userId": "49d85c6a-b8f8-4787-95fa-f145553e59a9",
        "userAccessToken": "7b64f2c3-1572-407f-ac1a-ea3ef127ff2c",
        "summaryId": "x45dba26-670301d0-732b",
        "calendarDate": "2024-10-07",
        "durationInSeconds": 29483,
        "totalNapDurationInSeconds": 0,
        "startTimeInSeconds": 1728250320,
        "startTimeOffsetInSeconds": 7254,
        "unmeasurableSleepInSeconds": 0,
        "deepSleepDurationInSeconds": 4740,
        "lightSleepDurationInSeconds": 22740,
        "remSleepInSeconds": 2003,
        "awakeDurationInSeconds": 1080,
        "sleepLevelsMap": {
            "deep": [
                {
                    "startTimeInSeconds": 1728251940,
                    "endTimeInSeconds": 1728253500
                },
                {
                    "startTimeInSeconds": 1728254400,
                    "endTimeInSeconds": 1728255540
                },
                {
                    "startTimeInSeconds": 1728256260,
                    "endTimeInSeconds": 1728257460
                },
                {
                    "startTimeInSeconds": 1728258780,
                    "endTimeInSeconds": 1728259620
                }
            ],
            "light": [
                {
                    "startTimeInSeconds": 1728250320,
                    "endTimeInSeconds": 1728251340
                },
                {
                    "startTimeInSeconds": 1728251640,
                    "endTimeInSeconds": 1728251940
                },
                {
                    "startTimeInSeconds": 1728253620,
                    "endTimeInSeconds": 1728254400
                },
                {
                    "startTimeInSeconds": 1728255660,
                    "endTimeInSeconds": 1728256260
                },
                {
                    "startTimeInSeconds": 1728257520,
                    "endTimeInSeconds": 1728258780
                },
                {
                    "startTimeInSeconds": 1728259620,
                    "endTimeInSeconds": 1728260280
                },
                {
                    "startTimeInSeconds": 1728260460,
                    "endTimeInSeconds": 1728268620
                },
                {
                    "startTimeInSeconds": 1728269100,
                    "endTimeInSeconds": 1728270060
                },
                {
                    "startTimeInSeconds": 1728270120,
                    "endTimeInSeconds": 1728273120
                },
                {
                    "startTimeInSeconds": 1728273180,
                    "endTimeInSeconds": 1728273300
                },
                {
                    "startTimeInSeconds": 1728273660,
                    "endTimeInSeconds": 1728275940
                },
                {
                    "startTimeInSeconds": 1728276000,
                    "endTimeInSeconds": 1728276780
                },
                {
                    "startTimeInSeconds": 1728276840,
                    "endTimeInSeconds": 1728277440
                },
                {
                    "startTimeInSeconds": 1728277500,
                    "endTimeInSeconds": 1728279720
                }
            ],
            "awake": [
                {
                    "startTimeInSeconds": 1728251340,
                    "endTimeInSeconds": 1728251640
                },
                {
                    "startTimeInSeconds": 1728253500,
                    "endTimeInSeconds": 1728253620
                },
                {
                    "startTimeInSeconds": 1728255540,
                    "endTimeInSeconds": 1728255660
                },
                {
                    "startTimeInSeconds": 1728257460,
                    "endTimeInSeconds": 1728257520
                },
                {
                    "startTimeInSeconds": 1728260280,
                    "endTimeInSeconds": 1728260460
                },
                {
                    "startTimeInSeconds": 1728270060,
                    "endTimeInSeconds": 1728270120
                },
                {
                    "startTimeInSeconds": 1728273120,
                    "endTimeInSeconds": 1728273180
                },
                {
                    "startTimeInSeconds": 1728275940,
                    "endTimeInSeconds": 1728276000
                },
                {
                    "startTimeInSeconds": 1728276780,
                    "endTimeInSeconds": 1728276840
                },
                {
                    "startTimeInSeconds": 1728277440,
                    "endTimeInSeconds": 1728277500
                }
            ],
            "rem": [
                {
                    "startTimeInSeconds": 1728268620,
                    "endTimeInSeconds": 1728269100
                },
                {
                    "startTimeInSeconds": 1728273300,
                    "endTimeInSeconds": 1728273660
                },
                {
                    "startTimeInSeconds": 1728279720,
                    "endTimeInSeconds": 1728280883
                }
            ]
        },
        "validation": "ENHANCED_FINAL",
        "timeOffsetSleepSpo2": {
            "60": 95,
            "120": 95,
            "180": 95,
            "240": 95,
            "300": 95,
            "360": 95,
            "420": 95,
            "480": 96,
            "540": 96,
            "600": 96,
            "660": 96,
            "720": 96,
            "780": 96,
            "840": 96,
            "900": 96,
            "960": 96,
            "1020": 96,
            "1080": 96,
            "1140": 96,
            "1260": 96,
            "1320": 96,
            "1380": 96,
            "1440": 96,
            "1500": 96,
            "1560": 95,
            "1620": 93,
            "1680": 93,
            "1740": 93,
            "1800": 94,
            "1860": 93,
            "1920": 93,
            "1980": 93,
            "2040": 94,
            "2100": 94,
            "2160": 94,
            "2220": 94,
            "2280": 94,
            "2340": 94,
            "2400": 94,
            "2460": 93,
            "2520": 93,
            "2580": 94,
            "2640": 93,
            "2700": 94,
            "2760": 94,
            "2820": 94,
            "2880": 94,
            "2940": 94,
            "3000": 94,
            "3060": 94,
            "3120": 93,
            "3180": 93,
            "3240": 91,
            "3300": 91,
            "3360": 91,
            "3420": 91,
            "3480": 91,
            "3540": 89,
            "3600": 90,
            "3660": 88,
            "3720": 86,
            "3780": 85,
            "3840": 87,
            "3900": 90,
            "3960": 91,
            "4020": 95,
            "4080": 95,
            "4140": 96,
            "4200": 96,
            "4260": 96,
            "4320": 96,
            "4380": 96,
            "4440": 96,
            "4500": 96,
            "4560": 96,
            "4620": 97,
            "4680": 97,
            "4740": 97,
            "4800": 97,
            "4860": 97,
            "4920": 97,
            "4980": 92,
            "5040": 93,
            "5100": 93,
            "5160": 93,
            "5220": 94,
            "5280": 95,
            "5340": 95,
            "5400": 95,
            "5460": 95,
            "5520": 95,
            "5580": 95,
            "5640": 95,
            "5700": 95,
            "5760": 95,
            "5820": 95,
            "5880": 95,
            "5940": 95,
            "6000": 96,
            "6060": 96,
            "6120": 96,
            "6180": 96,
            "6240": 95,
            "6300": 96,
            "6360": 96,
            "6420": 96,
            "6480": 95,
            "6540": 96,
            "6600": 96,
            "6660": 96,
            "6720": 96,
            "6780": 93,
            "6840": 93,
            "6900": 93,
            "6960": 92,
            "7020": 92,
            "7080": 92,
            "7140": 98,
            "7200": 99,
            "7260": 97,
            "7320": 98,
            "7380": 97,
            "7440": 97,
            "7500": 97,
            "7560": 97,
            "7620": 94,
            "7680": 95,
            "7740": 94,
            "7800": 93,
            "7860": 93,
            "7920": 94,
            "7980": 93,
            "8040": 94,
            "8100": 94,
            "8160": 93,
            "8220": 94,
            "8280": 94,
            "8340": 94,
            "8400": 94,
            "8460": 94,
            "8520": 94,
            "8580": 93,
            "8640": 95,
            "8700": 93,
            "8760": 94,
            "8820": 94,
            "8880": 94,
            "8940": 94,
            "9000": 95,
            "9060": 95,
            "9120": 95,
            "9180": 95,
            "9240": 93,
            "9300": 94,
            "9360": 94,
            "9420": 94,
            "9480": 93,
            "9540": 94,
            "9600": 94,
            "9660": 94,
            "9720": 94,
            "9780": 93,
            "9840": 94,
            "9900": 94,
            "9960": 93,
            "10020": 94,
            "10080": 94,
            "10140": 93,
            "10200": 92,
            "10260": 92,
            "10320": 92,
            "10380": 92,
            "10440": 92,
            "10500": 92,
            "10560": 92,
            "10620": 91,
            "10680": 92,
            "10740": 92,
            "10800": 92,
            "10860": 93,
            "10920": 93,
            "10980": 93,
            "11040": 92,
            "11100": 92,
            "11160": 92,
            "11220": 93,
            "11280": 93,
            "11340": 93,
            "11400": 92,
            "11460": 92,
            "11520": 92,
            "11580": 92,
            "11640": 92,
            "11700": 92,
            "11760": 92,
            "11820": 92,
            "11880": 92,
            "11940": 92,
            "12000": 93,
            "12060": 92,
            "12120": 92,
            "12180": 92,
            "12240": 92,
            "12300": 92,
            "12360": 92,
            "12420": 92,
            "12480": 92,
            "12540": 91,
            "12600": 92,
            "12660": 92,
            "12720": 92,
            "12780": 92,
            "12840": 92,
            "12900": 93,
            "12960": 94,
            "13020": 94,
            "13080": 93,
            "13140": 94,
            "13200": 93,
            "13260": 93,
            "13320": 93,
            "13380": 93,
            "13440": 94,
            "13500": 94,
            "13560": 94,
            "13620": 94,
            "13680": 94,
            "13740": 94,
            "13800": 94,
            "13860": 94,
            "13920": 94,
            "13980": 94,
            "14040": 94,
            "14100": 93,
            "14160": 94,
            "14220": 94,
            "14280": 93,
            "14340": 93,
            "14400": 92,
            "14460": 93,
            "14520": 93,
            "14580": 92,
            "14640": 92,
            "14700": 93,
            "14760": 93,
            "14820": 94,
            "14880": 94,
            "14940": 94,
            "15000": 94,
            "15060": 94,
            "15120": 93,
            "15180": 93,
            "15240": 93,
            "15300": 92,
            "15360": 92,
            "15420": 92,
            "15480": 93,
            "15540": 93,
            "15600": 93,
            "15660": 93,
            "15720": 93,
            "15780": 93,
            "15840": 93,
            "15900": 93,
            "15960": 89,
            "16020": 87,
            "16080": 87,
            "16140": 87,
            "16200": 88,
            "16260": 93,
            "16320": 93,
            "16380": 93,
            "16440": 92,
            "16500": 92,
            "16560": 92,
            "16620": 92,
            "16680": 92,
            "16740": 92,
            "16800": 93,
            "16860": 93,
            "16920": 93,
            "16980": 93,
            "17040": 93,
            "17100": 93,
            "17160": 93,
            "17220": 93,
            "17280": 93,
            "17340": 93,
            "17400": 93,
            "17460": 93,
            "17520": 93,
            "17580": 93,
            "17640": 93,
            "17700": 93,
            "17760": 93,
            "17820": 93,
            "17880": 93,
            "17940": 93,
            "18000": 93,
            "18060": 93,
            "18120": 93,
            "18180": 93,
            "18240": 93,
            "18300": 93,
            "18360": 93,
            "18420": 93,
            "18480": 93,
            "18540": 93,
            "18600": 93,
            "18660": 93,
            "18720": 93,
            "18780": 93,
            "18840": 93,
            "18900": 93,
            "18960": 93,
            "19020": 93,
            "19080": 93,
            "19140": 93,
            "19200": 93,
            "19260": 93,
            "19320": 94,
            "19380": 94,
            "19440": 95,
            "19500": 96,
            "19560": 96,
            "19620": 96,
            "19680": 96,
            "19740": 96,
            "19800": 95,
            "19860": 96,
            "19920": 96,
            "19980": 95,
            "20040": 95,
            "20100": 95,
            "20160": 95,
            "20220": 96,
            "20280": 96,
            "20340": 96,
            "20400": 95,
            "20460": 94,
            "20520": 93,
            "20580": 93,
            "20640": 93,
            "20700": 93,
            "20760": 94,
            "20820": 94,
            "20880": 94,
            "20940": 94,
            "21000": 94,
            "21060": 93,
            "21120": 94,
            "21180": 94,
            "21240": 92,
            "21300": 94,
            "21360": 94,
            "21420": 94,
            "21480": 94,
            "21540": 94,
            "21600": 94,
            "21660": 94,
            "21720": 93,
            "21780": 93,
            "21840": 93,
            "21900": 93,
            "21960": 92,
            "22020": 93,
            "22080": 93,
            "22140": 93,
            "22200": 93,
            "22260": 94,
            "22320": 94,
            "22380": 94,
            "22440": 94,
            "22500": 93,
            "22560": 92,
            "22620": 93,
            "22680": 93,
            "22740": 95,
            "22800": 95,
            "22860": 95,
            "22920": 95,
            "22980": 94,
            "23040": 94,
            "23100": 94,
            "23160": 94,
            "23220": 90,
            "23280": 94,
            "23340": 94,
            "23400": 94,
            "23460": 91,
            "23520": 91,
            "23580": 90,
            "23640": 91,
            "23700": 91,
            "23760": 91,
            "23820": 91,
            "23880": 91,
            "23940": 91,
            "24000": 91,
            "24060": 91,
            "24120": 91,
            "24180": 91,
            "24240": 91,
            "24300": 91,
            "24360": 91,
            "24420": 91,
            "24480": 91,
            "24540": 91,
            "24600": 91,
            "24660": 91,
            "24720": 91,
            "24780": 91,
            "24840": 91,
            "24900": 91,
            "24960": 91,
            "25020": 91,
            "25080": 91,
            "25140": 91,
            "25200": 94,
            "25260": 93,
            "25320": 93,
            "25380": 92,
            "25440": 92,
            "25500": 94,
            "25560": 94,
            "25620": 92,
            "25680": 92,
            "25740": 93,
            "25800": 94,
            "25860": 95,
            "25920": 94,
            "25980": 94,
            "26040": 94,
            "26100": 94,
            "26160": 93,
            "26220": 94,
            "26280": 94,
            "26340": 95,
            "26400": 94,
            "26460": 93,
            "26520": 92,
            "26580": 92,
            "26640": 92,
            "26700": 91,
            "26760": 92,
            "26820": 92,
            "26880": 93,
            "26940": 92,
            "27000": 93,
            "27060": 93,
            "27120": 95,
            "27180": 94,
            "27240": 94,
            "27300": 93,
            "27360": 93,
            "27420": 93,
            "27480": 94,
            "27540": 95,
            "27600": 95,
            "27660": 95,
            "27720": 94,
            "27780": 95,
            "27840": 95,
            "27900": 96,
            "27960": 95,
            "28020": 95,
            "28080": 95,
            "28140": 95,
            "28200": 95,
            "28260": 95,
            "28320": 95,
            "28380": 95,
            "28440": 96,
            "28500": 95,
            "28560": 95,
            "28620": 95,
            "28680": 95,
            "28740": 95,
            "28800": 95,
            "28860": 95,
            "28920": 95,
            "28980": 95,
            "29040": 95,
            "29100": 95,
            "29160": 95,
            "29220": 95,
            "29280": 95,
            "29340": 95,
            "29400": 95,
            "29460": 95,
            "29520": 95,
            "29580": 95,
            "29640": 95,
            "29700": 95,
            "29760": 95,
            "29820": 95,
            "29880": 95,
            "29940": 95,
            "30000": 95,
            "30060": 95,
            "30120": 95,
            "30180": 93,
            "30240": 93,
            "30300": 93,
            "30360": 93,
            "30420": 93,
            "30480": 95
        },
        "timeOffsetSleepRespiration": {
            "60": 17.6,
            "120": 17.76,
            "180": 17.29,
            "240": 17.28,
            "300": 17.48,
            "360": 17.21,
            "420": 17.33,
            "480": 17.75,
            "540": 17.25,
            "600": 17.16,
            "660": 17.21,
            "720": 17.43,
            "780": 17.66,
            "840": 17.58,
            "900": 17.13,
            "960": 17.0,
            "1020": 17.61,
            "1080": 17.15,
            "1140": 16.74,
            "1200": 16.9,
            "1260": 17.59,
            "1320": 16.52,
            "1380": 15.24,
            "1440": 15.78,
            "1500": 15.88,
            "1560": 15.8,
            "1620": 15.4,
            "1680": 15.87,
            "1740": 16.18,
            "1800": 16.13,
            "1860": 16.44,
            "1920": 16.47,
            "1980": 16.43,
            "2040": 16.15,
            "2100": 15.38,
            "2160": 15.58,
            "2220": 15.86,
            "2280": 16.18,
            "2340": 16.4,
            "2400": 16.11,
            "2460": 15.07,
            "2520": 15.07,
            "2580": 15.69,
            "2640": 16.03,
            "2700": 16.17,
            "2760": 15.99,
            "2820": 16.37,
            "2880": 16.13,
            "2940": 15.96,
            "3000": 16.82,
            "3060": 16.37,
            "3180": 16.39,
            "3240": 15.87,
            "3300": 15.32,
            "3360": 15.01,
            "3420": 15.49,
            "3480": 15.52,
            "3540": 15.13,
            "3600": 15.19,
            "3660": 14.89,
            "3720": 15.0,
            "3780": 15.85,
            "3840": 15.98,
            "3900": 16.04,
            "3960": 15.07,
            "4020": 15.09,
            "4080": 15.34,
            "4140": 14.65,
            "4200": 14.69,
            "4260": 15.15,
            "4320": 16.25,
            "4380": 17.17,
            "4440": 18.12,
            "4500": 17.0,
            "4560": 17.15,
            "4620": 16.33,
            "4680": 15.87,
            "4740": 16.61,
            "4800": 16.67,
            "4860": 16.21,
            "4920": 16.51,
            "4980": 16.86,
            "5040": 17.46,
            "5100": 16.44,
            "5160": 15.03,
            "5220": 16.36,
            "5280": 16.86,
            "5340": 16.26,
            "5400": 15.45,
            "5460": 15.93,
            "5520": 15.19,
            "5580": 15.15,
            "5640": 15.27,
            "5700": 15.58,
            "5760": 15.13,
            "5820": 15.61,
            "5880": 15.93,
            "5940": 15.83,
            "6000": 15.75,
            "6060": 16.06,
            "6120": 16.16,
            "6180": 16.09,
            "6240": 16.01,
            "6300": 15.88,
            "6360": 15.87,
            "6420": 15.84,
            "6480": 16.01,
            "6540": 16.06,
            "6600": 15.8,
            "6660": 15.57,
            "6720": 15.83,
            "6780": 15.88,
            "6840": 14.78,
            "6900": 14.12,
            "6960": 13.93,
            "7020": 14.28,
            "7080": 14.6,
            "7140": 15.0,
            "7200": 14.9,
            "7260": 14.61,
            "7320": 14.3,
            "7380": 14.53,
            "7440": 13.74,
            "7500": 14.5,
            "7560": 14.31,
            "7620": 15.04,
            "7680": 15.48,
            "7740": 14.63,
            "7800": 13.68,
            "7860": 13.33,
            "7920": 13.86,
            "7980": 14.25,
            "8040": 14.19,
            "8100": 14.98,
            "8160": 16.5,
            "8220": 17.89,
            "8280": 19.25,
            "8340": 18.8,
            "8400": 18.45,
            "8460": 18.45,
            "8520": 17.37,
            "8580": 15.16,
            "8640": 14.03,
            "8700": 13.91,
            "8760": 13.24,
            "8820": 13.78,
            "8880": 14.86,
            "8940": 15.79,
            "9000": 15.41,
            "9060": 15.77,
            "9120": 14.86,
            "9180": 13.69,
            "9240": 13.55,
            "9300": 13.62,
            "9360": 14.66,
            "9420": 15.83,
            "9480": 14.54,
            "9540": 13.71,
            "9600": 13.82,
            "9660": 14.19,
            "9720": 15.67,
            "9780": 16.55,
            "9840": 16.58,
            "9900": 15.71,
            "9960": 14.81,
            "10020": 14.87,
            "10080": 15.02,
            "10140": 14.5,
            "10200": 14.16,
            "10260": 14.21,
            "10320": 14.91,
            "10380": 15.81,
            "10440": 15.7,
            "10500": 14.73,
            "10560": 15.27,
            "10620": 15.56,
            "10680": 15.42,
            "10740": 15.22,
            "10800": 15.11,
            "10860": 16.08,
            "10920": 15.68,
            "10980": 16.44,
            "11040": 16.6,
            "11100": 16.13,
            "11160": 16.16,
            "11220": 15.96,
            "11280": 15.7,
            "11340": 15.81,
            "11400": 15.87,
            "11460": 15.6,
            "11520": 15.74,
            "11580": 15.38,
            "11640": 15.62,
            "11700": 15.71,
            "11760": 16.1,
            "11820": 16.09,
            "11880": 15.71,
            "11940": 15.7,
            "12000": 16.38,
            "12060": 15.58,
            "12120": 15.69,
            "12180": 15.68,
            "12240": 15.54,
            "12300": 15.94,
            "12360": 16.21,
            "12420": 15.86,
            "12480": 15.52,
            "12540": 15.83,
            "12600": 15.7,
            "12660": 15.59,
            "12720": 15.59,
            "12780": 15.94,
            "12840": 15.58,
            "12900": 15.04,
            "12960": 14.13,
            "13020": 13.49,
            "13080": 14.6,
            "13140": 14.91,
            "13200": 14.51,
            "13260": 14.1,
            "13320": 14.11,
            "13380": 14.13,
            "13440": 14.45,
            "13500": 14.8,
            "13560": 14.83,
            "13620": 14.41,
            "13680": 14.42,
            "13740": 13.9,
            "13800": 12.95,
            "13860": 12.54,
            "13920": 13.14,
            "13980": 13.39,
            "14040": 13.68,
            "14100": 14.41,
            "14160": 14.85,
            "14220": 14.53,
            "14280": 14.12,
            "14340": 14.27,
            "14400": 13.86,
            "14460": 14.74,
            "14520": 15.06,
            "14580": 14.08,
            "14640": 13.7,
            "14700": 13.41,
            "14760": 13.17,
            "14820": 13.78,
            "14880": 13.31,
            "14940": 13.16,
            "15000": 13.75,
            "15060": 15.47,
            "15120": 14.79,
            "15180": 14.32,
            "15240": 14.89,
            "15300": 14.16,
            "15360": 13.71,
            "15420": 13.72,
            "15480": 14.82,
            "15540": 14.53,
            "15600": 14.06,
            "15660": 14.16,
            "15720": 14.44,
            "15780": 16.47,
            "15840": 16.15,
            "15900": 15.88,
            "15960": 15.67,
            "16020": 15.57,
            "16080": 15.19,
            "16140": 14.82,
            "16200": 15.37,
            "16260": 16.34,
            "16320": 15.31,
            "16380": 15.03,
            "16440": 14.52,
            "16500": 14.39,
            "16560": 14.32,
            "16620": 14.72,
            "16680": 14.4,
            "16740": 13.94,
            "16800": 13.66,
            "16860": 13.23,
            "16920": 13.37,
            "16980": 14.63,
            "17040": 15.16,
            "17100": 15.58,
            "17160": 14.92,
            "17220": 15.0,
            "17280": 15.53,
            "17340": 15.51,
            "17400": 15.87,
            "17460": 15.15,
            "17520": 14.99,
            "17580": 15.15,
            "17640": 15.17,
            "17700": 15.83,
            "17760": 15.04,
            "17820": 14.94,
            "17880": 14.94,
            "17940": 15.23,
            "18000": 15.68,
            "18060": 15.56,
            "18120": 15.24,
            "18180": 15.52,
            "18240": 14.99,
            "18300": 15.11,
            "18360": 14.6,
            "18420": 15.02,
            "18480": 15.3,
            "18540": 15.21,
            "18600": 15.16,
            "18660": 14.9,
            "18720": 14.84,
            "18780": 14.43,
            "18840": 14.84,
            "18900": 14.66,
            "18960": 14.19,
            "19020": 14.12,
            "19080": 14.1,
            "19140": 15.07,
            "19200": 14.91,
            "19260": 13.89,
            "19320": 14.26,
            "19440": 13.73,
            "19500": 13.5,
            "19560": 13.38,
            "19620": 14.21,
            "19680": 14.21,
            "19740": 14.64,
            "19800": 13.46,
            "19860": 13.01,
            "19920": 12.69,
            "19980": 12.77,
            "20040": 14.27,
            "20100": 13.88,
            "20160": 13.9,
            "20220": 14.4,
            "20280": 14.73,
            "20340": 14.82,
            "20400": 15.06,
            "20460": 15.05,
            "20520": 14.8,
            "20580": 15.16,
            "20640": 14.86,
            "20700": 14.31,
            "20760": 14.98,
            "20820": 15.37,
            "20880": 15.24,
            "20940": 14.3,
            "21000": 14.91,
            "21060": 13.86,
            "21120": 14.19,
            "21180": 14.35,
            "21240": 14.27,
            "21300": 14.68,
            "21360": 13.04,
            "21420": 13.63,
            "21480": 13.33,
            "21540": 13.49,
            "21600": 13.77,
            "21660": 14.85,
            "21720": 15.56,
            "21780": 15.24,
            "21840": 14.51,
            "21900": 13.51,
            "21960": 12.87,
            "22020": 14.75,
            "22080": 14.9,
            "22140": 15.04,
            "22200": 14.7,
            "22260": 14.7,
            "22320": 13.92,
            "22380": 13.12,
            "22440": 13.83,
            "22500": 14.35,
            "22560": 14.89,
            "22620": 15.26,
            "22680": 15.03,
            "22740": 15.16,
            "22800": 15.45,
            "22860": 14.99,
            "22920": 15.29,
            "22980": 14.24,
            "23040": 14.67,
            "23100": 15.06,
            "23160": 15.47,
            "23220": 15.27,
            "23280": 15.19,
            "23340": 13.8,
            "23400": 13.78,
            "23460": 13.76,
            "23520": 14.68,
            "23580": 14.84,
            "23640": 14.25,
            "23700": 14.17,
            "23760": 14.23,
            "23820": 14.26,
            "23880": 14.93,
            "23940": 15.55,
            "24000": 16.73,
            "24060": 17.85,
            "24120": 18.87,
            "24180": 19.13,
            "24240": 19.38,
            "24300": 18.88,
            "24360": 17.66,
            "24420": 18.01,
            "24480": 18.25,
            "24540": 18.16,
            "24600": 18.25,
            "24660": 17.61,
            "24720": 18.01,
            "24780": 19.37,
            "24840": 20.22,
            "24900": 20.37,
            "24960": 21.26,
            "25020": 21.37,
            "25080": 21.01,
            "25140": 20.69,
            "25200": 20.73,
            "25260": 19.99,
            "25320": 19.52,
            "25380": 19.02,
            "25440": 18.31,
            "25500": 19.82,
            "25560": 19.47,
            "25620": 19.52,
            "25680": 18.24,
            "25740": 17.65,
            "25800": 17.04,
            "25860": 17.54,
            "25920": 16.38,
            "25980": 15.81,
            "26040": 16.13,
            "26100": 14.94,
            "26160": 13.74,
            "26220": 14.44,
            "26280": 14.6,
            "26340": 14.38,
            "26400": 14.18,
            "26460": 14.44,
            "26520": 13.62,
            "26580": 13.37,
            "26640": 14.2,
            "26700": 14.74,
            "26760": 14.48,
            "26820": 13.92,
            "26880": 14.69,
            "26940": 15.56,
            "27000": 15.3,
            "27060": 14.78,
            "27120": 15.57,
            "27180": 14.76,
            "27240": 14.48,
            "27300": 14.82,
            "27360": 13.53,
            "27420": 12.53,
            "27480": 13.54,
            "27540": 13.08,
            "27600": 12.41,
            "27660": 12.63,
            "27720": 12.96,
            "27780": 13.23,
            "27840": 12.77,
            "27900": 12.92,
            "27960": 13.8,
            "28020": 14.39,
            "28080": 14.87,
            "28140": 15.24,
            "28200": 14.84,
            "28260": 14.33,
            "28320": 14.18,
            "28380": 13.79,
            "28440": 13.44,
            "28500": 13.7,
            "28560": 14.57,
            "28620": 14.34,
            "28680": 14.39,
            "28740": 15.06,
            "28800": 15.21,
            "28860": 15.5,
            "28920": 15.84,
            "28980": 15.96,
            "29040": 15.49,
            "29100": 15.72,
            "29160": 16.41,
            "29220": 16.7,
            "29280": 15.89,
            "29340": 14.66,
            "29400": 15.25,
            "29460": 16.16,
            "29520": 16.78,
            "29580": 17.39,
            "29640": 17.63,
            "29700": 16.48,
            "29760": 16.03,
            "29820": 16.23,
            "29880": 15.94,
            "29940": 15.21,
            "30000": 14.7,
            "30060": 15.09,
            "30120": 14.68,
            "30180": 15.05,
            "30240": 15.25,
            "30300": 14.12,
            "30360": 14.18,
            "30420": 13.99,
            "30480": 13.58,
            "30540": 13.46
        },
        "overallSleepScore": {
            "value": 77,
            "qualifierKey": "FAIR"
        },
        "sleepScores": {
            "totalDuration": {
                "qualifierKey": "EXCELLENT"
            },
            "stress": {
                "qualifierKey": "EXCELLENT"
            },
            "awakeCount": {
                "qualifierKey": "EXCELLENT"
            },
            "remPercentage": {
                "qualifierKey": "POOR"
            },
            "restlessness": {
                "qualifierKey": "EXCELLENT"
            },
            "lightPercentage": {
                "qualifierKey": "FAIR"
            },
            "deepPercentage": {
                "qualifierKey": "GOOD"
            }
        }
    }
]