[
    
    {
        "userId": "49d85c6a-b8f8-4787-95fa-f145553e59a9",
        "userAccessToken": "7b64f2c3-1572-407f-ac1a-ea3ef127ff2c",
        "summaryId": "x45dba26-670adad8e68586c8-072c-4313-b808-d67ece5083b978",
        "calendarDate": "2024-10-12",
        "startTimeInSeconds": 1728764632,
        "durationInSeconds": 120,
        "startTimeOffsetInSeconds": 7254,
        "summaries": [
            {
                "summaryType": "heart_rate",
                "minValue": 74.0,
                "maxValue": 93.0,
                "avgValue": 85.0,
                "epochSummaries": {
                    "0": 89.0,
                    "1": 89.0,
                    "2": 90.0,
                    "3": 90.0,
                    "4": 90.0,
                    "5": 91.0,
                    "6": 91.0,
                    "7": 91.0,
                    "8": 90.0,
                    "9": 89.0,
                    "10": 88.0,
                    "11": 87.0,
                    "12": 87.0,
                    "13": 86.0,
                    "14": 93.0,
                    "15": 91.0,
                    "16": 89.0,
                    "17": 88.0,
                    "18": 87.0,
                    "19": 86.0,
                    "20": 85.0,
                    "21": 85.0,
                    "22": 84.0,
                    "23": 84.0,
                    "24": 83.0,
                    "25": 83.0,
                    "26": 82.0,
                    "27": 77.0,
                    "28": 76.0,
                    "29": 77.0,
                    "30": 78.0,
                    "31": 78.0,
                    "32": 79.0,
                    "33": 80.0,
                    "34": 80.0,
                    "35": 80.0,
                    "36": 80.0,
                    "37": 80.0,
                    "38": 80.0,
                    "39": 80.0,
                    "40": 80.0,
                    "41": 80.0,
                    "42": 80.0,
                    "43": 81.0,
                    "44": 81.0,
                    "45": 81.0,
                    "46": 82.0,
                    "47": 82.0,
                    "48": 83.0,
                    "49": 83.0,
                    "50": 84.0,
                    "51": 84.0,
                    "52": 84.0,
                    "53": 85.0,
                    "54": 85.0,
                    "55": 86.0,
                    "56": 86.0,
                    "57": 86.0,
                    "58": 86.0,
                    "59": 86.0,
                    "60": 86.0,
                    "61": 86.0,
                    "62": 87.0,
                    "63": 87.0,
                    "64": 87.0,
                    "65": 87.0,
                    "66": 87.0,
                    "67": 87.0,
                    "68": 87.0,
                    "69": 87.0,
                    "70": 87.0,
                    "71": 87.0,
                    "72": 87.0,
                    "73": 87.0,
                    "74": 87.0,
                    "75": 86.0,
                    "76": 86.0,
                    "77": 86.0,
                    "78": 86.0,
                    "79": 86.0,
                    "80": 87.0,
                    "81": 87.0,
                    "82": 86.0,
                    "83": 86.0,
                    "84": 85.0,
                    "85": 84.0,
                    "86": 83.0,
                    "87": 84.0,
                    "88": 84.0,
                    "89": 84.0,
                    "90": 85.0,
                    "91": 86.0,
                    "92": 88.0,
                    "93": 89.0,
                    "94": 89.0,
                    "95": 89.0,
                    "96": 89.0,
                    "97": 89.0,
                    "98": 89.0,
                    "99": 89.0,
                    "100": 88.0,
                    "101": 87.0,
                    "102": 86.0,
                    "103": 87.0,
                    "104": 88.0,
                    "105": 88.0,
                    "106": 88.0,
                    "107": 89.0,
                    "108": 88.0,
                    "109": 88.0,
                    "110": 88.0,
                    "111": 87.0,
                    "112": 86.0,
                    "113": 85.0,
                    "114": 76.0,
                    "115": 75.0,
                    "116": 74.0,
                    "117": 75.0,
                    "118": 77.0,
                    "119": 79.0,
                    "120": 80.0
                }
            },
            {
                "summaryType": "respiration",
                "minValue": 12.539999961853027,
                "maxValue": 14.039999961853027,
                "avgValue": 13.59000015258789,
                "epochSummaries": {
                    "0": 12.84000015258789,
                    "1": 12.84000015258789,
                    "2": 13.039999961853027,
                    "3": 13.039999961853027,
                    "4": 13.039999961853027,
                    "5": 13.039999961853027,
                    "6": 13.199999809265137,
                    "7": 13.199999809265137,
                    "8": 13.199999809265137,
                    "9": 13.199999809265137,
                    "10": 13.199999809265137,
                    "11": 13.119999885559082,
                    "12": 13.119999885559082,
                    "13": 13.119999885559082,
                    "14": 13.119999885559082,
                    "15": 13.270000457763672,
                    "16": 13.270000457763672,
                    "17": 13.65999984741211,
                    "18": 13.65999984741211,
                    "19": 13.65999984741211,
                    "20": 13.65999984741211,
                    "21": 13.65999984741211,
                    "22": 13.789999961853027,
                    "23": 13.789999961853027,
                    "24": 13.789999961853027,
                    "25": 13.789999961853027,
                    "26": 13.789999961853027,
                    "27": 13.65999984741211,
                    "28": 13.65999984741211,
                    "29": 13.65999984741211,
                    "30": 13.65999984741211,
                    "31": 13.65999984741211,
                    "32": 13.65999984741211,
                    "33": 13.65999984741211,
                    "34": 13.65999984741211,
                    "35": 13.65999984741211,
                    "36": 13.65999984741211,
                    "37": 13.65999984741211,
                    "38": 13.65999984741211,
                    "39": 13.65999984741211,
                    "40": 13.65999984741211,
                    "41": 13.479999542236328,
                    "42": 13.479999542236328,
                    "43": 13.479999542236328,
                    "44": 13.479999542236328,
                    "45": 13.479999542236328,
                    "46": 13.479999542236328,
                    "47": 13.479999542236328,
                    "48": 13.479999542236328,
                    "49": 13.479999542236328,
                    "50": 13.479999542236328,
                    "51": 13.630000114440918,
                    "52": 13.630000114440918,
                    "53": 13.630000114440918,
                    "54": 13.630000114440918,
                    "55": 13.630000114440918,
                    "56": 14.039999961853027,
                    "57": 14.039999961853027,
                    "58": 14.039999961853027,
                    "59": 14.039999961853027,
                    "60": 14.039999961853027,
                    "61": 14.039999961853027,
                    "62": 14.039999961853027,
                    "63": 14.039999961853027,
                    "64": 14.039999961853027,
                    "65": 14.039999961853027,
                    "66": 14.039999961853027,
                    "67": 14.039999961853027,
                    "68": 14.039999961853027,
                    "69": 14.039999961853027,
                    "70": 14.039999961853027,
                    "71": 13.890000343322754,
                    "72": 13.890000343322754,
                    "73": 13.890000343322754,
                    "74": 13.890000343322754,
                    "75": 13.890000343322754,
                    "76": 13.890000343322754,
                    "77": 13.859999656677246,
                    "78": 13.859999656677246,
                    "79": 13.859999656677246,
                    "80": 13.859999656677246,
                    "81": 13.859999656677246,
                    "82": 13.859999656677246,
                    "83": 13.489999771118164,
                    "84": 13.489999771118164,
                    "85": 13.489999771118164,
                    "86": 13.529999732971191,
                    "87": 13.529999732971191,
                    "88": 13.529999732971191,
                    "89": 13.529999732971191,
                    "90": 13.529999732971191,
                    "91": 13.529999732971191,
                    "92": 13.529999732971191,
                    "93": 13.619999885559082,
                    "94": 13.619999885559082,
                    "95": 13.619999885559082,
                    "96": 13.619999885559082,
                    "97": 13.619999885559082,
                    "98": 13.619999885559082,
                    "99": 13.619999885559082,
                    "100": 13.619999885559082,
                    "101": 13.619999885559082,
                    "102": 13.619999885559082,
                    "103": 13.619999885559082,
                    "104": 13.619999885559082,
                    "105": 13.619999885559082,
                    "106": 13.619999885559082,
                    "107": 13.619999885559082,
                    "108": 13.619999885559082,
                    "109": 13.420000076293945,
                    "110": 13.420000076293945,
                    "111": 13.420000076293945,
                    "112": 13.420000076293945,
                    "113": 13.420000076293945,
                    "114": 13.420000076293945,
                    "115": 13.420000076293945,
                    "116": 13.420000076293945,
                    "117": 13.420000076293945,
                    "118": 13.420000076293945,
                    "119": 13.420000076293945,
                    "120": 12.539999961853027
                }
            },
            {
                "summaryType": "stress",
                "minValue": 72.0,
                "maxValue": 82.0,
                "avgValue": 76.0,
                "epochSummaries": {
                    "8": 82.0,
                    "9": 82.0,
                    "10": 82.0,
                    "11": 82.0,
                    "12": 82.0,
                    "13": 80.0,
                    "14": 80.0,
                    "15": 80.0,
                    "16": 80.0,
                    "17": 80.0,
                    "18": 79.0,
                    "19": 79.0,
                    "20": 79.0,
                    "21": 79.0,
                    "22": 79.0,
                    "23": 78.0,
                    "24": 78.0,
                    "25": 78.0,
                    "26": 78.0,
                    "27": 78.0,
                    "28": 78.0,
                    "29": 78.0,
                    "30": 78.0,
                    "31": 78.0,
                    "32": 78.0,
                    "33": 76.0,
                    "34": 76.0,
                    "35": 76.0,
                    "36": 76.0,
                    "37": 76.0,
                    "38": 74.0,
                    "39": 74.0,
                    "40": 74.0,
                    "41": 74.0,
                    "42": 74.0,
                    "43": 72.0,
                    "44": 72.0,
                    "45": 72.0,
                    "46": 72.0,
                    "47": 72.0,
                    "48": 72.0,
                    "49": 72.0,
                    "50": 72.0,
                    "51": 72.0,
                    "52": 72.0,
                    "53": 72.0,
                    "54": 72.0,
                    "55": 72.0,
                    "56": 72.0,
                    "57": 72.0,
                    "58": 72.0,
                    "59": 72.0,
                    "60": 72.0,
                    "61": 72.0,
                    "62": 72.0,
                    "63": 73.0,
                    "64": 73.0,
                    "65": 73.0,
                    "66": 73.0,
                    "67": 73.0,
                    "68": 74.0,
                    "69": 74.0,
                    "70": 74.0,
                    "71": 74.0,
                    "72": 74.0,
                    "73": 75.0,
                    "74": 75.0,
                    "75": 75.0,
                    "76": 75.0,
                    "77": 75.0,
                    "78": 76.0,
                    "79": 76.0,
                    "80": 76.0,
                    "81": 76.0,
                    "82": 76.0,
                    "83": 76.0,
                    "84": 76.0,
                    "85": 76.0,
                    "86": 76.0,
                    "87": 76.0,
                    "88": 76.0,
                    "89": 76.0,
                    "90": 76.0,
                    "91": 76.0,
                    "92": 76.0,
                    "93": 76.0,
                    "94": 76.0,
                    "95": 76.0,
                    "96": 76.0,
                    "97": 76.0,
                    "98": 76.0,
                    "99": 76.0,
                    "100": 76.0,
                    "101": 76.0,
                    "102": 76.0,
                    "103": 76.0,
                    "104": 76.0,
                    "105": 76.0,
                    "106": 76.0,
                    "107": 76.0,
                    "108": 77.0,
                    "109": 77.0,
                    "110": 77.0,
                    "111": 77.0,
                    "112": 77.0,
                    "113": 78.0,
                    "114": 78.0,
                    "115": 78.0,
                    "116": 78.0,
                    "117": 78.0,
                    "118": 74.0,
                    "119": 74.0,
                    "120": 74.0
                }
            },
            {
                "summaryType": "spo2",
                "minValue": 94.0,
                "maxValue": 98.0,
                "avgValue": 96.0,
                "epochSummaries": {
                    "1": 95.0,
                    "2": 95.0,
                    "3": 95.0,
                    "4": 95.0,
                    "5": 95.0,
                    "6": 95.0,
                    "7": 95.0,
                    "8": 95.0,
                    "9": 95.0,
                    "10": 95.0,
                    "11": 95.0,
                    "12": 95.0,
                    "13": 95.0,
                    "14": 95.0,
                    "15": 95.0,
                    "16": 97.0,
                    "17": 97.0,
                    "18": 98.0,
                    "19": 98.0,
                    "20": 98.0,
                    "21": 98.0,
                    "22": 98.0,
                    "23": 98.0,
                    "24": 98.0,
                    "25": 98.0,
                    "26": 98.0,
                    "27": 98.0,
                    "28": 98.0,
                    "29": 98.0,
                    "30": 98.0,
                    "31": 98.0,
                    "32": 98.0,
                    "33": 98.0,
                    "34": 97.0,
                    "35": 97.0,
                    "36": 97.0,
                    "37": 97.0,
                    "38": 97.0,
                    "39": 97.0,
                    "40": 97.0,
                    "41": 97.0,
                    "42": 97.0,
                    "43": 97.0,
                    "44": 97.0,
                    "45": 97.0,
                    "46": 97.0,
                    "47": 97.0,
                    "48": 97.0,
                    "49": 97.0,
                    "50": 97.0,
                    "51": 97.0,
                    "52": 97.0,
                    "53": 97.0,
                    "54": 97.0,
                    "55": 97.0,
                    "56": 96.0,
                    "57": 96.0,
                    "58": 95.0,
                    "59": 95.0,
                    "60": 95.0,
                    "61": 95.0,
                    "62": 94.0,
                    "63": 94.0,
                    "64": 94.0,
                    "65": 94.0,
                    "66": 94.0,
                    "67": 94.0,
                    "68": 95.0,
                    "69": 95.0,
                    "70": 95.0,
                    "71": 95.0,
                    "72": 95.0,
                    "73": 95.0,
                    "74": 95.0,
                    "75": 95.0,
                    "76": 95.0,
                    "77": 95.0,
                    "78": 95.0,
                    "79": 95.0,
                    "80": 95.0,
                    "81": 95.0,
                    "82": 95.0,
                    "83": 95.0,
                    "84": 95.0,
                    "85": 95.0,
                    "86": 96.0,
                    "87": 96.0,
                    "88": 96.0,
                    "89": 96.0,
                    "90": 96.0,
                    "91": 96.0,
                    "92": 96.0,
                    "93": 96.0,
                    "94": 96.0,
                    "95": 96.0,
                    "96": 96.0,
                    "97": 96.0,
                    "98": 96.0,
                    "99": 96.0,
                    "100": 96.0,
                    "101": 96.0,
                    "102": 96.0,
                    "103": 96.0,
                    "104": 96.0,
                    "105": 96.0,
                    "106": 96.0,
                    "107": 96.0,
                    "108": 96.0,
                    "109": 96.0,
                    "110": 96.0,
                    "111": 96.0,
                    "112": 96.0,
                    "113": 96.0,
                    "114": 96.0,
                    "115": 96.0,
                    "116": 96.0,
                    "117": 96.0,
                    "118": 96.0,
                    "119": 96.0,
                    "120": 96.0
                }
            },
            {
                "summaryType": "rmssd_hrv",
                "avgValue": 31.0
            },
            {
                "summaryType": "sdrr_hrv",
                "avgValue": 46.0
            }
        ]
    }
]