[
    
    {
        "userId": "49d85c6a-b8f8-4787-95fa-f145553e59a9",
        "userAccessToken": "7b64f2c3-1572-407f-ac1a-ea3ef127ff2c",
        "summaryId": "x45dba26-670a65a94670a79b-7a78-454e-99e5-9fdb0ed6f1f278",
        "calendarDate": "2024-10-12",
        "startTimeInSeconds": 1728734633,
        "durationInSeconds": 120,
        "startTimeOffsetInSeconds": 7254,
        "summaries": [
            {
                "summaryType": "heart_rate",
                "minValue": 65.0,
                "maxValue": 78.0,
                "avgValue": 72.0,
                "epochSummaries": {
                    "0": 75.0,
                    "1": 76.0,
                    "2": 76.0,
                    "3": 75.0,
                    "4": 75.0,
                    "5": 75.0,
                    "6": 73.0,
                    "7": 73.0,
                    "8": 72.0,
                    "9": 71.0,
                    "10": 70.0,
                    "11": 70.0,
                    "12": 71.0,
                    "13": 71.0,
                    "14": 72.0,
                    "15": 73.0,
                    "16": 74.0,
                    "17": 74.0,
                    "18": 74.0,
                    "19": 74.0,
                    "20": 74.0,
                    "21": 73.0,
                    "22": 73.0,
                    "23": 74.0,
                    "24": 74.0,
                    "25": 74.0,
                    "26": 74.0,
                    "27": 74.0,
                    "28": 69.0,
                    "29": 68.0,
                    "30": 68.0,
                    "31": 68.0,
                    "32": 68.0,
                    "33": 69.0,
                    "34": 70.0,
                    "35": 70.0,
                    "36": 69.0,
                    "37": 69.0,
                    "38": 69.0,
                    "39": 69.0,
                    "40": 69.0,
                    "41": 67.0,
                    "42": 67.0,
                    "43": 67.0,
                    "44": 68.0,
                    "45": 71.0,
                    "46": 74.0,
                    "47": 75.0,
                    "48": 76.0,
                    "49": 76.0,
                    "50": 76.0,
                    "51": 76.0,
                    "52": 75.0,
                    "53": 72.0,
                    "54": 71.0,
                    "55": 70.0,
                    "56": 70.0,
                    "57": 69.0,
                    "58": 69.0,
                    "59": 70.0,
                    "60": 71.0,
                    "61": 72.0,
                    "62": 72.0,
                    "63": 72.0,
                    "64": 71.0,
                    "65": 71.0,
                    "66": 70.0,
                    "67": 67.0,
                    "68": 65.0,
                    "69": 65.0,
                    "70": 66.0,
                    "71": 67.0,
                    "72": 69.0,
                    "73": 69.0,
                    "74": 70.0,
                    "75": 70.0,
                    "76": 70.0,
                    "77": 70.0,
                    "78": 70.0,
                    "79": 71.0,
                    "80": 72.0,
                    "81": 72.0,
                    "82": 73.0,
                    "83": 76.0,
                    "84": 78.0,
                    "85": 78.0,
                    "86": 78.0,
                    "87": 78.0,
                    "88": 78.0,
                    "89": 78.0,
                    "90": 78.0,
                    "91": 78.0,
                    "92": 77.0,
                    "93": 77.0,
                    "94": 77.0,
                    "95": 77.0,
                    "96": 75.0,
                    "97": 74.0,
                    "98": 72.0,
                    "99": 71.0,
                    "100": 70.0,
                    "101": 70.0,
                    "102": 69.0,
                    "103": 69.0,
                    "104": 69.0,
                    "105": 70.0,
                    "106": 71.0,
                    "107": 71.0,
                    "108": 71.0,
                    "109": 71.0,
                    "110": 71.0,
                    "111": 70.0,
                    "112": 71.0,
                    "113": 71.0,
                    "114": 71.0,
                    "115": 71.0,
                    "116": 71.0,
                    "117": 71.0,
                    "118": 72.0,
                    "119": 72.0,
                    "120": 72.0
                }
            },
            {
                "summaryType": "respiration",
                "minValue": 12.359999656677246,
                "maxValue": 14.329999923706055,
                "avgValue": 13.4399995803833,
                "epochSummaries": {
                    "0": 14.270000457763672,
                    "1": 14.329999923706055,
                    "2": 14.329999923706055,
                    "3": 14.329999923706055,
                    "4": 14.329999923706055,
                    "5": 14.329999923706055,
                    "6": 14.020000457763672,
                    "7": 14.020000457763672,
                    "8": 14.020000457763672,
                    "9": 14.020000457763672,
                    "10": 13.960000038146973,
                    "11": 13.960000038146973,
                    "12": 13.960000038146973,
                    "13": 13.960000038146973,
                    "14": 14.029999732971191,
                    "15": 14.029999732971191,
                    "16": 14.029999732971191,
                    "17": 14.029999732971191,
                    "18": 14.029999732971191,
                    "19": 14.029999732971191,
                    "20": 14.029999732971191,
                    "21": 13.760000228881836,
                    "22": 13.760000228881836,
                    "23": 13.760000228881836,
                    "24": 13.760000228881836,
                    "25": 13.84000015258789,
                    "26": 13.84000015258789,
                    "27": 13.84000015258789,
                    "28": 14.050000190734863,
                    "29": 14.050000190734863,
                    "30": 14.050000190734863,
                    "31": 14.050000190734863,
                    "32": 14.050000190734863,
                    "33": 14.130000114440918,
                    "34": 14.130000114440918,
                    "35": 14.130000114440918,
                    "36": 14.130000114440918,
                    "37": 14.130000114440918,
                    "38": 14.140000343322754,
                    "39": 14.140000343322754,
                    "40": 14.140000343322754,
                    "41": 14.140000343322754,
                    "42": 13.970000267028809,
                    "43": 13.970000267028809,
                    "44": 13.970000267028809,
                    "45": 13.970000267028809,
                    "46": 13.930000305175781,
                    "47": 13.930000305175781,
                    "48": 13.930000305175781,
                    "49": 13.930000305175781,
                    "50": 13.930000305175781,
                    "51": 13.930000305175781,
                    "52": 13.930000305175781,
                    "53": 13.930000305175781,
                    "54": 13.569999694824219,
                    "55": 13.569999694824219,
                    "56": 13.569999694824219,
                    "57": 13.569999694824219,
                    "58": 13.569999694824219,
                    "59": 13.569999694824219,
                    "60": 13.569999694824219,
                    "61": 13.25,
                    "62": 13.25,
                    "63": 13.25,
                    "64": 13.15999984741211,
                    "65": 13.15999984741211,
                    "66": 13.15999984741211,
                    "67": 13.15999984741211,
                    "68": 13.15999984741211,
                    "69": 13.15999984741211,
                    "70": 12.859999656677246,
                    "71": 12.859999656677246,
                    "72": 12.859999656677246,
                    "73": 12.859999656677246,
                    "74": 13.050000190734863,
                    "75": 13.050000190734863,
                    "76": 13.050000190734863,
                    "77": 13.050000190734863,
                    "78": 13.050000190734863,
                    "79": 13.050000190734863,
                    "80": 13.050000190734863,
                    "81": 13.050000190734863,
                    "82": 13.130000114440918,
                    "83": 13.0,
                    "84": 13.0,
                    "85": 13.0,
                    "86": 13.0,
                    "87": 13.0,
                    "88": 13.119999885559082,
                    "89": 13.119999885559082,
                    "90": 13.119999885559082,
                    "91": 13.119999885559082,
                    "92": 13.119999885559082,
                    "93": 13.119999885559082,
                    "94": 12.800000190734863,
                    "95": 12.800000190734863,
                    "96": 12.800000190734863,
                    "97": 12.800000190734863,
                    "98": 12.800000190734863,
                    "99": 12.760000228881836,
                    "100": 12.760000228881836,
                    "101": 12.760000228881836,
                    "102": 12.760000228881836,
                    "103": 12.760000228881836,
                    "104": 12.65999984741211,
                    "105": 12.65999984741211,
                    "106": 12.65999984741211,
                    "107": 12.65999984741211,
                    "108": 12.779999732971191,
                    "109": 12.779999732971191,
                    "110": 12.779999732971191,
                    "111": 12.779999732971191,
                    "112": 12.779999732971191,
                    "113": 12.779999732971191,
                    "114": 12.359999656677246,
                    "115": 12.359999656677246,
                    "116": 12.359999656677246,
                    "117": 12.359999656677246,
                    "118": 12.359999656677246,
                    "119": 12.359999656677246,
                    "120": 13.390000343322754
                }
            },
            {
                "summaryType": "stress",
                "minValue": 22.0,
                "maxValue": 45.0,
                "avgValue": 30.0,
                "epochSummaries": {
                    "0": 22.0,
                    "1": 22.0,
                    "2": 22.0,
                    "3": 22.0,
                    "4": 22.0,
                    "5": 22.0,
                    "6": 22.0,
                    "7": 22.0,
                    "8": 25.0,
                    "9": 25.0,
                    "10": 25.0,
                    "11": 25.0,
                    "12": 25.0,
                    "13": 35.0,
                    "14": 35.0,
                    "15": 35.0,
                    "16": 35.0,
                    "17": 35.0,
                    "18": 41.0,
                    "19": 41.0,
                    "20": 41.0,
                    "21": 41.0,
                    "22": 41.0,
                    "23": 45.0,
                    "24": 45.0,
                    "25": 45.0,
                    "26": 45.0,
                    "27": 45.0,
                    "28": 42.0,
                    "29": 42.0,
                    "30": 42.0,
                    "31": 42.0,
                    "32": 42.0,
                    "33": 41.0,
                    "34": 41.0,
                    "35": 41.0,
                    "36": 41.0,
                    "37": 41.0,
                    "38": 39.0,
                    "39": 39.0,
                    "40": 39.0,
                    "41": 39.0,
                    "42": 39.0,
                    "43": 39.0,
                    "44": 39.0,
                    "45": 39.0,
                    "46": 39.0,
                    "47": 39.0,
                    "48": 36.0,
                    "49": 36.0,
                    "50": 36.0,
                    "51": 36.0,
                    "52": 36.0,
                    "53": 30.0,
                    "54": 30.0,
                    "55": 30.0,
                    "56": 30.0,
                    "57": 30.0,
                    "58": 30.0,
                    "59": 30.0,
                    "60": 30.0,
                    "61": 30.0,
                    "62": 30.0,
                    "63": 26.0,
                    "64": 26.0,
                    "65": 26.0,
                    "66": 26.0,
                    "67": 26.0,
                    "68": 24.0,
                    "69": 24.0,
                    "70": 24.0,
                    "71": 24.0,
                    "72": 24.0,
                    "73": 24.0,
                    "74": 24.0,
                    "75": 24.0,
                    "76": 24.0,
                    "77": 24.0,
                    "78": 24.0,
                    "79": 24.0,
                    "80": 24.0,
                    "81": 24.0,
                    "82": 24.0,
                    "83": 24.0,
                    "84": 24.0,
                    "85": 24.0,
                    "86": 24.0,
                    "87": 24.0,
                    "88": 24.0,
                    "89": 24.0,
                    "90": 24.0,
                    "91": 24.0,
                    "92": 24.0,
                    "93": 25.0,
                    "94": 25.0,
                    "95": 25.0,
                    "96": 25.0,
                    "97": 25.0,
                    "98": 28.0,
                    "99": 28.0,
                    "100": 28.0,
                    "101": 28.0,
                    "102": 28.0,
                    "103": 25.0,
                    "104": 25.0,
                    "105": 25.0,
                    "106": 25.0,
                    "107": 25.0,
                    "108": 24.0,
                    "109": 24.0,
                    "110": 24.0,
                    "111": 24.0,
                    "112": 24.0,
                    "113": 23.0,
                    "114": 23.0,
                    "115": 23.0,
                    "116": 23.0,
                    "117": 23.0,
                    "118": 23.0,
                    "119": 23.0,
                    "120": 23.0
                }
            },
            {
                "summaryType": "spo2",
                "minValue": 93.0,
                "maxValue": 99.0,
                "avgValue": 96.0,
                "epochSummaries": {
                    "2": 99.0,
                    "3": 99.0,
                    "4": 99.0,
                    "5": 99.0,
                    "6": 99.0,
                    "7": 99.0,
                    "8": 99.0,
                    "9": 99.0,
                    "10": 99.0,
                    "11": 99.0,
                    "12": 99.0,
                    "13": 99.0,
                    "14": 99.0,
                    "15": 99.0,
                    "16": 99.0,
                    "17": 99.0,
                    "18": 99.0,
                    "19": 99.0,
                    "20": 99.0,
                    "21": 99.0,
                    "22": 99.0,
                    "23": 99.0,
                    "24": 99.0,
                    "25": 99.0,
                    "26": 99.0,
                    "27": 98.0,
                    "28": 98.0,
                    "29": 97.0,
                    "30": 97.0,
                    "31": 96.0,
                    "32": 96.0,
                    "33": 96.0,
                    "34": 95.0,
                    "35": 95.0,
                    "36": 94.0,
                    "37": 94.0,
                    "38": 93.0,
                    "39": 93.0,
                    "40": 93.0,
                    "41": 93.0,
                    "42": 93.0,
                    "43": 93.0,
                    "44": 93.0,
                    "45": 93.0,
                    "46": 93.0,
                    "47": 93.0,
                    "48": 93.0,
                    "49": 93.0,
                    "50": 93.0,
                    "51": 95.0,
                    "52": 95.0,
                    "53": 97.0,
                    "54": 97.0,
                    "55": 98.0,
                    "56": 98.0,
                    "57": 98.0,
                    "58": 98.0,
                    "59": 98.0,
                    "60": 98.0,
                    "61": 98.0,
                    "62": 98.0,
                    "63": 98.0,
                    "64": 98.0,
                    "65": 98.0,
                    "66": 98.0,
                    "67": 98.0,
                    "68": 98.0,
                    "69": 98.0,
                    "70": 98.0,
                    "71": 98.0,
                    "72": 98.0,
                    "73": 98.0,
                    "74": 98.0,
                    "75": 98.0,
                    "76": 98.0,
                    "77": 98.0,
                    "78": 98.0,
                    "79": 98.0,
                    "80": 98.0,
                    "81": 98.0,
                    "82": 98.0,
                    "83": 98.0,
                    "84": 98.0,
                    "85": 97.0,
                    "86": 97.0,
                    "87": 97.0,
                    "88": 97.0,
                    "89": 97.0,
                    "90": 97.0,
                    "91": 97.0,
                    "92": 97.0,
                    "93": 97.0,
                    "94": 97.0,
                    "95": 97.0,
                    "96": 97.0,
                    "97": 97.0,
                    "98": 97.0,
                    "99": 97.0,
                    "100": 97.0,
                    "101": 97.0,
                    "102": 97.0,
                    "103": 97.0,
                    "104": 97.0,
                    "105": 97.0,
                    "106": 97.0,
                    "107": 97.0,
                    "108": 96.0,
                    "109": 96.0,
                    "110": 96.0,
                    "111": 96.0,
                    "112": 96.0,
                    "113": 96.0,
                    "114": 96.0,
                    "115": 96.0,
                    "116": 96.0,
                    "117": 96.0,
                    "118": 96.0,
                    "119": 95.0,
                    "120": 95.0
                }
            },
            {
                "summaryType": "rmssd_hrv",
                "avgValue": 39.0
            },
            {
                "summaryType": "sdrr_hrv",
                "avgValue": 73.0
            }
        ]
    }
]