[
    {
        "userId": "49d85c6a-b8f8-4787-95fa-f145553e59a9",
        "userAccessToken": "7b64f2c3-1572-407f-ac1a-ea3ef127ff2c",
        "summaryId": "x45dba26-670a288e0a48bb2d-6e7c-4747-90e1-541c2f5c112078",
        "calendarDate": "2024-10-12",
        "startTimeInSeconds": 1728718990,
        "durationInSeconds": 120,
        "startTimeOffsetInSeconds": 7254,
        "summaries": [
            {
                "summaryType": "heart_rate",
                "minValue": 68.0,
                "maxValue": 90.0,
                "avgValue": 80.0,
                "epochSummaries": {
                    "0": 82.0,
                    "1": 82.0,
                    "2": 82.0,
                    "3": 82.0,
                    "4": 82.0,
                    "5": 82.0,
                    "6": 82.0,
                    "7": 81.0,
                    "8": 84.0,
                    "9": 83.0,
                    "10": 82.0,
                    "11": 86.0,
                    "12": 89.0,
                    "13": 87.0,
                    "14": 85.0,
                    "15": 82.0,
                    "16": 80.0,
                    "17": 79.0,
                    "18": 78.0,
                    "19": 78.0,
                    "20": 77.0,
                    "21": 76.0,
                    "22": 75.0,
                    "23": 74.0,
                    "24": 75.0,
                    "25": 75.0,
                    "26": 75.0,
                    "27": 75.0,
                    "28": 75.0,
                    "29": 75.0,
                    "30": 75.0,
                    "31": 74.0,
                    "32": 72.0,
                    "33": 72.0,
                    "34": 72.0,
                    "35": 73.0,
                    "36": 73.0,
                    "37": 74.0,
                    "38": 73.0,
                    "39": 73.0,
                    "40": 74.0,
                    "41": 74.0,
                    "42": 74.0,
                    "43": 73.0,
                    "44": 73.0,
                    "45": 72.0,
                    "46": 69.0,
                    "47": 68.0,
                    "48": 69.0,
                    "49": 69.0,
                    "50": 70.0,
                    "51": 71.0,
                    "52": 74.0,
                    "53": 76.0,
                    "54": 77.0,
                    "55": 78.0,
                    "56": 78.0,
                    "57": 79.0,
                    "58": 79.0,
                    "59": 79.0,
                    "60": 79.0,
                    "61": 80.0,
                    "62": 80.0,
                    "63": 81.0,
                    "64": 80.0,
                    "65": 80.0,
                    "66": 79.0,
                    "67": 79.0,
                    "68": 79.0,
                    "69": 78.0,
                    "70": 79.0,
                    "71": 79.0,
                    "72": 80.0,
                    "73": 80.0,
                    "74": 82.0,
                    "75": 83.0,
                    "76": 82.0,
                    "77": 81.0,
                    "78": 81.0,
                    "79": 81.0,
                    "80": 81.0,
                    "81": 81.0,
                    "82": 80.0,
                    "83": 80.0,
                    "84": 81.0,
                    "85": 81.0,
                    "86": 81.0,
                    "87": 81.0,
                    "88": 81.0,
                    "89": 81.0,
                    "90": 81.0,
                    "91": 82.0,
                    "92": 81.0,
                    "93": 82.0,
                    "94": 81.0,
                    "95": 82.0,
                    "96": 81.0,
                    "97": 82.0,
                    "98": 82.0,
                    "99": 81.0,
                    "100": 83.0,
                    "101": 84.0,
                    "102": 84.0,
                    "103": 85.0,
                    "104": 85.0,
                    "105": 86.0,
                    "106": 86.0,
                    "107": 86.0,
                    "108": 87.0,
                    "109": 87.0,
                    "110": 87.0,
                    "111": 87.0,
                    "112": 87.0,
                    "113": 87.0,
                    "114": 87.0,
                    "115": 88.0,
                    "116": 88.0,
                    "117": 88.0,
                    "118": 89.0,
                    "119": 89.0,
                    "120": 90.0
                }
            },
            {
                "summaryType": "respiration",
                "minValue": 12.90999984741211,
                "maxValue": 15.359999656677246,
                "avgValue": 14.520000457763672,
                "epochSummaries": {
                    "0": 14.619999885559082,
                    "1": 14.619999885559082,
                    "2": 14.739999771118164,
                    "3": 14.739999771118164,
                    "4": 14.739999771118164,
                    "5": 14.739999771118164,
                    "6": 14.739999771118164,
                    "7": 14.489999771118164,
                    "8": 14.489999771118164,
                    "9": 14.489999771118164,
                    "10": 14.489999771118164,
                    "11": 14.5600004196167,
                    "12": 14.5600004196167,
                    "13": 14.5600004196167,
                    "14": 14.5600004196167,
                    "15": 14.5600004196167,
                    "16": 14.5600004196167,
                    "17": 14.5600004196167,
                    "18": 14.329999923706055,
                    "19": 14.329999923706055,
                    "20": 14.329999923706055,
                    "21": 14.15999984741211,
                    "22": 14.15999984741211,
                    "23": 14.15999984741211,
                    "24": 14.15999984741211,
                    "25": 14.15999984741211,
                    "26": 14.15999984741211,
                    "27": 14.15999984741211,
                    "28": 14.15999984741211,
                    "29": 14.260000228881836,
                    "30": 14.260000228881836,
                    "31": 14.260000228881836,
                    "32": 14.260000228881836,
                    "33": 14.199999809265137,
                    "34": 14.199999809265137,
                    "35": 14.199999809265137,
                    "36": 14.199999809265137,
                    "37": 14.25,
                    "38": 14.25,
                    "39": 14.25,
                    "40": 14.25,
                    "41": 14.25,
                    "42": 14.279999732971191,
                    "43": 14.279999732971191,
                    "44": 14.279999732971191,
                    "45": 14.279999732971191,
                    "46": 14.279999732971191,
                    "47": 14.279999732971191,
                    "48": 14.279999732971191,
                    "49": 14.279999732971191,
                    "50": 14.279999732971191,
                    "51": 15.029999732971191,
                    "52": 15.260000228881836,
                    "53": 15.260000228881836,
                    "54": 15.260000228881836,
                    "55": 15.260000228881836,
                    "56": 15.260000228881836,
                    "57": 15.359999656677246,
                    "58": 15.359999656677246,
                    "59": 15.359999656677246,
                    "60": 15.359999656677246,
                    "61": 15.359999656677246,
                    "62": 15.359999656677246,
                    "63": 15.359999656677246,
                    "64": 15.109999656677246,
                    "65": 15.109999656677246,
                    "66": 15.109999656677246,
                    "67": 15.109999656677246,
                    "68": 15.109999656677246,
                    "69": 15.109999656677246,
                    "70": 15.109999656677246,
                    "71": 15.109999656677246,
                    "72": 15.109999656677246,
                    "73": 15.109999656677246,
                    "74": 15.109999656677246,
                    "75": 15.100000381469727,
                    "76": 15.100000381469727,
                    "77": 14.770000457763672,
                    "78": 14.600000381469727,
                    "79": 14.600000381469727,
                    "80": 14.600000381469727,
                    "81": 14.600000381469727,
                    "82": 14.600000381469727,
                    "83": 14.600000381469727,
                    "84": 14.600000381469727,
                    "85": 14.600000381469727,
                    "86": 14.600000381469727,
                    "87": 14.289999961853027,
                    "88": 14.289999961853027,
                    "89": 14.359999656677246,
                    "90": 14.359999656677246,
                    "91": 14.359999656677246,
                    "92": 14.359999656677246,
                    "93": 14.359999656677246,
                    "94": 14.359999656677246,
                    "95": 14.079999923706055,
                    "96": 14.079999923706055,
                    "97": 14.079999923706055,
                    "98": 14.079999923706055,
                    "99": 14.140000343322754,
                    "100": 14.140000343322754,
                    "101": 14.140000343322754,
                    "102": 14.140000343322754,
                    "103": 14.140000343322754,
                    "104": 14.140000343322754,
                    "105": 14.210000038146973,
                    "106": 14.279999732971191,
                    "107": 14.279999732971191,
                    "108": 14.279999732971191,
                    "109": 14.279999732971191,
                    "110": 14.279999732971191,
                    "111": 14.279999732971191,
                    "112": 14.279999732971191,
                    "113": 14.279999732971191,
                    "114": 14.279999732971191,
                    "115": 14.279999732971191,
                    "116": 14.279999732971191,
                    "117": 14.279999732971191,
                    "118": 14.279999732971191,
                    "119": 14.279999732971191,
                    "120": 12.90999984741211
                }
            },
            {
                "summaryType": "stress",
                "minValue": 44.0,
                "maxValue": 68.0,
                "avgValue": 56.0,
                "epochSummaries": {
                    "0": 68.0,
                    "1": 68.0,
                    "2": 68.0,
                    "3": 68.0,
                    "4": 68.0,
                    "5": 66.0,
                    "6": 66.0,
                    "7": 66.0,
                    "8": 66.0,
                    "9": 66.0,
                    "10": 68.0,
                    "11": 68.0,
                    "12": 68.0,
                    "13": 68.0,
                    "14": 68.0,
                    "15": 64.0,
                    "16": 64.0,
                    "17": 64.0,
                    "18": 64.0,
                    "19": 64.0,
                    "20": 62.0,
                    "21": 62.0,
                    "22": 62.0,
                    "23": 62.0,
                    "24": 62.0,
                    "25": 59.0,
                    "26": 59.0,
                    "27": 59.0,
                    "28": 59.0,
                    "29": 59.0,
                    "30": 55.0,
                    "31": 55.0,
                    "32": 55.0,
                    "33": 55.0,
                    "34": 55.0,
                    "35": 50.0,
                    "36": 50.0,
                    "37": 50.0,
                    "38": 50.0,
                    "39": 50.0,
                    "40": 46.0,
                    "41": 46.0,
                    "42": 46.0,
                    "43": 46.0,
                    "44": 46.0,
                    "45": 46.0,
                    "46": 46.0,
                    "47": 46.0,
                    "48": 46.0,
                    "49": 46.0,
                    "50": 46.0,
                    "51": 46.0,
                    "52": 46.0,
                    "53": 46.0,
                    "54": 46.0,
                    "55": 45.0,
                    "56": 45.0,
                    "57": 45.0,
                    "58": 45.0,
                    "59": 45.0,
                    "60": 44.0,
                    "61": 44.0,
                    "62": 44.0,
                    "63": 44.0,
                    "64": 44.0,
                    "65": 48.0,
                    "66": 48.0,
                    "67": 48.0,
                    "68": 48.0,
                    "69": 48.0,
                    "70": 51.0,
                    "71": 51.0,
                    "72": 51.0,
                    "73": 51.0,
                    "74": 51.0,
                    "75": 55.0,
                    "76": 55.0,
                    "77": 55.0,
                    "78": 55.0,
                    "79": 55.0,
                    "80": 55.0,
                    "81": 55.0,
                    "82": 55.0,
                    "83": 55.0,
                    "84": 55.0,
                    "85": 60.0,
                    "86": 60.0,
                    "87": 60.0,
                    "88": 60.0,
                    "89": 60.0,
                    "90": 65.0,
                    "91": 65.0,
                    "92": 65.0,
                    "93": 65.0,
                    "94": 65.0,
                    "95": 65.0,
                    "96": 65.0,
                    "97": 65.0,
                    "98": 65.0,
                    "99": 65.0,
                    "100": 61.0,
                    "101": 61.0,
                    "102": 61.0,
                    "103": 61.0,
                    "104": 61.0,
                    "105": 61.0,
                    "106": 61.0,
                    "107": 61.0,
                    "108": 61.0,
                    "109": 61.0,
                    "110": 59.0,
                    "111": 59.0,
                    "112": 59.0,
                    "113": 59.0,
                    "114": 59.0,
                    "115": 53.0,
                    "116": 53.0,
                    "117": 53.0,
                    "118": 53.0,
                    "119": 53.0,
                    "120": 54.0
                }
            },
            {
                "summaryType": "spo2",
                "minValue": 94.0,
                "maxValue": 97.0,
                "avgValue": 95.0,
                "epochSummaries": {
                    "1": 95.0,
                    "2": 95.0,
                    "3": 95.0,
                    "4": 95.0,
                    "5": 95.0,
                    "6": 95.0,
                    "7": 95.0,
                    "8": 95.0,
                    "9": 95.0,
                    "10": 95.0,
                    "11": 95.0,
                    "12": 95.0,
                    "13": 95.0,
                    "14": 95.0,
                    "15": 95.0,
                    "16": 95.0,
                    "17": 95.0,
                    "18": 95.0,
                    "19": 95.0,
                    "20": 95.0,
                    "21": 96.0,
                    "22": 96.0,
                    "23": 97.0,
                    "24": 97.0,
                    "25": 97.0,
                    "26": 97.0,
                    "27": 97.0,
                    "28": 97.0,
                    "29": 97.0,
                    "30": 97.0,
                    "31": 97.0,
                    "32": 97.0,
                    "33": 96.0,
                    "34": 96.0,
                    "35": 96.0,
                    "36": 96.0,
                    "37": 96.0,
                    "38": 96.0,
                    "39": 96.0,
                    "40": 96.0,
                    "41": 96.0,
                    "42": 96.0,
                    "43": 96.0,
                    "44": 96.0,
                    "45": 96.0,
                    "46": 96.0,
                    "47": 96.0,
                    "48": 96.0,
                    "49": 96.0,
                    "50": 96.0,
                    "51": 96.0,
                    "52": 96.0,
                    "53": 96.0,
                    "54": 96.0,
                    "55": 96.0,
                    "56": 95.0,
                    "57": 95.0,
                    "58": 95.0,
                    "59": 95.0,
                    "60": 95.0,
                    "61": 95.0,
                    "62": 95.0,
                    "63": 95.0,
                    "64": 96.0,
                    "65": 96.0,
                    "66": 96.0,
                    "67": 96.0,
                    "68": 96.0,
                    "69": 96.0,
                    "70": 96.0,
                    "71": 96.0,
                    "72": 96.0,
                    "73": 96.0,
                    "74": 96.0,
                    "75": 96.0,
                    "76": 96.0,
                    "77": 96.0,
                    "78": 96.0,
                    "79": 96.0,
                    "80": 96.0,
                    "81": 96.0,
                    "82": 96.0,
                    "83": 96.0,
                    "84": 96.0,
                    "85": 96.0,
                    "86": 96.0,
                    "87": 96.0,
                    "88": 96.0,
                    "89": 96.0,
                    "90": 96.0,
                    "91": 96.0,
                    "92": 96.0,
                    "93": 96.0,
                    "94": 96.0,
                    "95": 96.0,
                    "96": 96.0,
                    "97": 96.0,
                    "98": 96.0,
                    "99": 96.0,
                    "100": 96.0,
                    "101": 96.0,
                    "102": 96.0,
                    "103": 96.0,
                    "104": 96.0,
                    "105": 96.0,
                    "106": 96.0,
                    "107": 96.0,
                    "108": 96.0,
                    "109": 96.0,
                    "110": 96.0,
                    "111": 96.0,
                    "112": 96.0,
                    "113": 96.0,
                    "114": 96.0,
                    "115": 96.0,
                    "116": 96.0,
                    "117": 95.0,
                    "118": 95.0,
                    "119": 94.0,
                    "120": 94.0
                }
            },
            {
                "summaryType": "rmssd_hrv",
                "avgValue": 59.0
            },
            {
                "summaryType": "sdrr_hrv",
                "avgValue": 65.0
            }
        ]
    }
]