[
    {
        "userId": "49d85c6a-b8f8-4787-95fa-f145553e59a9",
        "userAccessToken": "7b64f2c3-1572-407f-ac1a-ea3ef127ff2c",
        "summaryId": "x45dba26-671188e0-15180",
        "startTimeInSeconds": 1729202400,
        "startTimeOffsetInSeconds": 7200,
        "durationInSeconds": 86400,
        "calendarDate": "2024-10-18",
        "timeOffsetStressLevelValues": {
            "0": -2,
            "180": 24,
            "360": 16,
            "540": 21,
            "720": 22,
            "900": 41,
            "1080": 24,
            "1260": -1,
            "1440": 16,
            "1620": 19,
            "1800": 10,
            "1980": 13,
            "2160": 18,
            "2340": 15,
            "2520": 19,
            "2700": 20,
            "2880": 18,
            "3060": 16,
            "3240": 14,
            "3420": 15,
            "3600": 21,
            "3780": 17,
            "3960": 11,
            "4140": 16,
            "4320": 14,
            "4500": 15,
            "4680": 16,
            "4860": 17,
            "5040": 10,
            "5220": 13,
            "5400": 7,
            "5580": 1,
            "5760": 2,
            "5940": 6,
            "6120": 11,
            "6300": 20,
            "6480": 17,
            "6660": 18,
            "6840": 11,
            "7020": 12,
            "7200": 12,
            "7380": 13,
            "7560": 12,
            "7740": 10,
            "7920": 10,
            "8100": 10,
            "8280": 9,
            "8460": 14,
            "8640": 14,
            "8820": 18,
            "9000": 15,
            "9180": 16,
            "9360": 16,
            "9540": 16,
            "9720": 15,
            "9900": 16,
            "10080": 13,
            "10260": 11,
            "10440": 14,
            "10620": 8,
            "10800": 7,
            "10980": 14,
            "11160": 17,
            "11340": 8,
            "11520": 3,
            "11700": 7,
            "11880": 8,
            "12060": 9,
            "12240": 9,
            "12420": 5,
            "12600": 8,
            "12780": 8,
            "12960": 7,
            "13140": 7,
            "13320": 7,
            "13500": 4,
            "13680": 7,
            "13860": 7,
            "14040": 6,
            "14220": 5,
            "14400": 6,
            "14580": 9,
            "14760": 8,
            "14940": 8,
            "15120": 8,
            "15300": 13,
            "15480": 12,
            "15660": 13,
            "15840": 10,
            "16020": 12,
            "16200": 6,
            "16380": 11,
            "16560": 9,
            "16740": 7,
            "16920": 9,
            "17100": 6,
            "17280": 10,
            "17460": 15,
            "17640": 11,
            "17820": 8,
            "18000": 4,
            "18180": 3,
            "18360": 4,
            "18540": 7,
            "18720": 9,
            "18900": 5,
            "19080": 7,
            "19260": 10,
            "19440": 13,
            "19620": 15,
            "19800": 15,
            "19980": 11,
            "20160": 12,
            "20340": 15,
            "20520": 21,
            "20700": 17,
            "20880": 10,
            "21060": 6,
            "21240": 9,
            "21420": 13,
            "21600": 13,
            "21780": 15,
            "21960": 9,
            "22140": 13,
            "22320": 9,
            "22500": 10,
            "22680": 11,
            "22860": 8,
            "23040": 12,
            "23220": 13,
            "23400": 15,
            "23580": 12,
            "23760": 15,
            "23940": 12,
            "24120": 15,
            "24300": 10,
            "24480": 15,
            "24660": 16,
            "24840": 17,
            "25020": 16,
            "25200": 12,
            "25380": 15,
            "25560": 6,
            "25740": 15,
            "25920": 11,
            "26100": 11,
            "26280": 13,
            "26460": 7,
            "26640": 18,
            "26820": 11,
            "27000": 22,
            "27180": 50,
            "27360": -1,
            "27540": -1,
            "27720": -1,
            "27900": 40,
            "28080": 24,
            "28260": 55,
            "28440": 63,
            "28620": -1,
            "28800": 16,
            "28980": 16,
            "29160": 18,
            "29340": 10,
            "29520": 15,
            "29700": 9,
            "29880": 8,
            "30060": 18,
            "30240": 10,
            "30420": 13,
            "30600": 13,
            "30780": 15,
            "30960": 15,
            "31140": 16,
            "31320": 15,
            "31500": 15,
            "31680": 23,
            "31860": 8,
            "32040": 21,
            "32220": 23,
            "32400": 34,
            "32580": 44,
            "32760": 37,
            "32940": -1,
            "33120": -1,
            "33300": -1,
            "33480": -1,
            "33660": -1,
            "33840": -1,
            "34020": -1,
            "34200": -1,
            "34380": -1,
            "34560": -1,
            "34740": 82,
            "34920": -1,
            "35100": 66,
            "35280": -1,
            "35460": -1,
            "35640": 23,
            "35820": 28,
            "36000": 31,
            "36180": 25,
            "36360": 27,
            "36540": -1,
            "36720": 37,
            "36900": 35,
            "37080": 34,
            "37260": 21,
            "37440": 23,
            "37620": 22,
            "37800": 22,
            "37980": 23,
            "38160": 25,
            "38340": 37,
            "38520": 32,
            "38700": 24,
            "38880": 19,
            "39060": 17,
            "39240": -1,
            "39420": 34,
            "39600": 23,
            "39780": 23,
            "39960": 17,
            "40140": 16,
            "40320": 16,
            "40500": 18,
            "40680": 16,
            "40860": 19,
            "41040": 16,
            "41220": 11,
            "41400": 19,
            "41580": 15,
            "41760": -1,
            "41940": -2,
            "42120": -1,
            "42300": -1,
            "42480": -1,
            "42660": 19,
            "42840": 19,
            "43020": 19,
            "43200": -1,
            "43380": -1,
            "43560": -1,
            "43740": 34,
            "43920": 40,
            "44100": 28,
            "44280": 28,
            "44460": 25,
            "44640": 24,
            "44820": 26,
            "45000": 25,
            "45180": 22,
            "45360": -2,
            "45540": -1,
            "45720": 28,
            "45900": 29,
            "46080": 28,
            "46260": 31,
            "46440": 24,
            "46620": 31,
            "46800": 18,
            "46980": 21,
            "47160": 18,
            "47340": 25,
            "47520": 25,
            "47700": 31,
            "47880": 28,
            "48060": 25,
            "48240": 25,
            "48420": 30,
            "48600": 50,
            "48780": -1,
            "48960": 31,
            "49140": 43,
            "49320": 34,
            "49500": 41,
            "49680": 27,
            "49860": 22,
            "50040": 21,
            "50220": 23,
            "50400": 19,
            "50580": 16,
            "50760": 18,
            "50940": 21,
            "51120": 19,
            "51300": 17,
            "51480": 16,
            "51660": 17,
            "51840": 18,
            "52020": 20,
            "52200": 15,
            "52380": 16,
            "52560": 15,
            "52740": 12,
            "52920": 16,
            "53100": 19,
            "53280": 16,
            "53460": 15,
            "53640": 21,
            "53820": 17,
            "54000": 17,
            "54180": 19,
            "54360": -2,
            "54540": -1,
            "54720": 31,
            "54900": 49,
            "55080": 59,
            "55260": -1,
            "55440": 18,
            "55620": 20,
            "55800": -1,
            "55980": 19,
            "56160": 19,
            "56340": 18,
            "56520": 22,
            "56700": -1,
            "56880": 51,
            "57060": 23,
            "57240": 25,
            "57420": 20,
            "57600": -1,
            "57780": 20,
            "57960": 23,
            "58140": -1,
            "58320": -2,
            "58500": -2,
            "58680": 68,
            "58860": 43,
            "59040": 54,
            "59220": -2,
            "59400": -1,
            "59580": 52,
            "59760": 49,
            "59940": -1,
            "60120": -1,
            "60300": 32,
            "60480": 36,
            "60660": 52,
            "60840": -1,
            "61020": -2,
            "61200": -1,
            "61380": 56,
            "61560": 24,
            "61740": 25,
            "61920": 25,
            "62100": 25,
            "62280": 22,
            "62460": 25,
            "62640": 27,
            "62820": 21,
            "63000": 20,
            "63180": 24,
            "63360": -1,
            "63540": -1,
            "63720": -1,
            "63900": -1,
            "64080": -1,
            "64260": -1,
            "64440": -1,
            "64620": -1,
            "64800": -1,
            "64980": -1,
            "65160": -1,
            "65340": -1,
            "65520": -1,
            "65700": -1,
            "65880": -1,
            "66060": -1,
            "66240": -1,
            "66420": -1,
            "66600": -1,
            "66780": -1,
            "66960": -1,
            "67140": -1,
            "67320": -2,
            "67500": -2,
            "67680": -1,
            "67860": -1,
            "68040": -1,
            "68220": 18,
            "68400": 13,
            "68580": 16,
            "68760": 11,
            "68940": 17,
            "69120": 21,
            "69300": 22,
            "69480": 17,
            "69660": -1,
            "69840": 17,
            "70020": 23,
            "70200": 12,
            "70380": -1,
            "70560": 21,
            "70740": 31,
            "70920": 34,
            "71100": -1,
            "71280": 11,
            "71460": 19,
            "71640": 24,
            "71820": 21,
            "72000": 13,
            "72180": 16,
            "72360": 21,
            "72540": 11,
            "72720": 28,
            "72900": 5,
            "73080": 12,
            "73260": 11,
            "73440": 12,
            "73620": 9,
            "73800": 13,
            "73980": 13,
            "74160": 17,
            "74340": 18,
            "74520": 17,
            "74700": 16,
            "74880": -1,
            "75060": -1,
            "75240": -1,
            "75420": -1,
            "75600": -1,
            "75780": -1,
            "75960": -1,
            "76140": -1,
            "76320": -1,
            "76500": -1,
            "76680": -1,
            "76860": -1,
            "77040": -1,
            "77220": -2,
            "77400": -1,
            "77580": 23,
            "77760": 24,
            "77940": -1,
            "78120": -1,
            "78300": -2,
            "78480": -2,
            "78660": -2,
            "78840": -2,
            "79020": 57,
            "79200": -2,
            "79380": 27,
            "79560": 46,
            "79740": 43,
            "79920": 37,
            "80100": 64,
            "80280": 75,
            "80460": -1,
            "80640": -2,
            "80820": -2,
            "81000": -2,
            "81180": -1,
            "81360": 35,
            "81540": -2,
            "81720": -1,
            "81900": -1,
            "82080": -2,
            "82260": -1,
            "82440": 26,
            "82620": 38,
            "82800": -1,
            "82980": -2,
            "83160": -2,
            "83340": -1,
            "83520": -2,
            "83700": -2,
            "83880": -2,
            "84060": -2,
            "84240": -1,
            "84420": 79,
            "84600": 73,
            "84780": 82,
            "84960": 78,
            "85140": 73,
            "85320": 81,
            "85500": 75,
            "85680": 85,
            "85860": 77,
            "86040": -1,
            "86220": 86
        },
        "timeOffsetBodyBatteryValues": {
            "0": 25,
            "180": 25,
            "360": 25,
            "540": 25,
            "720": 25,
            "900": 25,
            "1080": 25,
            "1260": 25,
            "1440": 25,
            "1620": 25,
            "1800": 25,
            "1980": 26,
            "2160": 26,
            "2340": 26,
            "2520": 27,
            "2700": 27,
            "2880": 27,
            "3060": 28,
            "3240": 28,
            "3420": 28,
            "3600": 28,
            "3780": 28,
            "3960": 28,
            "4140": 29,
            "4320": 29,
            "4500": 29,
            "4680": 30,
            "4860": 30,
            "5040": 31,
            "5220": 31,
            "5400": 32,
            "5580": 33,
            "5760": 34,
            "5940": 34,
            "6120": 35,
            "6300": 35,
            "6480": 36,
            "6660": 37,
            "6840": 37,
            "7020": 38,
            "7200": 38,
            "7380": 39,
            "7560": 39,
            "7740": 40,
            "7920": 41,
            "8100": 41,
            "8280": 42,
            "8460": 42,
            "8640": 43,
            "8820": 44,
            "9000": 45,
            "9180": 46,
            "9360": 46,
            "9540": 46,
            "9720": 47,
            "9900": 48,
            "10080": 49,
            "10260": 50,
            "10440": 50,
            "10620": 51,
            "10800": 52,
            "10980": 53,
            "11160": 53,
            "11340": 53,
            "11520": 55,
            "11700": 56,
            "11880": 56,
            "12060": 57,
            "12240": 57,
            "12420": 59,
            "12600": 59,
            "12780": 60,
            "12960": 61,
            "13140": 62,
            "13320": 62,
            "13500": 62,
            "13680": 64,
            "13860": 64,
            "14040": 64,
            "14220": 65,
            "14400": 66,
            "14580": 66,
            "14760": 67,
            "14940": 68,
            "15120": 68,
            "15300": 69,
            "15480": 69,
            "15660": 70,
            "15840": 70,
            "16020": 70,
            "16200": 72,
            "16380": 72,
            "16560": 73,
            "16740": 73,
            "16920": 74,
            "17100": 74,
            "17280": 75,
            "17460": 76,
            "17640": 76,
            "17820": 76,
            "18000": 77,
            "18180": 77,
            "18360": 78,
            "18540": 78,
            "18720": 79,
            "18900": 80,
            "19080": 81,
            "19260": 81,
            "19440": 81,
            "19620": 82,
            "19800": 82,
            "19980": 83,
            "20160": 83,
            "20340": 83,
            "20520": 83,
            "20700": 84,
            "20880": 84,
            "21060": 85,
            "21240": 85,
            "21420": 86,
            "21600": 86,
            "21780": 86,
            "21960": 86,
            "22140": 86,
            "22320": 86,
            "22500": 87,
            "22680": 87,
            "22860": 88,
            "23040": 89,
            "23220": 89,
            "23400": 89,
            "23580": 89,
            "23760": 89,
            "23940": 90,
            "24120": 90,
            "24300": 91,
            "24480": 91,
            "24660": 91,
            "24840": 91,
            "25020": 91,
            "25200": 91,
            "25380": 92,
            "25560": 92,
            "25740": 93,
            "25920": 93,
            "26100": 93,
            "26280": 93,
            "26460": 94,
            "26640": 94,
            "26820": 95,
            "27000": 95,
            "27180": 94,
            "27360": 94,
            "27540": 93,
            "27720": 93,
            "27900": 93,
            "28080": 92,
            "28260": 92,
            "28440": 91,
            "28620": 91,
            "28800": 91,
            "28980": 90,
            "29160": 90,
            "29340": 90,
            "29520": 90,
            "29700": 90,
            "29880": 90,
            "30060": 90,
            "30240": 90,
            "30420": 90,
            "30600": 91,
            "30780": 91,
            "30960": 91,
            "31140": 91,
            "31320": 91,
            "31500": 91,
            "31680": 91,
            "31860": 91,
            "32040": 91,
            "32220": 91,
            "32400": 90,
            "32580": 89,
            "32760": 89,
            "32940": 88,
            "33120": 87,
            "33300": 87,
            "33480": 87,
            "33660": 86,
            "33840": 86,
            "34020": 85,
            "34200": 85,
            "34380": 85,
            "34560": 84,
            "34740": 83,
            "34920": 83,
            "35100": 82,
            "35280": 82,
            "35460": 82,
            "35640": 82,
            "35820": 81,
            "36000": 81,
            "36180": 81,
            "36360": 80,
            "36540": 80,
            "36720": 79,
            "36900": 79,
            "37080": 79,
            "37260": 79,
            "37440": 79,
            "37620": 79,
            "37800": 78,
            "37980": 78,
            "38160": 78,
            "38340": 78,
            "38520": 77,
            "38700": 77,
            "38880": 77,
            "39060": 77,
            "39240": 76,
            "39420": 76,
            "39600": 76,
            "39780": 76,
            "39960": 76,
            "40140": 76,
            "40320": 76,
            "40500": 76,
            "40680": 75,
            "40860": 75,
            "41040": 75,
            "41220": 75,
            "41400": 75,
            "41580": 75,
            "41760": 75,
            "41940": 75,
            "42120": 74,
            "42300": 74,
            "42480": 74,
            "42660": 74,
            "42840": 74,
            "43020": 74,
            "43200": 74,
            "43380": 74,
            "43560": 73,
            "43740": 73,
            "43920": 73,
            "44100": 72,
            "44280": 72,
            "44460": 72,
            "44640": 71,
            "44820": 71,
            "45000": 71,
            "45180": 71,
            "45360": 71,
            "45540": 70,
            "45720": 70,
            "45900": 70,
            "46080": 70,
            "46260": 69,
            "46440": 69,
            "46620": 69,
            "46800": 69,
            "46980": 69,
            "47160": 68,
            "47340": 68,
            "47520": 68,
            "47700": 68,
            "47880": 67,
            "48060": 67,
            "48240": 67,
            "48420": 67,
            "48600": 66,
            "48780": 66,
            "48960": 66,
            "49140": 66,
            "49320": 65,
            "49500": 65,
            "49680": 65,
            "49860": 65,
            "50040": 64,
            "50220": 64,
            "50400": 64,
            "50580": 63,
            "50760": 63,
            "50940": 63,
            "51120": 63,
            "51300": 63,
            "51480": 63,
            "51660": 63,
            "51840": 63,
            "52020": 63,
            "52200": 63,
            "52380": 63,
            "52560": 63,
            "52740": 63,
            "52920": 63,
            "53100": 63,
            "53280": 63,
            "53460": 63,
            "53640": 63,
            "53820": 62,
            "54000": 62,
            "54180": 62,
            "54360": 62,
            "54540": 62,
            "54720": 62,
            "54900": 61,
            "55080": 61,
            "55260": 61,
            "55440": 61,
            "55620": 61,
            "55800": 61,
            "55980": 61,
            "56160": 61,
            "56340": 60,
            "56520": 60,
            "56700": 60,
            "56880": 59,
            "57060": 59,
            "57240": 59,
            "57420": 59,
            "57600": 59,
            "57780": 59,
            "57960": 59,
            "58140": 58,
            "58320": 58,
            "58500": 58,
            "58680": 57,
            "58860": 57,
            "59040": 57,
            "59220": 56,
            "59400": 56,
            "59580": 55,
            "59760": 55,
            "59940": 55,
            "60120": 55,
            "60300": 55,
            "60480": 55,
            "60660": 54,
            "60840": 54,
            "61020": 54,
            "61200": 53,
            "61380": 53,
            "61560": 53,
            "61740": 53,
            "61920": 53,
            "62100": 52,
            "62280": 52,
            "62460": 52,
            "62640": 52,
            "62820": 52,
            "63000": 52,
            "63180": 51,
            "63360": 51,
            "63540": 50,
            "63720": 50,
            "63900": 49,
            "64080": 48,
            "64260": 48,
            "64440": 47,
            "64620": 46,
            "64800": 46,
            "64980": 45,
            "65160": 44,
            "65340": 44,
            "65520": 43,
            "65700": 42,
            "65880": 41,
            "66060": 41,
            "66240": 40,
            "66420": 39,
            "66600": 38,
            "66780": 37,
            "66960": 37,
            "67140": 36,
            "67320": 35,
            "67500": 34,
            "67680": 34,
            "67860": 33,
            "68040": 32,
            "68220": 31,
            "68400": 31,
            "68580": 30,
            "68760": 30,
            "68940": 30,
            "69120": 30,
            "69300": 30,
            "69480": 29,
            "69660": 29,
            "69840": 29,
            "70020": 29,
            "70200": 29,
            "70380": 28,
            "70560": 28,
            "70740": 28,
            "70920": 27,
            "71100": 27,
            "71280": 27,
            "71460": 27,
            "71640": 27,
            "71820": 26,
            "72000": 26,
            "72180": 26,
            "72360": 26,
            "72540": 26,
            "72720": 27,
            "72900": 26,
            "73080": 27,
            "73260": 27,
            "73440": 26,
            "73620": 26,
            "73800": 26,
            "73980": 25,
            "74160": 25,
            "74340": 25,
            "74520": 26,
            "74700": 26,
            "74880": 26,
            "75060": 25,
            "75240": 25,
            "75420": 25,
            "75600": 25,
            "75780": 24,
            "75960": 24,
            "76140": 24,
            "76320": 24,
            "76500": 24,
            "76680": 23,
            "76860": 23,
            "77040": 23,
            "77220": 23,
            "77400": 23,
            "77580": 23,
            "77760": 23,
            "77940": 22,
            "78120": 22,
            "78300": 22,
            "78480": 22,
            "78660": 21,
            "78840": 21,
            "79020": 21,
            "79200": 21,
            "79380": 21,
            "79560": 21,
            "79740": 20,
            "79920": 20,
            "80100": 20,
            "80280": 20,
            "80460": 20,
            "80640": 19,
            "80820": 19,
            "81000": 19,
            "81180": 19,
            "81360": 19,
            "81540": 18,
            "81720": 18,
            "81900": 18,
            "82080": 18,
            "82260": 18,
            "82440": 18,
            "82620": 18,
            "82800": 17,
            "82980": 17,
            "83160": 17,
            "83340": 17,
            "83520": 17,
            "83700": 18,
            "83880": 18,
            "84060": 17,
            "84240": 17,
            "84420": 17,
            "84600": 17,
            "84780": 17,
            "84960": 16,
            "85140": 16,
            "85320": 15,
            "85500": 15,
            "85680": 15,
            "85860": 15,
            "86040": 15,
            "86220": 15
        }
    }
]