[
    {
        "userId": "49d85c6a-b8f8-4787-95fa-f145553e59a9",
        "userAccessToken": "7b64f2c3-1572-407f-ac1a-ea3ef127ff2c",
        "summaryId": "x45dba26-670e006d1ce55c98-1895-4d16-9acb-7cbb01d1f37178",
        "calendarDate": "2024-10-15",
        "startTimeInSeconds": 1728970861,
        "durationInSeconds": 120,
        "startTimeOffsetInSeconds": 7254,
        "summaries": [
            {
                "summaryType": "heart_rate",
                "minValue": 52.0,
                "maxValue": 100.0,
                "avgValue": 71.0,
                "epochSummaries": {
                    "0": 100.0,
                    "1": 100.0,
                    "2": 100.0,
                    "3": 100.0,
                    "4": 100.0,
                    "5": 99.0,
                    "6": 99.0,
                    "7": 99.0,
                    "8": 98.0,
                    "9": 97.0,
                    "10": 96.0,
                    "11": 96.0,
                    "12": 95.0,
                    "13": 95.0,
                    "14": 95.0,
                    "15": 94.0,
                    "16": 93.0,
                    "17": 92.0,
                    "18": 90.0,
                    "19": 90.0,
                    "20": 89.0,
                    "21": 88.0,
                    "22": 88.0,
                    "23": 88.0,
                    "24": 87.0,
                    "25": 85.0,
                    "26": 80.0,
                    "27": 78.0,
                    "28": 78.0,
                    "29": 77.0,
                    "30": 77.0,
                    "31": 77.0,
                    "32": 76.0,
                    "33": 77.0,
                    "34": 78.0,
                    "35": 78.0,
                    "36": 77.0,
                    "37": 77.0,
                    "38": 76.0,
                    "39": 72.0,
                    "40": 71.0,
                    "41": 70.0,
                    "42": 64.0,
                    "43": 61.0,
                    "44": 61.0,
                    "45": 61.0,
                    "46": 61.0,
                    "47": 61.0,
                    "48": 60.0,
                    "49": 60.0,
                    "50": 59.0,
                    "51": 59.0,
                    "52": 60.0,
                    "53": 61.0,
                    "54": 66.0,
                    "55": 68.0,
                    "56": 69.0,
                    "57": 69.0,
                    "58": 69.0,
                    "59": 69.0,
                    "60": 69.0,
                    "61": 69.0,
                    "62": 69.0,
                    "63": 70.0,
                    "64": 69.0,
                    "65": 70.0,
                    "66": 69.0,
                    "67": 69.0,
                    "68": 69.0,
                    "69": 69.0,
                    "70": 69.0,
                    "71": 69.0,
                    "72": 69.0,
                    "73": 68.0,
                    "74": 69.0,
                    "75": 69.0,
                    "76": 68.0,
                    "77": 67.0,
                    "78": 66.0,
                    "79": 65.0,
                    "80": 65.0,
                    "81": 65.0,
                    "82": 65.0,
                    "83": 64.0,
                    "84": 64.0,
                    "85": 64.0,
                    "86": 63.0,
                    "87": 62.0,
                    "88": 57.0,
                    "89": 55.0,
                    "90": 54.0,
                    "91": 53.0,
                    "92": 54.0,
                    "93": 55.0,
                    "94": 56.0,
                    "95": 58.0,
                    "96": 57.0,
                    "97": 57.0,
                    "98": 57.0,
                    "99": 57.0,
                    "100": 59.0,
                    "101": 60.0,
                    "102": 60.0,
                    "103": 60.0,
                    "104": 66.0,
                    "105": 69.0,
                    "106": 69.0,
                    "107": 69.0,
                    "108": 66.0,
                    "109": 57.0,
                    "110": 53.0,
                    "111": 52.0,
                    "112": 53.0,
                    "113": 54.0,
                    "114": 53.0,
                    "115": 52.0,
                    "116": 52.0,
                    "117": 52.0,
                    "118": 52.0,
                    "119": 53.0,
                    "120": 54.0
                }
            },
            {
                "summaryType": "respiration",
                "minValue": 13.079999923706055,
                "maxValue": 15.729999542236328,
                "avgValue": 15.109999656677246,
                "epochSummaries": {
                    "0": 15.359999656677246,
                    "1": 15.359999656677246,
                    "2": 15.359999656677246,
                    "3": 15.359999656677246,
                    "4": 15.359999656677246,
                    "5": 15.359999656677246,
                    "6": 15.109999656677246,
                    "7": 15.109999656677246,
                    "8": 15.109999656677246,
                    "9": 15.109999656677246,
                    "10": 15.170000076293945,
                    "11": 15.170000076293945,
                    "12": 15.170000076293945,
                    "13": 15.220000267028809,
                    "14": 15.220000267028809,
                    "15": 15.220000267028809,
                    "16": 15.529999732971191,
                    "17": 15.529999732971191,
                    "18": 15.529999732971191,
                    "19": 15.529999732971191,
                    "20": 15.579999923706055,
                    "21": 15.579999923706055,
                    "22": 15.579999923706055,
                    "23": 15.579999923706055,
                    "24": 15.59000015258789,
                    "25": 15.59000015258789,
                    "26": 15.59000015258789,
                    "27": 15.59000015258789,
                    "28": 15.59000015258789,
                    "29": 15.59000015258789,
                    "30": 15.6899995803833,
                    "31": 15.6899995803833,
                    "32": 15.6899995803833,
                    "33": 15.6899995803833,
                    "34": 15.390000343322754,
                    "35": 15.390000343322754,
                    "36": 15.390000343322754,
                    "37": 15.369999885559082,
                    "38": 15.369999885559082,
                    "39": 15.369999885559082,
                    "40": 15.369999885559082,
                    "41": 15.369999885559082,
                    "42": 15.369999885559082,
                    "43": 15.369999885559082,
                    "44": 15.0600004196167,
                    "45": 15.0600004196167,
                    "46": 15.0600004196167,
                    "47": 15.0600004196167,
                    "48": 14.979999542236328,
                    "49": 14.979999542236328,
                    "50": 14.979999542236328,
                    "51": 15.119999885559082,
                    "52": 15.119999885559082,
                    "53": 15.119999885559082,
                    "54": 15.119999885559082,
                    "55": 15.199999809265137,
                    "56": 15.199999809265137,
                    "57": 15.199999809265137,
                    "58": 15.199999809265137,
                    "59": 15.199999809265137,
                    "60": 15.199999809265137,
                    "61": 15.199999809265137,
                    "62": 15.260000228881836,
                    "63": 15.260000228881836,
                    "64": 15.260000228881836,
                    "65": 15.260000228881836,
                    "66": 15.260000228881836,
                    "67": 15.550000190734863,
                    "68": 15.550000190734863,
                    "69": 15.550000190734863,
                    "70": 15.550000190734863,
                    "71": 15.729999542236328,
                    "72": 15.729999542236328,
                    "73": 15.729999542236328,
                    "74": 15.59000015258789,
                    "75": 15.59000015258789,
                    "76": 15.59000015258789,
                    "77": 15.59000015258789,
                    "78": 15.59000015258789,
                    "79": 15.59000015258789,
                    "80": 15.079999923706055,
                    "81": 15.079999923706055,
                    "82": 15.079999923706055,
                    "83": 15.079999923706055,
                    "84": 15.079999923706055,
                    "85": 15.020000457763672,
                    "86": 15.020000457763672,
                    "87": 15.020000457763672,
                    "88": 15.020000457763672,
                    "89": 15.020000457763672,
                    "90": 14.800000190734863,
                    "91": 14.800000190734863,
                    "92": 14.800000190734863,
                    "93": 14.800000190734863,
                    "94": 14.800000190734863,
                    "95": 14.779999732971191,
                    "96": 14.779999732971191,
                    "97": 14.779999732971191,
                    "98": 14.779999732971191,
                    "99": 14.779999732971191,
                    "100": 14.640000343322754,
                    "101": 14.640000343322754,
                    "102": 14.640000343322754,
                    "103": 14.640000343322754,
                    "104": 14.449999809265137,
                    "105": 14.449999809265137,
                    "106": 14.449999809265137,
                    "107": 14.449999809265137,
                    "108": 14.170000076293945,
                    "109": 14.170000076293945,
                    "110": 14.170000076293945,
                    "111": 14.170000076293945,
                    "112": 14.170000076293945,
                    "113": 14.170000076293945,
                    "114": 14.170000076293945,
                    "115": 14.210000038146973,
                    "116": 14.210000038146973,
                    "117": 14.5,
                    "118": 14.5,
                    "119": 14.5,
                    "120": 13.079999923706055
                }
            },
            {
                "summaryType": "stress",
                "minValue": 19.0,
                "maxValue": 27.0,
                "avgValue": 23.0,
                "epochSummaries": {
                    "85": 27.0,
                    "86": 27.0,
                    "87": 27.0,
                    "88": 27.0,
                    "89": 27.0,
                    "90": 23.0,
                    "91": 23.0,
                    "92": 23.0,
                    "93": 23.0,
                    "94": 23.0,
                    "95": 22.0,
                    "96": 22.0,
                    "97": 22.0,
                    "98": 22.0,
                    "99": 22.0,
                    "100": 22.0,
                    "101": 22.0,
                    "102": 22.0,
                    "103": 22.0,
                    "104": 22.0,
                    "105": 23.0,
                    "106": 23.0,
                    "107": 23.0,
                    "108": 23.0,
                    "109": 23.0,
                    "110": 23.0,
                    "111": 23.0,
                    "112": 23.0,
                    "113": 23.0,
                    "114": 23.0,
                    "115": 20.0,
                    "116": 20.0,
                    "117": 20.0,
                    "118": 20.0,
                    "119": 20.0,
                    "120": 19.0
                }
            },
            {
                "summaryType": "spo2",
                "minValue": 92.0,
                "maxValue": 98.0,
                "avgValue": 95.0,
                "epochSummaries": {
                    "0": 92.0,
                    "1": 92.0,
                    "2": 92.0,
                    "3": 92.0,
                    "4": 92.0,
                    "5": 92.0,
                    "6": 92.0,
                    "7": 92.0,
                    "8": 92.0,
                    "9": 92.0,
                    "10": 92.0,
                    "11": 92.0,
                    "12": 92.0,
                    "13": 92.0,
                    "14": 92.0,
                    "15": 92.0,
                    "16": 92.0,
                    "17": 92.0,
                    "18": 92.0,
                    "19": 92.0,
                    "20": 92.0,
                    "21": 92.0,
                    "22": 92.0,
                    "23": 92.0,
                    "24": 92.0,
                    "25": 92.0,
                    "26": 92.0,
                    "27": 92.0,
                    "28": 92.0,
                    "29": 92.0,
                    "30": 92.0,
                    "31": 92.0,
                    "32": 92.0,
                    "33": 92.0,
                    "34": 92.0,
                    "35": 93.0,
                    "36": 93.0,
                    "37": 95.0,
                    "38": 95.0,
                    "39": 97.0,
                    "40": 97.0,
                    "41": 97.0,
                    "42": 97.0,
                    "43": 97.0,
                    "44": 97.0,
                    "45": 98.0,
                    "46": 98.0,
                    "47": 98.0,
                    "48": 98.0,
                    "49": 98.0,
                    "50": 98.0,
                    "51": 98.0,
                    "52": 98.0,
                    "53": 98.0,
                    "54": 98.0,
                    "55": 98.0,
                    "56": 98.0,
                    "57": 98.0,
                    "58": 98.0,
                    "59": 98.0,
                    "60": 98.0,
                    "61": 97.0,
                    "62": 97.0,
                    "63": 97.0,
                    "64": 97.0,
                    "65": 97.0,
                    "66": 97.0,
                    "67": 97.0,
                    "68": 97.0,
                    "69": 97.0,
                    "70": 97.0,
                    "71": 97.0,
                    "72": 97.0,
                    "73": 97.0,
                    "74": 97.0,
                    "75": 97.0,
                    "76": 97.0,
                    "77": 97.0,
                    "78": 97.0,
                    "79": 97.0,
                    "80": 97.0,
                    "81": 97.0,
                    "82": 97.0,
                    "83": 97.0,
                    "84": 97.0,
                    "85": 97.0,
                    "86": 97.0,
                    "87": 97.0,
                    "88": 97.0,
                    "89": 97.0,
                    "90": 97.0,
                    "91": 97.0,
                    "92": 97.0,
                    "93": 97.0,
                    "94": 97.0,
                    "95": 96.0,
                    "96": 96.0,
                    "97": 95.0,
                    "98": 95.0,
                    "99": 95.0,
                    "100": 95.0,
                    "101": 95.0,
                    "102": 95.0,
                    "103": 95.0,
                    "104": 95.0,
                    "105": 96.0,
                    "106": 96.0,
                    "107": 96.0,
                    "108": 96.0,
                    "109": 96.0,
                    "110": 96.0,
                    "111": 96.0,
                    "112": 96.0,
                    "113": 96.0,
                    "114": 96.0,
                    "115": 96.0,
                    "116": 96.0,
                    "117": 96.0,
                    "118": 96.0,
                    "119": 96.0,
                    "120": 96.0
                }
            },
            {
                "summaryType": "rmssd_hrv",
                "avgValue": 85.0
            },
            {
                "summaryType": "sdrr_hrv",
                "avgValue": 150.0
            }
        ]
    },
    {
        "userId": "49d85c6a-b8f8-4787-95fa-f145553e59a9",
        "userAccessToken": "7b64f2c3-1572-407f-ac1a-ea3ef127ff2c",
        "summaryId": "x45dba26-670e569903768e53-a847-4e3c-a364-bceb313c86e278",
        "calendarDate": "2024-10-15",
        "startTimeInSeconds": 1728992921,
        "durationInSeconds": 120,
        "startTimeOffsetInSeconds": 7254,
        "summaries": [
            {
                "summaryType": "heart_rate",
                "minValue": 54.0,
                "maxValue": 89.0,
                "avgValue": 68.0,
                "epochSummaries": {
                    "0": 84.0,
                    "1": 84.0,
                    "2": 83.0,
                    "3": 84.0,
                    "4": 87.0,
                    "5": 89.0,
                    "6": 89.0,
                    "7": 89.0,
                    "8": 89.0,
                    "9": 89.0,
                    "10": 87.0,
                    "11": 85.0,
                    "12": 83.0,
                    "13": 80.0,
                    "14": 78.0,
                    "15": 76.0,
                    "16": 74.0,
                    "17": 73.0,
                    "18": 72.0,
                    "19": 71.0,
                    "20": 71.0,
                    "21": 72.0,
                    "22": 72.0,
                    "23": 70.0,
                    "24": 65.0,
                    "25": 63.0,
                    "26": 63.0,
                    "27": 63.0,
                    "28": 64.0,
                    "29": 65.0,
                    "30": 65.0,
                    "31": 64.0,
                    "32": 64.0,
                    "33": 64.0,
                    "34": 64.0,
                    "35": 63.0,
                    "36": 63.0,
                    "37": 61.0,
                    "38": 60.0,
                    "39": 59.0,
                    "40": 57.0,
                    "41": 56.0,
                    "42": 54.0,
                    "43": 54.0,
                    "44": 55.0,
                    "45": 55.0,
                    "46": 56.0,
                    "47": 59.0,
                    "48": 61.0,
                    "49": 61.0,
                    "50": 62.0,
                    "51": 62.0,
                    "52": 61.0,
                    "53": 61.0,
                    "54": 60.0,
                    "55": 60.0,
                    "56": 60.0,
                    "57": 60.0,
                    "58": 60.0,
                    "59": 59.0,
                    "60": 58.0,
                    "61": 58.0,
                    "62": 58.0,
                    "63": 58.0,
                    "64": 59.0,
                    "65": 62.0,
                    "66": 64.0,
                    "67": 64.0,
                    "68": 64.0,
                    "69": 64.0,
                    "70": 64.0,
                    "71": 64.0,
                    "72": 65.0,
                    "73": 65.0,
                    "74": 65.0,
                    "75": 65.0,
                    "76": 65.0,
                    "77": 65.0,
                    "78": 65.0,
                    "79": 65.0,
                    "80": 65.0,
                    "81": 65.0,
                    "82": 66.0,
                    "83": 66.0,
                    "84": 70.0,
                    "85": 73.0,
                    "86": 75.0,
                    "87": 75.0,
                    "88": 75.0,
                    "89": 75.0,
                    "90": 75.0,
                    "91": 73.0,
                    "92": 71.0,
                    "93": 64.0,
                    "94": 65.0,
                    "95": 67.0,
                    "96": 68.0,
                    "97": 70.0,
                    "98": 69.0,
                    "99": 68.0,
                    "100": 67.0,
                    "101": 67.0,
                    "102": 68.0,
                    "103": 66.0,
                    "104": 65.0,
                    "105": 66.0,
                    "106": 66.0,
                    "107": 67.0,
                    "108": 68.0,
                    "109": 69.0,
                    "110": 69.0,
                    "111": 68.0,
                    "112": 69.0,
                    "113": 69.0,
                    "114": 69.0,
                    "115": 67.0,
                    "116": 67.0,
                    "117": 68.0,
                    "118": 68.0,
                    "119": 69.0,
                    "120": 77.0
                }
            },
            {
                "summaryType": "respiration",
                "minValue": 14.020000457763672,
                "maxValue": 15.729999542236328,
                "avgValue": 15.020000457763672,
                "epochSummaries": {
                    "0": 14.520000457763672,
                    "1": 14.520000457763672,
                    "2": 14.520000457763672,
                    "3": 14.520000457763672,
                    "4": 14.260000228881836,
                    "5": 14.260000228881836,
                    "6": 14.260000228881836,
                    "7": 14.260000228881836,
                    "8": 14.34000015258789,
                    "9": 14.34000015258789,
                    "10": 14.34000015258789,
                    "11": 14.34000015258789,
                    "12": 14.34000015258789,
                    "13": 14.40999984741211,
                    "14": 14.40999984741211,
                    "15": 14.40999984741211,
                    "16": 14.40999984741211,
                    "17": 14.40999984741211,
                    "18": 14.40999984741211,
                    "19": 14.020000457763672,
                    "20": 14.020000457763672,
                    "21": 14.270000457763672,
                    "22": 14.270000457763672,
                    "23": 14.270000457763672,
                    "24": 14.59000015258789,
                    "25": 14.59000015258789,
                    "26": 14.59000015258789,
                    "27": 14.59000015258789,
                    "28": 14.59000015258789,
                    "29": 14.739999771118164,
                    "30": 14.739999771118164,
                    "31": 14.739999771118164,
                    "32": 14.609999656677246,
                    "33": 14.609999656677246,
                    "34": 14.609999656677246,
                    "35": 14.609999656677246,
                    "36": 14.609999656677246,
                    "37": 14.640000343322754,
                    "38": 14.640000343322754,
                    "39": 14.640000343322754,
                    "40": 14.819999694824219,
                    "41": 14.819999694824219,
                    "42": 14.819999694824219,
                    "43": 14.819999694824219,
                    "44": 14.819999694824219,
                    "45": 14.930000305175781,
                    "46": 14.930000305175781,
                    "47": 14.930000305175781,
                    "48": 14.920000076293945,
                    "49": 14.920000076293945,
                    "50": 14.920000076293945,
                    "51": 14.920000076293945,
                    "52": 15.029999732971191,
                    "53": 15.029999732971191,
                    "54": 15.029999732971191,
                    "55": 15.029999732971191,
                    "56": 15.029999732971191,
                    "57": 15.029999732971191,
                    "58": 15.029999732971191,
                    "59": 15.329999923706055,
                    "60": 15.329999923706055,
                    "61": 15.329999923706055,
                    "62": 15.329999923706055,
                    "63": 15.59000015258789,
                    "64": 15.59000015258789,
                    "65": 15.59000015258789,
                    "66": 15.59000015258789,
                    "67": 15.59000015258789,
                    "68": 15.59000015258789,
                    "69": 15.699999809265137,
                    "70": 15.699999809265137,
                    "71": 15.699999809265137,
                    "72": 15.319999694824219,
                    "73": 15.319999694824219,
                    "74": 15.319999694824219,
                    "75": 15.319999694824219,
                    "76": 15.119999885559082,
                    "77": 15.119999885559082,
                    "78": 15.119999885559082,
                    "79": 15.220000267028809,
                    "80": 15.220000267028809,
                    "81": 15.220000267028809,
                    "82": 15.220000267028809,
                    "83": 15.220000267028809,
                    "84": 15.229999542236328,
                    "85": 15.229999542236328,
                    "86": 15.229999542236328,
                    "87": 15.229999542236328,
                    "88": 15.199999809265137,
                    "89": 15.199999809265137,
                    "90": 15.430000305175781,
                    "91": 15.430000305175781,
                    "92": 15.430000305175781,
                    "93": 15.430000305175781,
                    "94": 15.729999542236328,
                    "95": 15.729999542236328,
                    "96": 15.729999542236328,
                    "97": 15.729999542236328,
                    "98": 15.729999542236328,
                    "99": 15.729999542236328,
                    "100": 15.729999542236328,
                    "101": 15.729999542236328,
                    "102": 15.729999542236328,
                    "103": 15.729999542236328,
                    "104": 15.350000381469727,
                    "105": 15.350000381469727,
                    "106": 15.350000381469727,
                    "107": 15.350000381469727,
                    "108": 15.40999984741211,
                    "109": 15.40999984741211,
                    "110": 15.40999984741211,
                    "111": 15.40999984741211,
                    "112": 15.40999984741211,
                    "113": 15.34000015258789,
                    "114": 15.34000015258789,
                    "115": 15.34000015258789,
                    "116": 15.34000015258789,
                    "117": 15.180000305175781,
                    "118": 15.180000305175781,
                    "119": 15.180000305175781,
                    "120": 14.979999542236328
                }
            },
            {
                "summaryType": "stress",
                "minValue": 20.0,
                "maxValue": 69.0,
                "avgValue": 37.0,
                "epochSummaries": {
                    "0": 67.0,
                    "1": 67.0,
                    "2": 67.0,
                    "3": 67.0,
                    "4": 67.0,
                    "5": 67.0,
                    "6": 67.0,
                    "7": 67.0,
                    "8": 67.0,
                    "9": 66.0,
                    "10": 66.0,
                    "11": 66.0,
                    "12": 66.0,
                    "13": 66.0,
                    "14": 69.0,
                    "15": 69.0,
                    "16": 69.0,
                    "17": 69.0,
                    "18": 69.0,
                    "19": 69.0,
                    "20": 69.0,
                    "21": 69.0,
                    "22": 69.0,
                    "23": 69.0,
                    "24": 62.0,
                    "25": 62.0,
                    "26": 62.0,
                    "27": 62.0,
                    "28": 62.0,
                    "29": 56.0,
                    "30": 56.0,
                    "31": 56.0,
                    "32": 56.0,
                    "33": 56.0,
                    "34": 50.0,
                    "35": 50.0,
                    "36": 50.0,
                    "37": 50.0,
                    "38": 50.0,
                    "39": 44.0,
                    "40": 44.0,
                    "41": 44.0,
                    "42": 44.0,
                    "43": 44.0,
                    "44": 36.0,
                    "45": 36.0,
                    "46": 36.0,
                    "47": 36.0,
                    "48": 36.0,
                    "49": 25.0,
                    "50": 25.0,
                    "51": 25.0,
                    "52": 25.0,
                    "53": 25.0,
                    "54": 24.0,
                    "55": 24.0,
                    "56": 24.0,
                    "57": 24.0,
                    "58": 24.0,
                    "59": 23.0,
                    "60": 23.0,
                    "61": 23.0,
                    "62": 23.0,
                    "63": 23.0,
                    "64": 21.0,
                    "65": 21.0,
                    "66": 21.0,
                    "67": 21.0,
                    "68": 21.0,
                    "69": 20.0,
                    "70": 20.0,
                    "71": 20.0,
                    "72": 20.0,
                    "73": 20.0,
                    "74": 20.0,
                    "75": 20.0,
                    "76": 20.0,
                    "77": 20.0,
                    "78": 20.0,
                    "79": 20.0,
                    "80": 20.0,
                    "81": 20.0,
                    "82": 20.0,
                    "83": 20.0,
                    "84": 20.0,
                    "85": 20.0,
                    "86": 20.0,
                    "87": 20.0,
                    "88": 20.0,
                    "89": 22.0,
                    "90": 22.0,
                    "91": 22.0,
                    "92": 22.0,
                    "93": 22.0,
                    "94": 23.0,
                    "95": 23.0,
                    "96": 23.0,
                    "97": 23.0,
                    "98": 23.0,
                    "99": 23.0,
                    "100": 23.0,
                    "101": 23.0,
                    "102": 23.0,
                    "103": 23.0,
                    "104": 22.0,
                    "105": 22.0,
                    "106": 22.0,
                    "107": 22.0,
                    "108": 22.0,
                    "109": 23.0,
                    "110": 23.0,
                    "111": 23.0,
                    "112": 23.0,
                    "113": 23.0,
                    "114": 24.0,
                    "115": 24.0,
                    "116": 24.0,
                    "117": 24.0,
                    "118": 24.0,
                    "119": 24.0,
                    "120": 24.0
                }
            },
            {
                "summaryType": "spo2",
                "minValue": 93.0,
                "maxValue": 100.0,
                "avgValue": 98.0,
                "epochSummaries": {
                    "2": 94.0,
                    "3": 94.0,
                    "4": 94.0,
                    "5": 94.0,
                    "6": 94.0,
                    "7": 94.0,
                    "8": 94.0,
                    "9": 94.0,
                    "10": 94.0,
                    "11": 94.0,
                    "12": 94.0,
                    "13": 93.0,
                    "14": 93.0,
                    "15": 93.0,
                    "16": 93.0,
                    "17": 95.0,
                    "18": 95.0,
                    "19": 96.0,
                    "20": 96.0,
                    "21": 97.0,
                    "22": 97.0,
                    "23": 97.0,
                    "24": 97.0,
                    "25": 97.0,
                    "26": 97.0,
                    "27": 97.0,
                    "28": 97.0,
                    "29": 97.0,
                    "30": 97.0,
                    "31": 98.0,
                    "32": 98.0,
                    "33": 98.0,
                    "34": 98.0,
                    "35": 98.0,
                    "36": 98.0,
                    "37": 98.0,
                    "38": 98.0,
                    "39": 98.0,
                    "40": 98.0,
                    "41": 98.0,
                    "42": 98.0,
                    "43": 98.0,
                    "44": 98.0,
                    "45": 98.0,
                    "46": 98.0,
                    "47": 98.0,
                    "48": 98.0,
                    "49": 98.0,
                    "50": 98.0,
                    "51": 98.0,
                    "52": 98.0,
                    "53": 98.0,
                    "54": 98.0,
                    "55": 98.0,
                    "56": 98.0,
                    "57": 98.0,
                    "58": 98.0,
                    "59": 99.0,
                    "60": 99.0,
                    "61": 100.0,
                    "62": 100.0,
                    "63": 100.0,
                    "64": 100.0,
                    "65": 100.0,
                    "66": 100.0,
                    "67": 100.0,
                    "68": 100.0,
                    "69": 100.0,
                    "70": 100.0,
                    "71": 100.0,
                    "72": 100.0,
                    "73": 100.0,
                    "74": 100.0,
                    "75": 100.0,
                    "76": 100.0,
                    "77": 100.0,
                    "78": 100.0,
                    "79": 100.0,
                    "80": 100.0,
                    "81": 100.0,
                    "82": 100.0,
                    "83": 99.0,
                    "84": 99.0,
                    "85": 99.0,
                    "86": 99.0,
                    "87": 99.0,
                    "88": 99.0,
                    "89": 99.0,
                    "90": 99.0,
                    "91": 99.0,
                    "92": 99.0,
                    "93": 99.0,
                    "94": 99.0,
                    "95": 99.0,
                    "96": 99.0,
                    "97": 99.0,
                    "98": 99.0,
                    "99": 99.0,
                    "100": 99.0,
                    "101": 99.0,
                    "102": 99.0,
                    "103": 99.0,
                    "104": 99.0,
                    "105": 99.0,
                    "106": 99.0,
                    "107": 99.0,
                    "108": 99.0,
                    "109": 99.0,
                    "110": 99.0,
                    "111": 99.0,
                    "112": 99.0,
                    "113": 99.0,
                    "114": 99.0,
                    "115": 99.0,
                    "116": 99.0,
                    "117": 99.0,
                    "118": 99.0,
                    "119": 99.0,
                    "120": 99.0
                }
            },
            {
                "summaryType": "rmssd_hrv",
                "avgValue": 77.0
            },
            {
                "summaryType": "sdrr_hrv",
                "avgValue": 119.0
            }
        ]
    },
    {
        "userId": "49d85c6a-b8f8-4787-95fa-f145553e59a9",
        "userAccessToken": "7b64f2c3-1572-407f-ac1a-ea3ef127ff2c",
        "summaryId": "x45dba26-670e57ceaeb2ce80-043d-4315-b29d-47a62bfe461478",
        "calendarDate": "2024-10-15",
        "startTimeInSeconds": 1728993230,
        "durationInSeconds": 120,
        "startTimeOffsetInSeconds": 7254,
        "summaries": [
            {
                "summaryType": "heart_rate",
                "minValue": 57.0,
                "maxValue": 74.0,
                "avgValue": 64.0,
                "epochSummaries": {
                    "0": 68.0,
                    "1": 69.0,
                    "2": 69.0,
                    "3": 69.0,
                    "4": 69.0,
                    "5": 69.0,
                    "6": 70.0,
                    "7": 71.0,
                    "8": 71.0,
                    "9": 72.0,
                    "10": 72.0,
                    "11": 73.0,
                    "12": 73.0,
                    "13": 73.0,
                    "14": 74.0,
                    "15": 73.0,
                    "16": 73.0,
                    "17": 72.0,
                    "18": 70.0,
                    "19": 68.0,
                    "20": 68.0,
                    "21": 67.0,
                    "22": 67.0,
                    "23": 67.0,
                    "24": 68.0,
                    "25": 69.0,
                    "26": 70.0,
                    "27": 69.0,
                    "28": 69.0,
                    "29": 68.0,
                    "30": 68.0,
                    "31": 68.0,
                    "32": 68.0,
                    "33": 68.0,
                    "34": 67.0,
                    "35": 67.0,
                    "36": 66.0,
                    "37": 65.0,
                    "38": 65.0,
                    "39": 65.0,
                    "40": 65.0,
                    "41": 65.0,
                    "42": 64.0,
                    "43": 64.0,
                    "44": 63.0,
                    "45": 63.0,
                    "46": 63.0,
                    "47": 63.0,
                    "48": 63.0,
                    "49": 63.0,
                    "50": 63.0,
                    "51": 63.0,
                    "52": 62.0,
                    "53": 62.0,
                    "54": 62.0,
                    "55": 62.0,
                    "56": 61.0,
                    "57": 61.0,
                    "58": 60.0,
                    "59": 58.0,
                    "60": 58.0,
                    "61": 58.0,
                    "62": 58.0,
                    "63": 57.0,
                    "64": 57.0,
                    "65": 58.0,
                    "66": 58.0,
                    "67": 58.0,
                    "68": 58.0,
                    "69": 58.0,
                    "70": 58.0,
                    "71": 58.0,
                    "72": 59.0,
                    "73": 59.0,
                    "74": 59.0,
                    "75": 59.0,
                    "76": 59.0,
                    "77": 59.0,
                    "78": 59.0,
                    "79": 59.0,
                    "80": 59.0,
                    "81": 59.0,
                    "82": 59.0,
                    "83": 59.0,
                    "84": 59.0,
                    "85": 60.0,
                    "86": 59.0,
                    "87": 59.0,
                    "88": 59.0,
                    "89": 59.0,
                    "90": 60.0,
                    "91": 60.0,
                    "92": 59.0,
                    "93": 59.0,
                    "94": 59.0,
                    "95": 59.0,
                    "96": 60.0,
                    "97": 65.0,
                    "98": 66.0,
                    "99": 68.0,
                    "100": 69.0,
                    "101": 69.0,
                    "102": 69.0,
                    "103": 68.0,
                    "104": 68.0,
                    "105": 67.0,
                    "106": 65.0,
                    "107": 64.0,
                    "108": 64.0,
                    "109": 61.0,
                    "110": 61.0,
                    "111": 60.0,
                    "112": 60.0,
                    "113": 60.0,
                    "114": 60.0,
                    "115": 60.0,
                    "116": 60.0,
                    "117": 60.0,
                    "118": 61.0,
                    "119": 61.0,
                    "120": 61.0
                }
            },
            {
                "summaryType": "respiration",
                "minValue": 13.489999771118164,
                "maxValue": 15.239999771118164,
                "avgValue": 14.380000114440918,
                "epochSummaries": {
                    "0": 13.489999771118164,
                    "1": 13.489999771118164,
                    "2": 13.489999771118164,
                    "3": 13.489999771118164,
                    "4": 13.489999771118164,
                    "5": 13.489999771118164,
                    "6": 13.699999809265137,
                    "7": 13.779999732971191,
                    "8": 13.779999732971191,
                    "9": 13.779999732971191,
                    "10": 13.779999732971191,
                    "11": 13.779999732971191,
                    "12": 13.779999732971191,
                    "13": 13.779999732971191,
                    "14": 13.6899995803833,
                    "15": 13.6899995803833,
                    "16": 13.6899995803833,
                    "17": 13.819999694824219,
                    "18": 13.819999694824219,
                    "19": 14.069999694824219,
                    "20": 14.069999694824219,
                    "21": 14.069999694824219,
                    "22": 14.069999694824219,
                    "23": 14.069999694824219,
                    "24": 14.09000015258789,
                    "25": 14.09000015258789,
                    "26": 14.09000015258789,
                    "27": 14.09000015258789,
                    "28": 14.069999694824219,
                    "29": 14.069999694824219,
                    "30": 14.069999694824219,
                    "31": 14.069999694824219,
                    "32": 14.069999694824219,
                    "33": 13.770000457763672,
                    "34": 13.770000457763672,
                    "35": 13.770000457763672,
                    "36": 13.770000457763672,
                    "37": 13.869999885559082,
                    "38": 13.869999885559082,
                    "39": 13.869999885559082,
                    "40": 13.869999885559082,
                    "41": 13.869999885559082,
                    "42": 13.869999885559082,
                    "43": 13.989999771118164,
                    "44": 13.989999771118164,
                    "45": 13.989999771118164,
                    "46": 13.989999771118164,
                    "47": 13.720000267028809,
                    "48": 13.720000267028809,
                    "49": 13.720000267028809,
                    "50": 14.039999961853027,
                    "51": 14.039999961853027,
                    "52": 14.039999961853027,
                    "53": 14.039999961853027,
                    "54": 14.039999961853027,
                    "55": 14.039999961853027,
                    "56": 14.210000038146973,
                    "57": 14.210000038146973,
                    "58": 14.220000267028809,
                    "59": 14.220000267028809,
                    "60": 14.220000267028809,
                    "61": 14.220000267028809,
                    "62": 14.260000228881836,
                    "63": 14.260000228881836,
                    "64": 14.699999809265137,
                    "65": 14.699999809265137,
                    "66": 14.699999809265137,
                    "67": 14.699999809265137,
                    "68": 14.699999809265137,
                    "69": 14.699999809265137,
                    "70": 14.699999809265137,
                    "71": 14.84000015258789,
                    "72": 14.84000015258789,
                    "73": 14.84000015258789,
                    "74": 14.84000015258789,
                    "75": 14.949999809265137,
                    "76": 14.949999809265137,
                    "77": 14.949999809265137,
                    "78": 15.119999885559082,
                    "79": 15.119999885559082,
                    "80": 15.220000267028809,
                    "81": 15.220000267028809,
                    "82": 15.220000267028809,
                    "83": 15.220000267028809,
                    "84": 15.220000267028809,
                    "85": 15.239999771118164,
                    "86": 15.239999771118164,
                    "87": 15.239999771118164,
                    "88": 15.239999771118164,
                    "89": 15.239999771118164,
                    "90": 15.1899995803833,
                    "91": 15.1899995803833,
                    "92": 15.1899995803833,
                    "93": 15.1899995803833,
                    "94": 14.800000190734863,
                    "95": 14.800000190734863,
                    "96": 14.800000190734863,
                    "97": 14.800000190734863,
                    "98": 14.800000190734863,
                    "99": 14.800000190734863,
                    "100": 14.800000190734863,
                    "101": 14.800000190734863,
                    "102": 14.800000190734863,
                    "103": 14.800000190734863,
                    "104": 14.800000190734863,
                    "105": 14.800000190734863,
                    "106": 14.800000190734863,
                    "107": 14.800000190734863,
                    "108": 14.800000190734863,
                    "109": 14.800000190734863,
                    "110": 14.800000190734863,
                    "111": 14.800000190734863,
                    "112": 14.800000190734863,
                    "113": 14.800000190734863,
                    "114": 14.800000190734863,
                    "115": 14.800000190734863,
                    "116": 14.800000190734863,
                    "117": 14.800000190734863,
                    "118": 14.800000190734863,
                    "119": 14.800000190734863,
                    "120": 13.920000076293945
                }
            },
            {
                "summaryType": "stress",
                "minValue": 17.0,
                "maxValue": 30.0,
                "avgValue": 24.0,
                "epochSummaries": {
                    "0": 24.0,
                    "1": 24.0,
                    "2": 24.0,
                    "3": 24.0,
                    "4": 24.0,
                    "5": 24.0,
                    "6": 24.0,
                    "7": 24.0,
                    "8": 24.0,
                    "9": 24.0,
                    "10": 24.0,
                    "11": 24.0,
                    "12": 24.0,
                    "13": 24.0,
                    "14": 24.0,
                    "15": 28.0,
                    "16": 28.0,
                    "17": 28.0,
                    "18": 28.0,
                    "19": 28.0,
                    "20": 27.0,
                    "21": 27.0,
                    "22": 27.0,
                    "23": 27.0,
                    "24": 27.0,
                    "25": 27.0,
                    "26": 27.0,
                    "27": 27.0,
                    "28": 27.0,
                    "29": 27.0,
                    "30": 24.0,
                    "31": 24.0,
                    "32": 24.0,
                    "33": 24.0,
                    "34": 24.0,
                    "35": 22.0,
                    "36": 22.0,
                    "37": 22.0,
                    "38": 22.0,
                    "39": 22.0,
                    "40": 21.0,
                    "41": 21.0,
                    "42": 21.0,
                    "43": 21.0,
                    "44": 21.0,
                    "45": 18.0,
                    "46": 18.0,
                    "47": 18.0,
                    "48": 18.0,
                    "49": 18.0,
                    "50": 19.0,
                    "51": 19.0,
                    "52": 19.0,
                    "53": 19.0,
                    "54": 19.0,
                    "55": 17.0,
                    "56": 17.0,
                    "57": 17.0,
                    "58": 17.0,
                    "59": 17.0,
                    "60": 19.0,
                    "61": 19.0,
                    "62": 19.0,
                    "63": 19.0,
                    "64": 19.0,
                    "65": 20.0,
                    "66": 20.0,
                    "67": 20.0,
                    "68": 20.0,
                    "69": 20.0,
                    "70": 22.0,
                    "71": 22.0,
                    "72": 22.0,
                    "73": 22.0,
                    "74": 22.0,
                    "75": 23.0,
                    "76": 23.0,
                    "77": 23.0,
                    "78": 23.0,
                    "79": 23.0,
                    "80": 24.0,
                    "81": 24.0,
                    "82": 24.0,
                    "83": 24.0,
                    "84": 24.0,
                    "85": 25.0,
                    "86": 25.0,
                    "87": 25.0,
                    "88": 25.0,
                    "89": 25.0,
                    "90": 24.0,
                    "91": 24.0,
                    "92": 24.0,
                    "93": 24.0,
                    "94": 24.0,
                    "95": 27.0,
                    "96": 27.0,
                    "97": 27.0,
                    "98": 27.0,
                    "99": 27.0,
                    "100": 27.0,
                    "101": 27.0,
                    "102": 27.0,
                    "103": 27.0,
                    "104": 27.0,
                    "105": 29.0,
                    "106": 29.0,
                    "107": 29.0,
                    "108": 29.0,
                    "109": 29.0,
                    "110": 29.0,
                    "111": 29.0,
                    "112": 29.0,
                    "113": 29.0,
                    "114": 29.0,
                    "115": 30.0,
                    "116": 30.0,
                    "117": 30.0,
                    "118": 30.0,
                    "119": 30.0,
                    "120": 30.0
                }
            },
            {
                "summaryType": "spo2",
                "minValue": 97.0,
                "maxValue": 100.0,
                "avgValue": 98.0,
                "epochSummaries": {
                    "0": 97.0,
                    "1": 97.0,
                    "2": 97.0,
                    "3": 97.0,
                    "4": 97.0,
                    "5": 97.0,
                    "6": 97.0,
                    "7": 97.0,
                    "8": 97.0,
                    "9": 97.0,
                    "10": 97.0,
                    "11": 97.0,
                    "12": 97.0,
                    "13": 97.0,
                    "14": 98.0,
                    "15": 98.0,
                    "16": 98.0,
                    "17": 98.0,
                    "18": 98.0,
                    "19": 98.0,
                    "20": 98.0,
                    "21": 98.0,
                    "22": 98.0,
                    "23": 98.0,
                    "24": 98.0,
                    "25": 98.0,
                    "26": 98.0,
                    "27": 98.0,
                    "28": 98.0,
                    "29": 98.0,
                    "30": 97.0,
                    "31": 97.0,
                    "32": 98.0,
                    "33": 98.0,
                    "34": 98.0,
                    "35": 98.0,
                    "36": 98.0,
                    "37": 98.0,
                    "38": 98.0,
                    "39": 98.0,
                    "40": 98.0,
                    "41": 98.0,
                    "42": 98.0,
                    "43": 98.0,
                    "44": 98.0,
                    "45": 98.0,
                    "46": 97.0,
                    "47": 97.0,
                    "48": 97.0,
                    "49": 97.0,
                    "50": 97.0,
                    "51": 97.0,
                    "52": 97.0,
                    "53": 97.0,
                    "54": 97.0,
                    "55": 97.0,
                    "56": 97.0,
                    "57": 97.0,
                    "58": 97.0,
                    "59": 97.0,
                    "60": 97.0,
                    "61": 99.0,
                    "62": 99.0,
                    "63": 100.0,
                    "64": 100.0,
                    "65": 99.0,
                    "66": 99.0,
                    "67": 99.0,
                    "68": 99.0,
                    "69": 99.0,
                    "70": 99.0,
                    "71": 99.0,
                    "72": 99.0,
                    "73": 99.0,
                    "74": 99.0,
                    "75": 99.0,
                    "76": 99.0,
                    "77": 99.0,
                    "78": 99.0,
                    "79": 99.0,
                    "80": 99.0,
                    "81": 99.0,
                    "82": 99.0,
                    "83": 99.0,
                    "84": 99.0,
                    "85": 98.0,
                    "86": 98.0,
                    "87": 98.0,
                    "88": 98.0,
                    "89": 98.0,
                    "90": 98.0,
                    "91": 98.0,
                    "92": 98.0,
                    "93": 99.0,
                    "94": 99.0,
                    "95": 99.0,
                    "96": 99.0,
                    "97": 99.0,
                    "98": 99.0,
                    "99": 99.0,
                    "100": 99.0,
                    "101": 99.0,
                    "102": 99.0,
                    "103": 99.0,
                    "104": 99.0,
                    "105": 99.0,
                    "106": 99.0,
                    "107": 98.0,
                    "108": 98.0,
                    "109": 98.0,
                    "110": 98.0,
                    "111": 98.0,
                    "112": 98.0,
                    "113": 98.0,
                    "114": 98.0,
                    "115": 98.0,
                    "116": 98.0,
                    "117": 98.0,
                    "118": 98.0,
                    "119": 98.0,
                    "120": 98.0
                }
            },
            {
                "summaryType": "rmssd_hrv",
                "avgValue": 59.0
            },
            {
                "summaryType": "sdrr_hrv",
                "avgValue": 85.0
            }
        ]
    }
        

]