[
    {
        "userId": "49d85c6a-b8f8-4787-95fa-f145553e59a9",
        "userAccessToken": "7b64f2c3-1572-407f-ac1a-ea3ef127ff2c",
        "summaryId": "x45dba26-670ee1640f8f718c-8d2b-41b5-bf35-2cb551c0a8ef78",
        "calendarDate": "2024-10-15",
        "startTimeInSeconds": 1729028452,
        "durationInSeconds": 120,
        "startTimeOffsetInSeconds": 7254,
        "summaries": [
            {
                "summaryType": "heart_rate",
                "minValue": 60.0,
                "maxValue": 113.0,
                "avgValue": 74.0,
                "epochSummaries": {
                    "0": 78.0,
                    "1": 78.0,
                    "2": 78.0,
                    "3": 78.0,
                    "4": 78.0,
                    "5": 78.0,
                    "6": 78.0,
                    "7": 79.0,
                    "8": 79.0,
                    "9": 79.0,
                    "10": 80.0,
                    "11": 80.0,
                    "12": 80.0,
                    "13": 80.0,
                    "14": 80.0,
                    "15": 81.0,
                    "16": 82.0,
                    "17": 83.0,
                    "18": 83.0,
                    "19": 83.0,
                    "20": 83.0,
                    "21": 84.0,
                    "22": 84.0,
                    "23": 84.0,
                    "24": 84.0,
                    "25": 84.0,
                    "26": 84.0,
                    "27": 84.0,
                    "28": 84.0,
                    "29": 84.0,
                    "30": 84.0,
                    "31": 84.0,
                    "32": 84.0,
                    "33": 85.0,
                    "34": 86.0,
                    "35": 87.0,
                    "36": 88.0,
                    "37": 90.0,
                    "38": 91.0,
                    "39": 91.0,
                    "40": 92.0,
                    "41": 92.0,
                    "42": 92.0,
                    "43": 92.0,
                    "44": 93.0,
                    "45": 93.0,
                    "46": 93.0,
                    "47": 93.0,
                    "48": 96.0,
                    "49": 101.0,
                    "50": 107.0,
                    "51": 113.0,
                    "52": 103.0,
                    "53": 100.0,
                    "54": 98.0,
                    "55": 95.0,
                    "56": 91.0,
                    "57": 79.0,
                    "58": 66.0,
                    "59": 62.0,
                    "60": 60.0,
                    "61": 60.0,
                    "62": 60.0,
                    "63": 60.0,
                    "64": 60.0,
                    "65": 60.0,
                    "66": 60.0,
                    "67": 61.0,
                    "68": 63.0,
                    "69": 65.0,
                    "70": 61.0,
                    "71": 61.0,
                    "72": 61.0,
                    "73": 60.0,
                    "74": 61.0,
                    "75": 63.0,
                    "76": 64.0,
                    "77": 64.0,
                    "78": 62.0,
                    "79": 62.0,
                    "80": 62.0,
                    "81": 63.0,
                    "82": 63.0,
                    "83": 63.0,
                    "84": 62.0,
                    "85": 62.0,
                    "86": 61.0,
                    "87": 60.0,
                    "88": 60.0,
                    "89": 60.0,
                    "90": 61.0,
                    "91": 64.0,
                    "92": 65.0,
                    "93": 64.0,
                    "94": 63.0,
                    "95": 62.0,
                    "96": 61.0,
                    "97": 62.0,
                    "98": 62.0,
                    "99": 62.0,
                    "100": 62.0,
                    "101": 63.0,
                    "102": 63.0,
                    "103": 64.0,
                    "104": 64.0,
                    "105": 63.0,
                    "106": 63.0,
                    "107": 64.0,
                    "108": 64.0,
                    "109": 65.0,
                    "110": 65.0,
                    "111": 65.0,
                    "112": 65.0,
                    "113": 65.0,
                    "114": 65.0,
                    "115": 65.0,
                    "116": 65.0,
                    "117": 65.0,
                    "118": 66.0,
                    "119": 66.0,
                    "120": 67.0
                }
            },
            {
                "summaryType": "respiration",
                "minValue": 13.8100004196167,
                "maxValue": 15.5,
                "avgValue": 14.550000190734863,
                "epochSummaries": {
                    "0": 14.34000015258789,
                    "1": 14.34000015258789,
                    "2": 14.34000015258789,
                    "3": 14.430000305175781,
                    "4": 14.430000305175781,
                    "5": 14.430000305175781,
                    "6": 14.430000305175781,
                    "7": 14.430000305175781,
                    "8": 14.430000305175781,
                    "9": 14.430000305175781,
                    "10": 14.430000305175781,
                    "11": 14.430000305175781,
                    "12": 14.329999923706055,
                    "13": 14.329999923706055,
                    "14": 14.329999923706055,
                    "15": 14.329999923706055,
                    "16": 14.329999923706055,
                    "17": 14.329999923706055,
                    "18": 14.329999923706055,
                    "19": 14.329999923706055,
                    "20": 14.329999923706055,
                    "21": 14.329999923706055,
                    "22": 14.489999771118164,
                    "23": 14.489999771118164,
                    "24": 14.489999771118164,
                    "25": 14.489999771118164,
                    "26": 14.489999771118164,
                    "27": 14.489999771118164,
                    "28": 14.489999771118164,
                    "29": 14.489999771118164,
                    "30": 14.489999771118164,
                    "31": 14.489999771118164,
                    "32": 14.489999771118164,
                    "33": 14.489999771118164,
                    "34": 14.130000114440918,
                    "35": 14.130000114440918,
                    "36": 14.130000114440918,
                    "37": 14.220000267028809,
                    "38": 14.220000267028809,
                    "39": 14.220000267028809,
                    "40": 14.220000267028809,
                    "41": 14.319999694824219,
                    "42": 14.319999694824219,
                    "43": 14.319999694824219,
                    "44": 14.319999694824219,
                    "45": 14.319999694824219,
                    "46": 14.319999694824219,
                    "47": 14.399999618530273,
                    "48": 14.399999618530273,
                    "49": 14.399999618530273,
                    "50": 14.029999732971191,
                    "51": 14.029999732971191,
                    "52": 14.029999732971191,
                    "53": 14.420000076293945,
                    "54": 14.420000076293945,
                    "55": 14.420000076293945,
                    "56": 14.420000076293945,
                    "57": 14.420000076293945,
                    "58": 14.420000076293945,
                    "59": 14.420000076293945,
                    "60": 14.420000076293945,
                    "61": 14.420000076293945,
                    "62": 14.420000076293945,
                    "63": 14.420000076293945,
                    "64": 14.329999923706055,
                    "65": 14.329999923706055,
                    "66": 14.329999923706055,
                    "67": 14.329999923706055,
                    "68": 14.329999923706055,
                    "69": 14.329999923706055,
                    "70": 14.4399995803833,
                    "71": 14.4399995803833,
                    "72": 14.4399995803833,
                    "73": 14.4399995803833,
                    "74": 14.4399995803833,
                    "75": 14.4399995803833,
                    "76": 14.4399995803833,
                    "77": 14.270000457763672,
                    "78": 14.4399995803833,
                    "79": 14.4399995803833,
                    "80": 14.4399995803833,
                    "81": 14.4399995803833,
                    "82": 14.4399995803833,
                    "83": 14.4399995803833,
                    "84": 14.4399995803833,
                    "85": 14.4399995803833,
                    "86": 14.4399995803833,
                    "87": 14.640000343322754,
                    "88": 14.420000076293945,
                    "89": 14.420000076293945,
                    "90": 14.420000076293945,
                    "91": 14.420000076293945,
                    "92": 14.420000076293945,
                    "93": 14.420000076293945,
                    "94": 14.420000076293945,
                    "95": 14.420000076293945,
                    "96": 14.710000038146973,
                    "97": 14.710000038146973,
                    "98": 14.710000038146973,
                    "99": 14.949999809265137,
                    "100": 14.949999809265137,
                    "101": 14.949999809265137,
                    "102": 15.140000343322754,
                    "103": 15.140000343322754,
                    "104": 15.140000343322754,
                    "105": 15.140000343322754,
                    "106": 15.420000076293945,
                    "107": 15.420000076293945,
                    "108": 15.420000076293945,
                    "109": 15.5,
                    "110": 15.5,
                    "111": 15.5,
                    "112": 15.5,
                    "113": 15.5,
                    "114": 15.5,
                    "115": 15.5,
                    "116": 15.5,
                    "117": 15.5,
                    "118": 15.5,
                    "119": 15.5,
                    "120": 13.8100004196167
                }
            },
            {
                "summaryType": "stress",
                "minValue": 19.0,
                "maxValue": 89.0,
                "avgValue": 57.0,
                "epochSummaries": {
                    "0": 44.0,
                    "1": 44.0,
                    "2": 44.0,
                    "3": 33.0,
                    "4": 33.0,
                    "5": 33.0,
                    "6": 33.0,
                    "7": 33.0,
                    "8": 32.0,
                    "9": 32.0,
                    "10": 32.0,
                    "11": 32.0,
                    "12": 32.0,
                    "13": 39.0,
                    "14": 39.0,
                    "15": 39.0,
                    "16": 39.0,
                    "17": 39.0,
                    "18": 45.0,
                    "19": 45.0,
                    "20": 45.0,
                    "21": 45.0,
                    "22": 45.0,
                    "23": 52.0,
                    "24": 52.0,
                    "25": 52.0,
                    "26": 52.0,
                    "27": 52.0,
                    "28": 57.0,
                    "29": 57.0,
                    "30": 57.0,
                    "31": 57.0,
                    "32": 57.0,
                    "33": 63.0,
                    "34": 63.0,
                    "35": 63.0,
                    "36": 63.0,
                    "37": 63.0,
                    "38": 72.0,
                    "39": 72.0,
                    "40": 72.0,
                    "41": 72.0,
                    "42": 72.0,
                    "43": 75.0,
                    "44": 75.0,
                    "45": 75.0,
                    "46": 75.0,
                    "47": 75.0,
                    "48": 78.0,
                    "49": 78.0,
                    "50": 78.0,
                    "51": 78.0,
                    "52": 78.0,
                    "53": 81.0,
                    "54": 81.0,
                    "55": 81.0,
                    "56": 81.0,
                    "57": 81.0,
                    "58": 82.0,
                    "59": 82.0,
                    "60": 82.0,
                    "61": 82.0,
                    "62": 82.0,
                    "63": 87.0,
                    "64": 87.0,
                    "65": 87.0,
                    "66": 87.0,
                    "67": 87.0,
                    "68": 87.0,
                    "69": 87.0,
                    "70": 87.0,
                    "71": 87.0,
                    "72": 87.0,
                    "73": 89.0,
                    "74": 89.0,
                    "75": 89.0,
                    "76": 89.0,
                    "77": 89.0,
                    "78": 81.0,
                    "79": 81.0,
                    "80": 81.0,
                    "81": 81.0,
                    "82": 81.0,
                    "83": 78.0,
                    "84": 78.0,
                    "85": 78.0,
                    "86": 78.0,
                    "87": 78.0,
                    "88": 75.0,
                    "89": 75.0,
                    "90": 75.0,
                    "91": 75.0,
                    "92": 75.0,
                    "93": 49.0,
                    "94": 49.0,
                    "95": 49.0,
                    "96": 49.0,
                    "97": 49.0,
                    "98": 24.0,
                    "99": 24.0,
                    "100": 24.0,
                    "101": 24.0,
                    "102": 24.0,
                    "103": 23.0,
                    "104": 23.0,
                    "105": 23.0,
                    "106": 23.0,
                    "107": 23.0,
                    "108": 19.0,
                    "109": 19.0,
                    "110": 19.0,
                    "111": 19.0,
                    "112": 19.0,
                    "113": 19.0,
                    "114": 19.0,
                    "115": 19.0,
                    "116": 19.0,
                    "117": 19.0,
                    "118": 19.0,
                    "119": 19.0,
                    "120": 19.0
                }
            },
            {
                "summaryType": "spo2",
                "minValue": 94.0,
                "maxValue": 99.0,
                "avgValue": 97.0,
                "epochSummaries": {
                    "0": 99.0,
                    "1": 99.0,
                    "2": 99.0,
                    "3": 99.0,
                    "4": 99.0,
                    "5": 99.0,
                    "6": 99.0,
                    "7": 99.0,
                    "8": 99.0,
                    "9": 99.0,
                    "10": 99.0,
                    "11": 99.0,
                    "12": 99.0,
                    "13": 99.0,
                    "14": 99.0,
                    "15": 99.0,
                    "16": 99.0,
                    "17": 99.0,
                    "18": 99.0,
                    "19": 99.0,
                    "20": 99.0,
                    "21": 99.0,
                    "22": 99.0,
                    "23": 99.0,
                    "24": 99.0,
                    "25": 99.0,
                    "26": 99.0,
                    "27": 99.0,
                    "28": 99.0,
                    "29": 99.0,
                    "30": 99.0,
                    "31": 99.0,
                    "32": 99.0,
                    "33": 99.0,
                    "34": 99.0,
                    "35": 99.0,
                    "36": 99.0,
                    "37": 99.0,
                    "38": 99.0,
                    "39": 99.0,
                    "40": 99.0,
                    "41": 99.0,
                    "42": 99.0,
                    "43": 99.0,
                    "44": 99.0,
                    "45": 99.0,
                    "46": 99.0,
                    "47": 99.0,
                    "48": 99.0,
                    "49": 99.0,
                    "50": 99.0,
                    "51": 99.0,
                    "52": 99.0,
                    "53": 99.0,
                    "54": 99.0,
                    "55": 99.0,
                    "56": 99.0,
                    "57": 99.0,
                    "58": 99.0,
                    "59": 99.0,
                    "60": 99.0,
                    "61": 99.0,
                    "62": 99.0,
                    "63": 99.0,
                    "64": 99.0,
                    "65": 99.0,
                    "66": 99.0,
                    "67": 99.0,
                    "68": 99.0,
                    "69": 99.0,
                    "70": 99.0,
                    "71": 99.0,
                    "72": 99.0,
                    "73": 99.0,
                    "74": 98.0,
                    "75": 98.0,
                    "76": 97.0,
                    "77": 97.0,
                    "78": 96.0,
                    "79": 96.0,
                    "80": 96.0,
                    "81": 95.0,
                    "82": 95.0,
                    "83": 94.0,
                    "84": 94.0,
                    "85": 94.0,
                    "86": 94.0,
                    "87": 94.0,
                    "88": 94.0,
                    "89": 94.0,
                    "90": 94.0,
                    "91": 94.0,
                    "92": 94.0,
                    "93": 94.0,
                    "94": 94.0,
                    "95": 94.0,
                    "96": 94.0,
                    "97": 94.0,
                    "98": 94.0,
                    "99": 94.0,
                    "100": 94.0,
                    "101": 94.0,
                    "102": 94.0,
                    "103": 94.0,
                    "104": 94.0,
                    "105": 94.0,
                    "106": 94.0,
                    "107": 95.0,
                    "108": 95.0,
                    "109": 95.0,
                    "110": 95.0,
                    "111": 95.0,
                    "112": 95.0,
                    "113": 95.0,
                    "114": 95.0,
                    "115": 95.0,
                    "116": 95.0,
                    "117": 95.0,
                    "118": 95.0,
                    "119": 95.0,
                    "120": 95.0
                }
            },
            {
                "summaryType": "rmssd_hrv",
                "avgValue": 55.0
            },
            {
                "summaryType": "sdrr_hrv",
                "avgValue": 138.0
            }
        ]
    }
]