[
    
    
    {
        "userId": "49d85c6a-b8f8-4787-95fa-f145553e59a9",
        "userAccessToken": "7b64f2c3-1572-407f-ac1a-ea3ef127ff2c",
        "summaryId": "x45dba26-670e9d0a368a6101-bbca-4c27-8b37-99ae56fec88778",
        "calendarDate": "2024-10-15",
        "startTimeInSeconds": 1729010954,
        "durationInSeconds": 120,
        "startTimeOffsetInSeconds": 7254,
        "summaries": [
            {
                "summaryType": "heart_rate",
                "minValue": 124.0,
                "maxValue": 163.0,
                "avgValue": 143.0,
                "epochSummaries": {
                    "0": 163.0,
                    "1": 162.0,
                    "2": 162.0,
                    "3": 162.0,
                    "4": 160.0,
                    "5": 156.0,
                    "6": 153.0,
                    "7": 152.0,
                    "8": 152.0,
                    "9": 152.0,
                    "10": 151.0,
                    "11": 151.0,
                    "12": 150.0,
                    "13": 150.0,
                    "14": 149.0,
                    "15": 148.0,
                    "16": 147.0,
                    "17": 145.0,
                    "18": 137.0,
                    "19": 134.0,
                    "20": 129.0,
                    "21": 126.0,
                    "22": 124.0,
                    "23": 124.0,
                    "24": 124.0,
                    "25": 125.0,
                    "26": 125.0,
                    "27": 126.0,
                    "29": 135.0,
                    "30": 136.0,
                    "31": 136.0,
                    "32": 137.0,
                    "33": 137.0,
                    "34": 140.0,
                    "35": 142.0,
                    "36": 144.0,
                    "37": 147.0,
                    "38": 149.0,
                    "39": 151.0,
                    "40": 154.0,
                    "41": 152.0,
                    "42": 151.0,
                    "43": 149.0,
                    "44": 147.0,
                    "45": 147.0,
                    "46": 147.0,
                    "47": 147.0,
                    "48": 147.0,
                    "49": 148.0,
                    "50": 147.0,
                    "51": 146.0,
                    "52": 146.0,
                    "53": 147.0,
                    "54": 146.0,
                    "55": 146.0,
                    "56": 146.0,
                    "57": 146.0,
                    "58": 146.0,
                    "59": 146.0,
                    "60": 146.0,
                    "61": 147.0,
                    "62": 146.0,
                    "63": 146.0,
                    "64": 148.0,
                    "65": 150.0,
                    "66": 149.0,
                    "67": 147.0,
                    "68": 146.0,
                    "69": 144.0,
                    "70": 143.0,
                    "71": 142.0,
                    "72": 143.0,
                    "73": 144.0,
                    "74": 144.0,
                    "75": 144.0,
                    "76": 144.0,
                    "77": 143.0,
                    "78": 142.0,
                    "79": 143.0,
                    "80": 144.0,
                    "81": 146.0,
                    "82": 147.0,
                    "83": 149.0,
                    "84": 143.0,
                    "85": 136.0,
                    "86": 136.0,
                    "87": 137.0,
                    "88": 138.0,
                    "89": 140.0,
                    "90": 143.0,
                    "91": 145.0,
                    "92": 148.0,
                    "93": 147.0,
                    "94": 144.0,
                    "95": 143.0,
                    "96": 142.0,
                    "97": 140.0,
                    "98": 140.0,
                    "99": 140.0,
                    "100": 140.0,
                    "101": 140.0,
                    "102": 140.0,
                    "103": 139.0,
                    "104": 139.0,
                    "105": 139.0,
                    "106": 141.0,
                    "107": 140.0,
                    "108": 138.0,
                    "109": 136.0,
                    "110": 136.0,
                    "111": 136.0,
                    "112": 138.0,
                    "113": 138.0,
                    "114": 134.0,
                    "115": 133.0,
                    "116": 133.0,
                    "117": 136.0,
                    "118": 138.0,
                    "119": 140.0,
                    "120": 137.0
                }
            },
            {
                "summaryType": "respiration",
                "minValue": 14.470000267028809,
                "maxValue": 14.779999732971191,
                "avgValue": 14.770000457763672,
                "epochSummaries": {
                    "21": 14.65999984741211,
                    "22": 14.65999984741211,
                    "23": 14.65999984741211,
                    "24": 14.65999984741211,
                    "25": 14.779999732971191,
                    "26": 14.779999732971191,
                    "27": 14.779999732971191,
                    "29": 14.779999732971191,
                    "30": 14.779999732971191,
                    "31": 14.779999732971191,
                    "32": 14.779999732971191,
                    "33": 14.779999732971191,
                    "34": 14.779999732971191,
                    "35": 14.779999732971191,
                    "36": 14.779999732971191,
                    "37": 14.779999732971191,
                    "38": 14.779999732971191,
                    "39": 14.779999732971191,
                    "40": 14.779999732971191,
                    "41": 14.779999732971191,
                    "42": 14.779999732971191,
                    "43": 14.779999732971191,
                    "44": 14.779999732971191,
                    "45": 14.779999732971191,
                    "46": 14.779999732971191,
                    "47": 14.779999732971191,
                    "48": 14.779999732971191,
                    "49": 14.779999732971191,
                    "50": 14.779999732971191,
                    "51": 14.779999732971191,
                    "52": 14.779999732971191,
                    "53": 14.779999732971191,
                    "54": 14.779999732971191,
                    "55": 14.779999732971191,
                    "56": 14.779999732971191,
                    "57": 14.779999732971191,
                    "58": 14.779999732971191,
                    "59": 14.779999732971191,
                    "60": 14.779999732971191,
                    "61": 14.779999732971191,
                    "62": 14.779999732971191,
                    "63": 14.779999732971191,
                    "64": 14.779999732971191,
                    "65": 14.779999732971191,
                    "66": 14.779999732971191,
                    "67": 14.779999732971191,
                    "68": 14.779999732971191,
                    "69": 14.779999732971191,
                    "70": 14.779999732971191,
                    "71": 14.779999732971191,
                    "72": 14.779999732971191,
                    "73": 14.779999732971191,
                    "74": 14.779999732971191,
                    "75": 14.779999732971191,
                    "76": 14.779999732971191,
                    "77": 14.779999732971191,
                    "78": 14.779999732971191,
                    "79": 14.779999732971191,
                    "80": 14.779999732971191,
                    "81": 14.779999732971191,
                    "82": 14.779999732971191,
                    "83": 14.779999732971191,
                    "84": 14.779999732971191,
                    "85": 14.779999732971191,
                    "86": 14.779999732971191,
                    "87": 14.779999732971191,
                    "88": 14.779999732971191,
                    "89": 14.779999732971191,
                    "90": 14.779999732971191,
                    "91": 14.779999732971191,
                    "92": 14.779999732971191,
                    "93": 14.779999732971191,
                    "94": 14.779999732971191,
                    "95": 14.779999732971191,
                    "96": 14.779999732971191,
                    "97": 14.779999732971191,
                    "98": 14.779999732971191,
                    "99": 14.779999732971191,
                    "100": 14.779999732971191,
                    "101": 14.779999732971191,
                    "102": 14.779999732971191,
                    "103": 14.779999732971191,
                    "104": 14.779999732971191,
                    "105": 14.779999732971191,
                    "106": 14.779999732971191,
                    "107": 14.779999732971191,
                    "108": 14.779999732971191,
                    "109": 14.779999732971191,
                    "110": 14.779999732971191,
                    "111": 14.779999732971191,
                    "112": 14.779999732971191,
                    "113": 14.779999732971191,
                    "114": 14.779999732971191,
                    "115": 14.779999732971191,
                    "116": 14.779999732971191,
                    "117": 14.779999732971191,
                    "118": 14.779999732971191,
                    "119": 14.779999732971191,
                    "120": 14.470000267028809
                }
            },
            {
                "summaryType": "stress",
                "minValue": 99.0,
                "maxValue": 100.0,
                "avgValue": 99.0,
                "epochSummaries": {
                    "6": 100.0,
                    "7": 100.0,
                    "8": 100.0,
                    "9": 100.0,
                    "10": 100.0,
                    "11": 100.0,
                    "12": 100.0,
                    "13": 100.0,
                    "14": 100.0,
                    "15": 100.0,
                    "16": 100.0,
                    "17": 100.0,
                    "18": 100.0,
                    "19": 100.0,
                    "20": 100.0,
                    "21": 100.0,
                    "22": 100.0,
                    "23": 100.0,
                    "24": 100.0,
                    "25": 100.0,
                    "26": 100.0,
                    "27": 100.0,
                    "28": 100.0,
                    "29": 100.0,
                    "30": 100.0,
                    "31": 100.0,
                    "32": 100.0,
                    "33": 100.0,
                    "34": 100.0,
                    "35": 100.0,
                    "36": 100.0,
                    "37": 100.0,
                    "38": 100.0,
                    "39": 100.0,
                    "40": 100.0,
                    "41": 99.0,
                    "42": 99.0,
                    "43": 99.0,
                    "44": 99.0,
                    "45": 99.0,
                    "46": 99.0,
                    "47": 99.0,
                    "48": 99.0,
                    "49": 99.0,
                    "50": 99.0,
                    "51": 99.0,
                    "52": 99.0,
                    "53": 99.0,
                    "54": 99.0,
                    "55": 99.0,
                    "56": 99.0,
                    "57": 99.0,
                    "58": 99.0,
                    "59": 99.0,
                    "60": 99.0,
                    "61": 99.0,
                    "62": 99.0,
                    "63": 99.0,
                    "64": 99.0,
                    "65": 99.0,
                    "66": 99.0,
                    "67": 99.0,
                    "68": 99.0,
                    "69": 99.0,
                    "70": 99.0,
                    "71": 100.0,
                    "72": 100.0,
                    "73": 100.0,
                    "74": 100.0,
                    "75": 100.0,
                    "76": 100.0,
                    "77": 100.0,
                    "78": 100.0,
                    "79": 100.0,
                    "80": 100.0,
                    "81": 100.0,
                    "82": 100.0,
                    "83": 100.0,
                    "84": 100.0,
                    "85": 100.0,
                    "86": 100.0,
                    "87": 100.0,
                    "88": 100.0,
                    "89": 100.0,
                    "90": 100.0,
                    "91": 99.0,
                    "92": 99.0,
                    "93": 99.0,
                    "94": 99.0,
                    "95": 99.0,
                    "96": 99.0,
                    "97": 99.0,
                    "98": 99.0,
                    "99": 99.0,
                    "100": 99.0,
                    "101": 99.0,
                    "102": 99.0,
                    "103": 99.0,
                    "104": 99.0,
                    "105": 99.0,
                    "106": 99.0,
                    "107": 99.0,
                    "108": 99.0,
                    "109": 99.0,
                    "110": 99.0,
                    "111": 99.0,
                    "112": 99.0,
                    "113": 99.0,
                    "114": 99.0,
                    "115": 99.0,
                    "116": 99.0,
                    "117": 99.0,
                    "118": 99.0,
                    "119": 99.0,
                    "120": 99.0
                }
            },
            {
                "summaryType": "spo2",
                "minValue": 95.0,
                "maxValue": 97.0,
                "avgValue": 95.0,
                "epochSummaries": {
                    "0": 97.0,
                    "1": 97.0,
                    "2": 97.0,
                    "3": 97.0,
                    "4": 97.0,
                    "5": 97.0,
                    "6": 97.0,
                    "7": 97.0,
                    "8": 97.0,
                    "9": 97.0,
                    "10": 97.0,
                    "11": 97.0,
                    "12": 97.0,
                    "13": 97.0,
                    "14": 97.0,
                    "15": 97.0,
                    "16": 97.0,
                    "17": 97.0,
                    "18": 97.0,
                    "19": 97.0,
                    "20": 97.0,
                    "21": 97.0,
                    "22": 97.0,
                    "23": 96.0,
                    "24": 96.0,
                    "25": 95.0,
                    "26": 95.0,
                    "27": 95.0,
                    "28": 95.0,
                    "29": 95.0,
                    "30": 95.0,
                    "31": 95.0,
                    "32": 95.0,
                    "33": 95.0,
                    "34": 95.0,
                    "35": 95.0,
                    "36": 95.0,
                    "37": 95.0,
                    "38": 95.0,
                    "39": 95.0,
                    "40": 95.0,
                    "41": 95.0,
                    "42": 95.0,
                    "43": 95.0,
                    "44": 95.0,
                    "45": 95.0,
                    "46": 95.0,
                    "47": 95.0,
                    "48": 95.0,
                    "49": 95.0,
                    "50": 95.0,
                    "51": 95.0,
                    "52": 95.0,
                    "53": 95.0,
                    "54": 95.0,
                    "55": 95.0,
                    "56": 95.0,
                    "57": 95.0,
                    "58": 95.0,
                    "59": 95.0,
                    "60": 95.0,
                    "61": 95.0,
                    "62": 95.0,
                    "63": 95.0,
                    "64": 95.0,
                    "65": 95.0,
                    "66": 95.0,
                    "67": 95.0,
                    "68": 95.0,
                    "69": 95.0,
                    "70": 95.0,
                    "71": 95.0,
                    "72": 95.0,
                    "73": 95.0,
                    "74": 95.0,
                    "75": 95.0,
                    "76": 95.0,
                    "77": 95.0,
                    "78": 95.0,
                    "79": 95.0,
                    "80": 95.0,
                    "81": 95.0,
                    "82": 95.0,
                    "83": 95.0,
                    "84": 95.0,
                    "85": 95.0,
                    "86": 95.0,
                    "87": 95.0,
                    "88": 95.0,
                    "89": 95.0,
                    "90": 95.0,
                    "91": 95.0,
                    "92": 95.0,
                    "93": 95.0,
                    "94": 95.0,
                    "95": 95.0,
                    "96": 95.0,
                    "97": 95.0,
                    "98": 95.0,
                    "99": 95.0,
                    "100": 95.0,
                    "101": 96.0,
                    "102": 96.0,
                    "103": 96.0,
                    "104": 96.0,
                    "105": 96.0,
                    "106": 96.0,
                    "107": 96.0,
                    "108": 96.0,
                    "109": 96.0,
                    "110": 96.0,
                    "111": 96.0,
                    "112": 96.0,
                    "113": 96.0,
                    "114": 96.0,
                    "115": 96.0,
                    "116": 96.0,
                    "117": 96.0,
                    "118": 96.0,
                    "119": 96.0,
                    "120": 96.0
                }
            },
            {
                "summaryType": "rmssd_hrv",
                "avgValue": 16.0
            },
            {
                "summaryType": "sdrr_hrv",
                "avgValue": 39.0
            }
        ]
    }
]