[
    {
        "userId": "49d85c6a-b8f8-4787-95fa-f145553e59a9",
        "userAccessToken": "7b64f2c3-1572-407f-ac1a-ea3ef127ff2c",
        "summaryId": "x45dba26-670e5733e938b38b-9b56-418e-bec2-143c790d204b78",
        "calendarDate": "2024-10-15",
        "startTimeInSeconds": 1728993075,
        "durationInSeconds": 120,
        "startTimeOffsetInSeconds": 7254,
        "summaries": [
            {
                "summaryType": "heart_rate",
                "minValue": 62.0,
                "maxValue": 78.0,
                "avgValue": 66.0,
                "epochSummaries": {
                    "0": 68.0,
                    "1": 68.0,
                    "2": 68.0,
                    "3": 68.0,
                    "4": 68.0,
                    "5": 69.0,
                    "6": 70.0,
                    "7": 71.0,
                    "8": 73.0,
                    "9": 75.0,
                    "10": 76.0,
                    "11": 77.0,
                    "12": 77.0,
                    "13": 77.0,
                    "14": 77.0,
                    "15": 78.0,
                    "16": 78.0,
                    "17": 77.0,
                    "18": 76.0,
                    "19": 72.0,
                    "20": 70.0,
                    "21": 69.0,
                    "22": 67.0,
                    "23": 67.0,
                    "24": 66.0,
                    "25": 66.0,
                    "26": 65.0,
                    "27": 65.0,
                    "28": 65.0,
                    "29": 64.0,
                    "30": 64.0,
                    "31": 63.0,
                    "32": 62.0,
                    "33": 62.0,
                    "34": 62.0,
                    "35": 62.0,
                    "36": 62.0,
                    "37": 62.0,
                    "38": 62.0,
                    "39": 62.0,
                    "40": 62.0,
                    "41": 62.0,
                    "42": 62.0,
                    "43": 62.0,
                    "44": 62.0,
                    "45": 62.0,
                    "46": 62.0,
                    "47": 62.0,
                    "48": 62.0,
                    "49": 62.0,
                    "50": 62.0,
                    "51": 63.0,
                    "52": 63.0,
                    "53": 63.0,
                    "54": 64.0,
                    "55": 69.0,
                    "56": 70.0,
                    "57": 70.0,
                    "58": 69.0,
                    "59": 68.0,
                    "60": 67.0,
                    "61": 66.0,
                    "62": 66.0,
                    "63": 66.0,
                    "64": 66.0,
                    "65": 66.0,
                    "66": 66.0,
                    "67": 65.0,
                    "68": 65.0,
                    "69": 65.0,
                    "70": 65.0,
                    "71": 65.0,
                    "72": 65.0,
                    "73": 65.0,
                    "74": 65.0,
                    "75": 65.0,
                    "76": 65.0,
                    "77": 64.0,
                    "78": 64.0,
                    "79": 63.0,
                    "80": 63.0,
                    "81": 63.0,
                    "82": 63.0,
                    "83": 63.0,
                    "84": 64.0,
                    "85": 64.0,
                    "86": 64.0,
                    "87": 65.0,
                    "88": 65.0,
                    "89": 65.0,
                    "90": 66.0,
                    "91": 66.0,
                    "92": 67.0,
                    "93": 68.0,
                    "94": 69.0,
                    "95": 68.0,
                    "96": 67.0,
                    "97": 68.0,
                    "98": 67.0,
                    "99": 67.0,
                    "100": 67.0,
                    "101": 66.0,
                    "102": 64.0,
                    "103": 63.0,
                    "104": 62.0,
                    "105": 62.0,
                    "106": 62.0,
                    "107": 63.0,
                    "108": 63.0,
                    "109": 64.0,
                    "110": 64.0,
                    "111": 64.0,
                    "112": 64.0,
                    "113": 64.0,
                    "114": 64.0,
                    "115": 63.0,
                    "116": 63.0,
                    "117": 64.0,
                    "118": 64.0,
                    "119": 64.0,
                    "120": 65.0
                }
            },
            {
                "summaryType": "respiration",
                "minValue": 13.649999618530273,
                "maxValue": 14.699999809265137,
                "avgValue": 14.260000228881836,
                "epochSummaries": {
                    "0": 14.579999923706055,
                    "1": 14.579999923706055,
                    "2": 14.579999923706055,
                    "3": 14.369999885559082,
                    "4": 14.369999885559082,
                    "5": 14.369999885559082,
                    "6": 14.369999885559082,
                    "7": 14.369999885559082,
                    "8": 13.930000305175781,
                    "9": 13.930000305175781,
                    "10": 13.930000305175781,
                    "11": 13.930000305175781,
                    "12": 13.930000305175781,
                    "13": 13.930000305175781,
                    "14": 13.930000305175781,
                    "15": 13.930000305175781,
                    "16": 13.930000305175781,
                    "17": 13.930000305175781,
                    "18": 14.100000381469727,
                    "19": 14.100000381469727,
                    "20": 14.100000381469727,
                    "21": 14.100000381469727,
                    "22": 14.100000381469727,
                    "23": 14.100000381469727,
                    "24": 14.100000381469727,
                    "25": 14.100000381469727,
                    "26": 14.100000381469727,
                    "27": 13.869999885559082,
                    "28": 13.869999885559082,
                    "29": 13.869999885559082,
                    "30": 14.039999961853027,
                    "31": 14.039999961853027,
                    "32": 14.039999961853027,
                    "33": 14.039999961853027,
                    "34": 14.039999961853027,
                    "35": 14.039999961853027,
                    "36": 14.15999984741211,
                    "37": 14.350000381469727,
                    "38": 14.350000381469727,
                    "39": 14.350000381469727,
                    "40": 14.350000381469727,
                    "41": 14.569999694824219,
                    "42": 14.569999694824219,
                    "43": 14.569999694824219,
                    "44": 14.569999694824219,
                    "45": 14.569999694824219,
                    "46": 14.430000305175781,
                    "47": 14.430000305175781,
                    "48": 14.430000305175781,
                    "49": 14.430000305175781,
                    "50": 14.430000305175781,
                    "51": 14.199999809265137,
                    "52": 14.199999809265137,
                    "53": 14.199999809265137,
                    "54": 14.199999809265137,
                    "55": 14.199999809265137,
                    "56": 13.930000305175781,
                    "57": 13.930000305175781,
                    "58": 13.930000305175781,
                    "59": 13.930000305175781,
                    "60": 13.930000305175781,
                    "61": 13.930000305175781,
                    "62": 13.760000228881836,
                    "63": 13.760000228881836,
                    "64": 14.020000457763672,
                    "65": 14.020000457763672,
                    "66": 14.020000457763672,
                    "67": 14.020000457763672,
                    "68": 14.020000457763672,
                    "69": 14.329999923706055,
                    "70": 14.329999923706055,
                    "71": 14.329999923706055,
                    "72": 14.40999984741211,
                    "73": 14.40999984741211,
                    "74": 14.40999984741211,
                    "75": 14.40999984741211,
                    "76": 14.40999984741211,
                    "77": 14.039999961853027,
                    "78": 14.039999961853027,
                    "79": 14.039999961853027,
                    "80": 14.40999984741211,
                    "81": 14.40999984741211,
                    "82": 14.40999984741211,
                    "83": 14.40999984741211,
                    "84": 14.510000228881836,
                    "85": 14.510000228881836,
                    "86": 14.510000228881836,
                    "87": 14.510000228881836,
                    "88": 14.510000228881836,
                    "89": 14.34000015258789,
                    "90": 14.34000015258789,
                    "91": 14.34000015258789,
                    "92": 14.34000015258789,
                    "93": 14.34000015258789,
                    "94": 14.34000015258789,
                    "95": 14.34000015258789,
                    "96": 14.369999885559082,
                    "97": 14.539999961853027,
                    "98": 14.539999961853027,
                    "99": 14.539999961853027,
                    "100": 14.539999961853027,
                    "101": 14.539999961853027,
                    "102": 14.699999809265137,
                    "103": 14.699999809265137,
                    "104": 14.699999809265137,
                    "105": 14.699999809265137,
                    "106": 14.5600004196167,
                    "107": 14.5600004196167,
                    "108": 14.5600004196167,
                    "109": 14.5600004196167,
                    "110": 14.5600004196167,
                    "111": 14.470000267028809,
                    "112": 14.470000267028809,
                    "113": 14.470000267028809,
                    "114": 14.470000267028809,
                    "115": 14.470000267028809,
                    "116": 14.15999984741211,
                    "117": 14.15999984741211,
                    "118": 14.15999984741211,
                    "119": 14.15999984741211,
                    "120": 13.649999618530273
                }
            },
            {
                "summaryType": "stress",
                "minValue": 15.0,
                "maxValue": 53.0,
                "avgValue": 26.0,
                "epochSummaries": {
                    "0": 28.0,
                    "1": 28.0,
                    "2": 28.0,
                    "3": 28.0,
                    "4": 28.0,
                    "5": 27.0,
                    "6": 27.0,
                    "7": 27.0,
                    "8": 27.0,
                    "9": 27.0,
                    "10": 27.0,
                    "11": 27.0,
                    "12": 27.0,
                    "13": 27.0,
                    "14": 27.0,
                    "15": 47.0,
                    "16": 47.0,
                    "17": 47.0,
                    "18": 47.0,
                    "19": 47.0,
                    "20": 53.0,
                    "21": 53.0,
                    "22": 53.0,
                    "23": 53.0,
                    "24": 53.0,
                    "25": 46.0,
                    "26": 46.0,
                    "27": 46.0,
                    "28": 46.0,
                    "29": 46.0,
                    "30": 36.0,
                    "31": 36.0,
                    "32": 36.0,
                    "33": 36.0,
                    "34": 36.0,
                    "35": 29.0,
                    "36": 29.0,
                    "37": 29.0,
                    "38": 29.0,
                    "39": 29.0,
                    "40": 24.0,
                    "41": 24.0,
                    "42": 24.0,
                    "43": 24.0,
                    "44": 24.0,
                    "45": 20.0,
                    "46": 20.0,
                    "47": 20.0,
                    "48": 20.0,
                    "49": 20.0,
                    "50": 17.0,
                    "51": 17.0,
                    "52": 17.0,
                    "53": 17.0,
                    "54": 17.0,
                    "55": 15.0,
                    "56": 15.0,
                    "57": 15.0,
                    "58": 15.0,
                    "59": 15.0,
                    "60": 16.0,
                    "61": 16.0,
                    "62": 16.0,
                    "63": 16.0,
                    "64": 16.0,
                    "65": 17.0,
                    "66": 17.0,
                    "67": 17.0,
                    "68": 17.0,
                    "69": 17.0,
                    "70": 18.0,
                    "71": 18.0,
                    "72": 18.0,
                    "73": 18.0,
                    "74": 18.0,
                    "75": 18.0,
                    "76": 18.0,
                    "77": 18.0,
                    "78": 18.0,
                    "79": 18.0,
                    "80": 19.0,
                    "81": 19.0,
                    "82": 19.0,
                    "83": 19.0,
                    "84": 19.0,
                    "85": 19.0,
                    "86": 19.0,
                    "87": 19.0,
                    "88": 19.0,
                    "89": 19.0,
                    "90": 21.0,
                    "91": 21.0,
                    "92": 21.0,
                    "93": 21.0,
                    "94": 21.0,
                    "95": 22.0,
                    "96": 22.0,
                    "97": 22.0,
                    "98": 22.0,
                    "99": 22.0,
                    "100": 23.0,
                    "101": 23.0,
                    "102": 23.0,
                    "103": 23.0,
                    "104": 23.0,
                    "105": 24.0,
                    "106": 24.0,
                    "107": 24.0,
                    "108": 24.0,
                    "109": 24.0,
                    "110": 25.0,
                    "111": 25.0,
                    "112": 25.0,
                    "113": 25.0,
                    "114": 25.0,
                    "115": 28.0,
                    "116": 28.0,
                    "117": 28.0,
                    "118": 28.0,
                    "119": 28.0,
                    "120": 28.0
                }
            },
            {
                "summaryType": "spo2",
                "minValue": 97.0,
                "maxValue": 99.0,
                "avgValue": 97.0,
                "epochSummaries": {
                    "0": 98.0,
                    "1": 98.0,
                    "2": 98.0,
                    "3": 98.0,
                    "4": 98.0,
                    "5": 98.0,
                    "6": 98.0,
                    "7": 98.0,
                    "8": 98.0,
                    "9": 98.0,
                    "10": 98.0,
                    "11": 98.0,
                    "12": 98.0,
                    "13": 98.0,
                    "14": 98.0,
                    "15": 98.0,
                    "16": 98.0,
                    "17": 98.0,
                    "18": 98.0,
                    "19": 98.0,
                    "20": 98.0,
                    "21": 98.0,
                    "22": 98.0,
                    "23": 98.0,
                    "24": 98.0,
                    "25": 98.0,
                    "26": 98.0,
                    "27": 98.0,
                    "28": 98.0,
                    "29": 98.0,
                    "30": 97.0,
                    "31": 97.0,
                    "32": 98.0,
                    "33": 98.0,
                    "34": 98.0,
                    "35": 98.0,
                    "36": 99.0,
                    "37": 99.0,
                    "38": 99.0,
                    "39": 99.0,
                    "40": 99.0,
                    "41": 99.0,
                    "42": 99.0,
                    "43": 99.0,
                    "44": 99.0,
                    "45": 99.0,
                    "46": 99.0,
                    "47": 99.0,
                    "48": 98.0,
                    "49": 98.0,
                    "50": 97.0,
                    "51": 97.0,
                    "52": 97.0,
                    "53": 97.0,
                    "54": 97.0,
                    "55": 97.0,
                    "56": 97.0,
                    "57": 97.0,
                    "58": 97.0,
                    "59": 97.0,
                    "60": 97.0,
                    "61": 97.0,
                    "62": 98.0,
                    "63": 98.0,
                    "64": 98.0,
                    "65": 98.0,
                    "66": 98.0,
                    "67": 98.0,
                    "68": 98.0,
                    "69": 98.0,
                    "70": 98.0,
                    "71": 98.0,
                    "72": 98.0,
                    "73": 98.0,
                    "74": 98.0,
                    "75": 98.0,
                    "76": 98.0,
                    "77": 98.0,
                    "78": 98.0,
                    "79": 98.0,
                    "80": 98.0,
                    "81": 98.0,
                    "82": 98.0,
                    "83": 98.0,
                    "84": 98.0,
                    "85": 98.0,
                    "86": 98.0,
                    "87": 98.0,
                    "88": 98.0,
                    "89": 98.0,
                    "90": 98.0,
                    "91": 98.0,
                    "92": 98.0,
                    "93": 98.0,
                    "94": 98.0,
                    "95": 98.0,
                    "96": 98.0,
                    "97": 98.0,
                    "98": 97.0,
                    "99": 97.0,
                    "100": 97.0,
                    "101": 97.0,
                    "102": 98.0,
                    "103": 98.0,
                    "104": 98.0,
                    "105": 98.0,
                    "106": 98.0,
                    "107": 98.0,
                    "108": 98.0,
                    "109": 98.0,
                    "110": 98.0,
                    "111": 98.0,
                    "112": 98.0,
                    "113": 98.0,
                    "114": 98.0,
                    "115": 98.0,
                    "116": 98.0,
                    "117": 98.0,
                    "118": 98.0,
                    "119": 98.0,
                    "120": 97.0
                }
            },
            {
                "summaryType": "rmssd_hrv",
                "avgValue": 68.0
            },
            {
                "summaryType": "sdrr_hrv",
                "avgValue": 72.0
            }
        ]
    
    }
]