[
    {
        "userId": "49d85c6a-b8f8-4787-95fa-f145553e59a9",
        "userAccessToken": "7b64f2c3-1572-407f-ac1a-ea3ef127ff2c",
        "summaryId": "x45dba26-670e57ceaeb2ce80-043d-4315-b29d-47a62bfe461478",
        "calendarDate": "2024-10-15",
        "startTimeInSeconds": 1728993230,
        "durationInSeconds": 120,
        "startTimeOffsetInSeconds": 7254,
        "summaries": [
            {
                "summaryType": "heart_rate",
                "minValue": 57.0,
                "maxValue": 74.0,
                "avgValue": 64.0,
                "epochSummaries": {
                    "0": 68.0,
                    "1": 69.0,
                    "2": 69.0,
                    "3": 69.0,
                    "4": 69.0,
                    "5": 69.0,
                    "6": 70.0,
                    "7": 71.0,
                    "8": 71.0,
                    "9": 72.0,
                    "10": 72.0,
                    "11": 73.0,
                    "12": 73.0,
                    "13": 73.0,
                    "14": 74.0,
                    "15": 73.0,
                    "16": 73.0,
                    "17": 72.0,
                    "18": 70.0,
                    "19": 68.0,
                    "20": 68.0,
                    "21": 67.0,
                    "22": 67.0,
                    "23": 67.0,
                    "24": 68.0,
                    "25": 69.0,
                    "26": 70.0,
                    "27": 69.0,
                    "28": 69.0,
                    "29": 68.0,
                    "30": 68.0,
                    "31": 68.0,
                    "32": 68.0,
                    "33": 68.0,
                    "34": 67.0,
                    "35": 67.0,
                    "36": 66.0,
                    "37": 65.0,
                    "38": 65.0,
                    "39": 65.0,
                    "40": 65.0,
                    "41": 65.0,
                    "42": 64.0,
                    "43": 64.0,
                    "44": 63.0,
                    "45": 63.0,
                    "46": 63.0,
                    "47": 63.0,
                    "48": 63.0,
                    "49": 63.0,
                    "50": 63.0,
                    "51": 63.0,
                    "52": 62.0,
                    "53": 62.0,
                    "54": 62.0,
                    "55": 62.0,
                    "56": 61.0,
                    "57": 61.0,
                    "58": 60.0,
                    "59": 58.0,
                    "60": 58.0,
                    "61": 58.0,
                    "62": 58.0,
                    "63": 57.0,
                    "64": 57.0,
                    "65": 58.0,
                    "66": 58.0,
                    "67": 58.0,
                    "68": 58.0,
                    "69": 58.0,
                    "70": 58.0,
                    "71": 58.0,
                    "72": 59.0,
                    "73": 59.0,
                    "74": 59.0,
                    "75": 59.0,
                    "76": 59.0,
                    "77": 59.0,
                    "78": 59.0,
                    "79": 59.0,
                    "80": 59.0,
                    "81": 59.0,
                    "82": 59.0,
                    "83": 59.0,
                    "84": 59.0,
                    "85": 60.0,
                    "86": 59.0,
                    "87": 59.0,
                    "88": 59.0,
                    "89": 59.0,
                    "90": 60.0,
                    "91": 60.0,
                    "92": 59.0,
                    "93": 59.0,
                    "94": 59.0,
                    "95": 59.0,
                    "96": 60.0,
                    "97": 65.0,
                    "98": 66.0,
                    "99": 68.0,
                    "100": 69.0,
                    "101": 69.0,
                    "102": 69.0,
                    "103": 68.0,
                    "104": 68.0,
                    "105": 67.0,
                    "106": 65.0,
                    "107": 64.0,
                    "108": 64.0,
                    "109": 61.0,
                    "110": 61.0,
                    "111": 60.0,
                    "112": 60.0,
                    "113": 60.0,
                    "114": 60.0,
                    "115": 60.0,
                    "116": 60.0,
                    "117": 60.0,
                    "118": 61.0,
                    "119": 61.0,
                    "120": 61.0
                }
            },
            {
                "summaryType": "respiration",
                "minValue": 13.489999771118164,
                "maxValue": 15.239999771118164,
                "avgValue": 14.380000114440918,
                "epochSummaries": {
                    "0": 13.489999771118164,
                    "1": 13.489999771118164,
                    "2": 13.489999771118164,
                    "3": 13.489999771118164,
                    "4": 13.489999771118164,
                    "5": 13.489999771118164,
                    "6": 13.699999809265137,
                    "7": 13.779999732971191,
                    "8": 13.779999732971191,
                    "9": 13.779999732971191,
                    "10": 13.779999732971191,
                    "11": 13.779999732971191,
                    "12": 13.779999732971191,
                    "13": 13.779999732971191,
                    "14": 13.6899995803833,
                    "15": 13.6899995803833,
                    "16": 13.6899995803833,
                    "17": 13.819999694824219,
                    "18": 13.819999694824219,
                    "19": 14.069999694824219,
                    "20": 14.069999694824219,
                    "21": 14.069999694824219,
                    "22": 14.069999694824219,
                    "23": 14.069999694824219,
                    "24": 14.09000015258789,
                    "25": 14.09000015258789,
                    "26": 14.09000015258789,
                    "27": 14.09000015258789,
                    "28": 14.069999694824219,
                    "29": 14.069999694824219,
                    "30": 14.069999694824219,
                    "31": 14.069999694824219,
                    "32": 14.069999694824219,
                    "33": 13.770000457763672,
                    "34": 13.770000457763672,
                    "35": 13.770000457763672,
                    "36": 13.770000457763672,
                    "37": 13.869999885559082,
                    "38": 13.869999885559082,
                    "39": 13.869999885559082,
                    "40": 13.869999885559082,
                    "41": 13.869999885559082,
                    "42": 13.869999885559082,
                    "43": 13.989999771118164,
                    "44": 13.989999771118164,
                    "45": 13.989999771118164,
                    "46": 13.989999771118164,
                    "47": 13.720000267028809,
                    "48": 13.720000267028809,
                    "49": 13.720000267028809,
                    "50": 14.039999961853027,
                    "51": 14.039999961853027,
                    "52": 14.039999961853027,
                    "53": 14.039999961853027,
                    "54": 14.039999961853027,
                    "55": 14.039999961853027,
                    "56": 14.210000038146973,
                    "57": 14.210000038146973,
                    "58": 14.220000267028809,
                    "59": 14.220000267028809,
                    "60": 14.220000267028809,
                    "61": 14.220000267028809,
                    "62": 14.260000228881836,
                    "63": 14.260000228881836,
                    "64": 14.699999809265137,
                    "65": 14.699999809265137,
                    "66": 14.699999809265137,
                    "67": 14.699999809265137,
                    "68": 14.699999809265137,
                    "69": 14.699999809265137,
                    "70": 14.699999809265137,
                    "71": 14.84000015258789,
                    "72": 14.84000015258789,
                    "73": 14.84000015258789,
                    "74": 14.84000015258789,
                    "75": 14.949999809265137,
                    "76": 14.949999809265137,
                    "77": 14.949999809265137,
                    "78": 15.119999885559082,
                    "79": 15.119999885559082,
                    "80": 15.220000267028809,
                    "81": 15.220000267028809,
                    "82": 15.220000267028809,
                    "83": 15.220000267028809,
                    "84": 15.220000267028809,
                    "85": 15.239999771118164,
                    "86": 15.239999771118164,
                    "87": 15.239999771118164,
                    "88": 15.239999771118164,
                    "89": 15.239999771118164,
                    "90": 15.1899995803833,
                    "91": 15.1899995803833,
                    "92": 15.1899995803833,
                    "93": 15.1899995803833,
                    "94": 14.800000190734863,
                    "95": 14.800000190734863,
                    "96": 14.800000190734863,
                    "97": 14.800000190734863,
                    "98": 14.800000190734863,
                    "99": 14.800000190734863,
                    "100": 14.800000190734863,
                    "101": 14.800000190734863,
                    "102": 14.800000190734863,
                    "103": 14.800000190734863,
                    "104": 14.800000190734863,
                    "105": 14.800000190734863,
                    "106": 14.800000190734863,
                    "107": 14.800000190734863,
                    "108": 14.800000190734863,
                    "109": 14.800000190734863,
                    "110": 14.800000190734863,
                    "111": 14.800000190734863,
                    "112": 14.800000190734863,
                    "113": 14.800000190734863,
                    "114": 14.800000190734863,
                    "115": 14.800000190734863,
                    "116": 14.800000190734863,
                    "117": 14.800000190734863,
                    "118": 14.800000190734863,
                    "119": 14.800000190734863,
                    "120": 13.920000076293945
                }
            },
            {
                "summaryType": "stress",
                "minValue": 17.0,
                "maxValue": 30.0,
                "avgValue": 24.0,
                "epochSummaries": {
                    "0": 24.0,
                    "1": 24.0,
                    "2": 24.0,
                    "3": 24.0,
                    "4": 24.0,
                    "5": 24.0,
                    "6": 24.0,
                    "7": 24.0,
                    "8": 24.0,
                    "9": 24.0,
                    "10": 24.0,
                    "11": 24.0,
                    "12": 24.0,
                    "13": 24.0,
                    "14": 24.0,
                    "15": 28.0,
                    "16": 28.0,
                    "17": 28.0,
                    "18": 28.0,
                    "19": 28.0,
                    "20": 27.0,
                    "21": 27.0,
                    "22": 27.0,
                    "23": 27.0,
                    "24": 27.0,
                    "25": 27.0,
                    "26": 27.0,
                    "27": 27.0,
                    "28": 27.0,
                    "29": 27.0,
                    "30": 24.0,
                    "31": 24.0,
                    "32": 24.0,
                    "33": 24.0,
                    "34": 24.0,
                    "35": 22.0,
                    "36": 22.0,
                    "37": 22.0,
                    "38": 22.0,
                    "39": 22.0,
                    "40": 21.0,
                    "41": 21.0,
                    "42": 21.0,
                    "43": 21.0,
                    "44": 21.0,
                    "45": 18.0,
                    "46": 18.0,
                    "47": 18.0,
                    "48": 18.0,
                    "49": 18.0,
                    "50": 19.0,
                    "51": 19.0,
                    "52": 19.0,
                    "53": 19.0,
                    "54": 19.0,
                    "55": 17.0,
                    "56": 17.0,
                    "57": 17.0,
                    "58": 17.0,
                    "59": 17.0,
                    "60": 19.0,
                    "61": 19.0,
                    "62": 19.0,
                    "63": 19.0,
                    "64": 19.0,
                    "65": 20.0,
                    "66": 20.0,
                    "67": 20.0,
                    "68": 20.0,
                    "69": 20.0,
                    "70": 22.0,
                    "71": 22.0,
                    "72": 22.0,
                    "73": 22.0,
                    "74": 22.0,
                    "75": 23.0,
                    "76": 23.0,
                    "77": 23.0,
                    "78": 23.0,
                    "79": 23.0,
                    "80": 24.0,
                    "81": 24.0,
                    "82": 24.0,
                    "83": 24.0,
                    "84": 24.0,
                    "85": 25.0,
                    "86": 25.0,
                    "87": 25.0,
                    "88": 25.0,
                    "89": 25.0,
                    "90": 24.0,
                    "91": 24.0,
                    "92": 24.0,
                    "93": 24.0,
                    "94": 24.0,
                    "95": 27.0,
                    "96": 27.0,
                    "97": 27.0,
                    "98": 27.0,
                    "99": 27.0,
                    "100": 27.0,
                    "101": 27.0,
                    "102": 27.0,
                    "103": 27.0,
                    "104": 27.0,
                    "105": 29.0,
                    "106": 29.0,
                    "107": 29.0,
                    "108": 29.0,
                    "109": 29.0,
                    "110": 29.0,
                    "111": 29.0,
                    "112": 29.0,
                    "113": 29.0,
                    "114": 29.0,
                    "115": 30.0,
                    "116": 30.0,
                    "117": 30.0,
                    "118": 30.0,
                    "119": 30.0,
                    "120": 30.0
                }
            },
            {
                "summaryType": "spo2",
                "minValue": 97.0,
                "maxValue": 100.0,
                "avgValue": 98.0,
                "epochSummaries": {
                    "0": 97.0,
                    "1": 97.0,
                    "2": 97.0,
                    "3": 97.0,
                    "4": 97.0,
                    "5": 97.0,
                    "6": 97.0,
                    "7": 97.0,
                    "8": 97.0,
                    "9": 97.0,
                    "10": 97.0,
                    "11": 97.0,
                    "12": 97.0,
                    "13": 97.0,
                    "14": 98.0,
                    "15": 98.0,
                    "16": 98.0,
                    "17": 98.0,
                    "18": 98.0,
                    "19": 98.0,
                    "20": 98.0,
                    "21": 98.0,
                    "22": 98.0,
                    "23": 98.0,
                    "24": 98.0,
                    "25": 98.0,
                    "26": 98.0,
                    "27": 98.0,
                    "28": 98.0,
                    "29": 98.0,
                    "30": 97.0,
                    "31": 97.0,
                    "32": 98.0,
                    "33": 98.0,
                    "34": 98.0,
                    "35": 98.0,
                    "36": 98.0,
                    "37": 98.0,
                    "38": 98.0,
                    "39": 98.0,
                    "40": 98.0,
                    "41": 98.0,
                    "42": 98.0,
                    "43": 98.0,
                    "44": 98.0,
                    "45": 98.0,
                    "46": 97.0,
                    "47": 97.0,
                    "48": 97.0,
                    "49": 97.0,
                    "50": 97.0,
                    "51": 97.0,
                    "52": 97.0,
                    "53": 97.0,
                    "54": 97.0,
                    "55": 97.0,
                    "56": 97.0,
                    "57": 97.0,
                    "58": 97.0,
                    "59": 97.0,
                    "60": 97.0,
                    "61": 99.0,
                    "62": 99.0,
                    "63": 100.0,
                    "64": 100.0,
                    "65": 99.0,
                    "66": 99.0,
                    "67": 99.0,
                    "68": 99.0,
                    "69": 99.0,
                    "70": 99.0,
                    "71": 99.0,
                    "72": 99.0,
                    "73": 99.0,
                    "74": 99.0,
                    "75": 99.0,
                    "76": 99.0,
                    "77": 99.0,
                    "78": 99.0,
                    "79": 99.0,
                    "80": 99.0,
                    "81": 99.0,
                    "82": 99.0,
                    "83": 99.0,
                    "84": 99.0,
                    "85": 98.0,
                    "86": 98.0,
                    "87": 98.0,
                    "88": 98.0,
                    "89": 98.0,
                    "90": 98.0,
                    "91": 98.0,
                    "92": 98.0,
                    "93": 99.0,
                    "94": 99.0,
                    "95": 99.0,
                    "96": 99.0,
                    "97": 99.0,
                    "98": 99.0,
                    "99": 99.0,
                    "100": 99.0,
                    "101": 99.0,
                    "102": 99.0,
                    "103": 99.0,
                    "104": 99.0,
                    "105": 99.0,
                    "106": 99.0,
                    "107": 98.0,
                    "108": 98.0,
                    "109": 98.0,
                    "110": 98.0,
                    "111": 98.0,
                    "112": 98.0,
                    "113": 98.0,
                    "114": 98.0,
                    "115": 98.0,
                    "116": 98.0,
                    "117": 98.0,
                    "118": 98.0,
                    "119": 98.0,
                    "120": 98.0
                }
            },
            {
                "summaryType": "rmssd_hrv",
                "avgValue": 59.0
            },
            {
                "summaryType": "sdrr_hrv",
                "avgValue": 85.0
            }
        ]
    }
]