[
    {
        "userId": "49d85c6a-b8f8-4787-95fa-f145553e59a9",
        "userAccessToken": "7b64f2c3-1572-407f-ac1a-ea3ef127ff2c",
        "summaryId": "x45dba26-67112ecc27d8bd5a-93a5-42ee-851a-f4661f16f56c78",
        "calendarDate": "2024-10-17",
        "startTimeInSeconds": 1729179340,
        "durationInSeconds": 120,
        "startTimeOffsetInSeconds": 7254,
        "summaries": [
            {
                "summaryType": "heart_rate",
                "minValue": 60.0,
                "maxValue": 76.0,
                "avgValue": 66.0,
                "epochSummaries": {
                    "0": 73.0,
                    "1": 73.0,
                    "2": 72.0,
                    "3": 72.0,
                    "4": 72.0,
                    "5": 72.0,
                    "6": 72.0,
                    "7": 72.0,
                    "8": 72.0,
                    "9": 72.0,
                    "10": 72.0,
                    "11": 72.0,
                    "12": 72.0,
                    "13": 70.0,
                    "14": 70.0,
                    "15": 70.0,
                    "16": 63.0,
                    "17": 63.0,
                    "18": 63.0,
                    "19": 63.0,
                    "20": 62.0,
                    "21": 62.0,
                    "22": 62.0,
                    "23": 62.0,
                    "24": 63.0,
                    "25": 63.0,
                    "26": 62.0,
                    "27": 62.0,
                    "28": 62.0,
                    "29": 62.0,
                    "30": 62.0,
                    "31": 62.0,
                    "32": 62.0,
                    "33": 62.0,
                    "34": 62.0,
                    "35": 62.0,
                    "36": 62.0,
                    "37": 63.0,
                    "38": 63.0,
                    "39": 63.0,
                    "40": 64.0,
                    "41": 64.0,
                    "42": 64.0,
                    "43": 65.0,
                    "44": 64.0,
                    "45": 64.0,
                    "46": 64.0,
                    "47": 64.0,
                    "48": 64.0,
                    "49": 64.0,
                    "50": 65.0,
                    "51": 66.0,
                    "52": 66.0,
                    "53": 66.0,
                    "54": 66.0,
                    "55": 66.0,
                    "56": 67.0,
                    "57": 67.0,
                    "58": 67.0,
                    "59": 66.0,
                    "60": 66.0,
                    "61": 65.0,
                    "62": 64.0,
                    "63": 60.0,
                    "64": 60.0,
                    "65": 61.0,
                    "66": 61.0,
                    "67": 62.0,
                    "68": 63.0,
                    "69": 63.0,
                    "70": 63.0,
                    "71": 63.0,
                    "72": 63.0,
                    "73": 65.0,
                    "74": 66.0,
                    "75": 66.0,
                    "76": 69.0,
                    "77": 72.0,
                    "78": 74.0,
                    "79": 76.0,
                    "80": 75.0,
                    "81": 75.0,
                    "82": 70.0,
                    "83": 66.0,
                    "84": 66.0,
                    "85": 66.0,
                    "86": 66.0,
                    "87": 65.0,
                    "88": 65.0,
                    "89": 65.0,
                    "90": 66.0,
                    "91": 66.0,
                    "92": 67.0,
                    "93": 67.0,
                    "94": 67.0,
                    "95": 66.0,
                    "96": 66.0,
                    "97": 65.0,
                    "98": 61.0,
                    "99": 61.0,
                    "100": 60.0,
                    "101": 60.0,
                    "102": 60.0,
                    "103": 66.0,
                    "104": 67.0,
                    "105": 67.0,
                    "106": 61.0,
                    "107": 60.0,
                    "108": 60.0,
                    "109": 65.0,
                    "110": 66.0,
                    "111": 66.0,
                    "112": 67.0,
                    "113": 67.0,
                    "114": 66.0,
                    "115": 66.0,
                    "116": 66.0,
                    "117": 67.0,
                    "118": 68.0,
                    "119": 68.0,
                    "120": 67.0
                }
            },
            {
                "summaryType": "respiration",
                "minValue": 12.710000038146973,
                "maxValue": 14.890000343322754,
                "avgValue": 13.989999771118164,
                "epochSummaries": {
                    "0": 14.380000114440918,
                    "1": 14.380000114440918,
                    "2": 14.380000114440918,
                    "3": 14.380000114440918,
                    "4": 14.380000114440918,
                    "5": 14.380000114440918,
                    "6": 14.050000190734863,
                    "7": 14.050000190734863,
                    "8": 14.050000190734863,
                    "9": 14.050000190734863,
                    "10": 14.050000190734863,
                    "11": 13.829999923706055,
                    "12": 13.829999923706055,
                    "13": 13.829999923706055,
                    "14": 13.829999923706055,
                    "15": 13.829999923706055,
                    "16": 13.550000190734863,
                    "17": 13.550000190734863,
                    "18": 13.550000190734863,
                    "19": 13.699999809265137,
                    "20": 13.699999809265137,
                    "21": 13.699999809265137,
                    "22": 13.699999809265137,
                    "23": 14.010000228881836,
                    "24": 14.010000228881836,
                    "25": 14.010000228881836,
                    "26": 14.390000343322754,
                    "27": 14.390000343322754,
                    "28": 14.390000343322754,
                    "29": 14.390000343322754,
                    "30": 14.65999984741211,
                    "31": 14.65999984741211,
                    "32": 14.65999984741211,
                    "33": 14.890000343322754,
                    "34": 14.890000343322754,
                    "35": 14.890000343322754,
                    "36": 14.890000343322754,
                    "37": 14.890000343322754,
                    "38": 14.890000343322754,
                    "39": 14.890000343322754,
                    "40": 14.890000343322754,
                    "41": 14.890000343322754,
                    "42": 14.890000343322754,
                    "43": 14.579999923706055,
                    "44": 14.579999923706055,
                    "45": 14.579999923706055,
                    "46": 14.579999923706055,
                    "47": 14.579999923706055,
                    "48": 14.579999923706055,
                    "49": 14.3100004196167,
                    "50": 14.3100004196167,
                    "51": 14.3100004196167,
                    "52": 14.3100004196167,
                    "53": 14.34000015258789,
                    "54": 14.34000015258789,
                    "55": 14.34000015258789,
                    "56": 14.34000015258789,
                    "57": 14.34000015258789,
                    "58": 14.34000015258789,
                    "59": 14.34000015258789,
                    "60": 14.050000190734863,
                    "61": 14.050000190734863,
                    "62": 14.050000190734863,
                    "63": 14.050000190734863,
                    "64": 14.050000190734863,
                    "65": 13.819999694824219,
                    "66": 13.819999694824219,
                    "67": 13.819999694824219,
                    "68": 13.819999694824219,
                    "69": 13.819999694824219,
                    "70": 13.850000381469727,
                    "71": 13.850000381469727,
                    "72": 13.850000381469727,
                    "73": 13.850000381469727,
                    "74": 13.850000381469727,
                    "75": 13.850000381469727,
                    "76": 13.850000381469727,
                    "77": 13.619999885559082,
                    "78": 13.619999885559082,
                    "79": 13.619999885559082,
                    "80": 13.619999885559082,
                    "81": 13.619999885559082,
                    "82": 13.619999885559082,
                    "83": 13.619999885559082,
                    "84": 13.619999885559082,
                    "85": 13.619999885559082,
                    "86": 13.619999885559082,
                    "87": 13.619999885559082,
                    "88": 13.619999885559082,
                    "89": 13.619999885559082,
                    "90": 13.619999885559082,
                    "91": 13.619999885559082,
                    "92": 13.619999885559082,
                    "93": 13.619999885559082,
                    "94": 13.619999885559082,
                    "95": 13.619999885559082,
                    "96": 13.619999885559082,
                    "97": 13.619999885559082,
                    "98": 13.619999885559082,
                    "99": 13.619999885559082,
                    "100": 13.619999885559082,
                    "101": 13.619999885559082,
                    "102": 13.619999885559082,
                    "103": 13.619999885559082,
                    "104": 14.039999961853027,
                    "105": 13.800000190734863,
                    "106": 13.800000190734863,
                    "107": 13.800000190734863,
                    "108": 13.800000190734863,
                    "109": 13.800000190734863,
                    "110": 13.800000190734863,
                    "111": 13.800000190734863,
                    "112": 13.800000190734863,
                    "113": 13.270000457763672,
                    "114": 13.270000457763672,
                    "115": 13.270000457763672,
                    "116": 13.270000457763672,
                    "117": 13.270000457763672,
                    "118": 13.270000457763672,
                    "119": 13.270000457763672,
                    "120": 12.710000038146973
                }
            },
            {
                "summaryType": "stress",
                "minValue": 18.0,
                "maxValue": 99.0,
                "avgValue": 38.0,
                "epochSummaries": {
                    "0": 99.0,
                    "1": 99.0,
                    "2": 99.0,
                    "3": 99.0,
                    "4": 99.0,
                    "5": 99.0,
                    "6": 90.0,
                    "7": 90.0,
                    "8": 90.0,
                    "9": 90.0,
                    "10": 90.0,
                    "11": 79.0,
                    "12": 79.0,
                    "13": 79.0,
                    "14": 79.0,
                    "15": 79.0,
                    "16": 66.0,
                    "17": 66.0,
                    "18": 66.0,
                    "19": 66.0,
                    "20": 66.0,
                    "21": 51.0,
                    "22": 51.0,
                    "23": 51.0,
                    "24": 51.0,
                    "25": 51.0,
                    "26": 37.0,
                    "27": 37.0,
                    "28": 37.0,
                    "29": 37.0,
                    "30": 37.0,
                    "31": 36.0,
                    "32": 36.0,
                    "33": 36.0,
                    "34": 36.0,
                    "35": 36.0,
                    "36": 31.0,
                    "37": 31.0,
                    "38": 31.0,
                    "39": 31.0,
                    "40": 31.0,
                    "41": 28.0,
                    "42": 28.0,
                    "43": 28.0,
                    "44": 28.0,
                    "45": 28.0,
                    "46": 25.0,
                    "47": 25.0,
                    "48": 25.0,
                    "49": 25.0,
                    "50": 25.0,
                    "51": 24.0,
                    "52": 24.0,
                    "53": 24.0,
                    "54": 24.0,
                    "55": 24.0,
                    "56": 23.0,
                    "57": 23.0,
                    "58": 23.0,
                    "59": 23.0,
                    "60": 23.0,
                    "61": 23.0,
                    "62": 23.0,
                    "63": 23.0,
                    "64": 23.0,
                    "65": 23.0,
                    "66": 22.0,
                    "67": 22.0,
                    "68": 22.0,
                    "69": 22.0,
                    "70": 22.0,
                    "71": 21.0,
                    "72": 21.0,
                    "73": 21.0,
                    "74": 21.0,
                    "75": 21.0,
                    "76": 22.0,
                    "77": 22.0,
                    "78": 22.0,
                    "79": 22.0,
                    "80": 22.0,
                    "81": 24.0,
                    "82": 24.0,
                    "83": 24.0,
                    "84": 24.0,
                    "85": 24.0,
                    "86": 25.0,
                    "87": 25.0,
                    "88": 25.0,
                    "89": 25.0,
                    "90": 25.0,
                    "91": 25.0,
                    "92": 25.0,
                    "93": 25.0,
                    "94": 25.0,
                    "95": 25.0,
                    "96": 28.0,
                    "97": 28.0,
                    "98": 28.0,
                    "99": 28.0,
                    "100": 28.0,
                    "101": 33.0,
                    "102": 33.0,
                    "103": 33.0,
                    "104": 33.0,
                    "105": 33.0,
                    "106": 36.0,
                    "107": 36.0,
                    "108": 36.0,
                    "109": 36.0,
                    "110": 36.0,
                    "111": 36.0,
                    "112": 36.0,
                    "113": 36.0,
                    "114": 36.0,
                    "115": 36.0,
                    "116": 18.0,
                    "117": 18.0,
                    "118": 18.0,
                    "119": 18.0,
                    "120": 18.0
                }
            },
            {
                "summaryType": "spo2",
                "minValue": 95.0,
                "maxValue": 99.0,
                "avgValue": 97.0,
                "epochSummaries": {
                    "0": 98.0,
                    "1": 98.0,
                    "2": 98.0,
                    "3": 98.0,
                    "4": 98.0,
                    "5": 98.0,
                    "6": 98.0,
                    "7": 98.0,
                    "8": 98.0,
                    "9": 98.0,
                    "10": 98.0,
                    "11": 98.0,
                    "12": 98.0,
                    "13": 99.0,
                    "14": 99.0,
                    "15": 99.0,
                    "16": 99.0,
                    "17": 99.0,
                    "18": 99.0,
                    "19": 99.0,
                    "20": 99.0,
                    "21": 99.0,
                    "22": 99.0,
                    "23": 99.0,
                    "24": 99.0,
                    "25": 98.0,
                    "26": 98.0,
                    "27": 98.0,
                    "28": 98.0,
                    "29": 98.0,
                    "30": 98.0,
                    "31": 98.0,
                    "32": 98.0,
                    "33": 98.0,
                    "34": 98.0,
                    "35": 98.0,
                    "36": 98.0,
                    "37": 98.0,
                    "38": 98.0,
                    "39": 98.0,
                    "40": 98.0,
                    "41": 97.0,
                    "42": 97.0,
                    "43": 96.0,
                    "44": 96.0,
                    "45": 96.0,
                    "46": 96.0,
                    "47": 97.0,
                    "48": 97.0,
                    "49": 97.0,
                    "50": 97.0,
                    "51": 97.0,
                    "52": 97.0,
                    "53": 97.0,
                    "54": 97.0,
                    "55": 97.0,
                    "56": 97.0,
                    "57": 97.0,
                    "58": 97.0,
                    "59": 97.0,
                    "60": 97.0,
                    "61": 97.0,
                    "62": 97.0,
                    "63": 97.0,
                    "64": 97.0,
                    "65": 97.0,
                    "66": 97.0,
                    "67": 97.0,
                    "68": 97.0,
                    "69": 97.0,
                    "70": 97.0,
                    "71": 97.0,
                    "72": 97.0,
                    "73": 97.0,
                    "74": 97.0,
                    "75": 97.0,
                    "76": 97.0,
                    "77": 97.0,
                    "78": 97.0,
                    "79": 97.0,
                    "80": 97.0,
                    "81": 97.0,
                    "82": 97.0,
                    "83": 97.0,
                    "84": 97.0,
                    "85": 97.0,
                    "86": 97.0,
                    "87": 96.0,
                    "88": 96.0,
                    "89": 97.0,
                    "90": 97.0,
                    "91": 97.0,
                    "92": 97.0,
                    "93": 97.0,
                    "94": 97.0,
                    "95": 97.0,
                    "96": 97.0,
                    "97": 97.0,
                    "98": 97.0,
                    "99": 97.0,
                    "100": 97.0,
                    "101": 97.0,
                    "102": 97.0,
                    "103": 97.0,
                    "104": 97.0,
                    "105": 97.0,
                    "106": 97.0,
                    "107": 97.0,
                    "108": 97.0,
                    "109": 97.0,
                    "110": 97.0,
                    "111": 97.0,
                    "112": 97.0,
                    "113": 97.0,
                    "114": 97.0,
                    "115": 97.0,
                    "116": 97.0,
                    "117": 96.0,
                    "118": 96.0,
                    "119": 95.0,
                    "120": 95.0
                }
            },
            {
                "summaryType": "rmssd_hrv",
                "avgValue": 65.0
            },
            {
                "summaryType": "sdrr_hrv",
                "avgValue": 71.0
            }
        ]
    }
]