[
    
    {
        "userId": "49d85c6a-b8f8-4787-95fa-f145553e59a9",
        "userAccessToken": "7b64f2c3-1572-407f-ac1a-ea3ef127ff2c",
        "summaryId": "x45dba26-671187de1075c18d-5c82-45b5-ad20-8615e399029178",
        "calendarDate": "2024-10-17",
        "startTimeInSeconds": 1729202142,
        "durationInSeconds": 120,
        "startTimeOffsetInSeconds": 7254,
        "summaries": [
            {
                "summaryType": "heart_rate",
                "minValue": 61.0,
                "maxValue": 102.0,
                "avgValue": 78.0,
                "epochSummaries": {
                    "0": 63.0,
                    "1": 64.0,
                    "2": 64.0,
                    "3": 64.0,
                    "4": 65.0,
                    "5": 65.0,
                    "6": 65.0,
                    "7": 65.0,
                    "8": 66.0,
                    "9": 70.0,
                    "10": 76.0,
                    "11": 87.0,
                    "12": 94.0,
                    "13": 95.0,
                    "14": 95.0,
                    "15": 95.0,
                    "16": 95.0,
                    "17": 95.0,
                    "18": 95.0,
                    "19": 95.0,
                    "20": 96.0,
                    "21": 96.0,
                    "22": 97.0,
                    "23": 96.0,
                    "24": 96.0,
                    "25": 96.0,
                    "26": 95.0,
                    "27": 94.0,
                    "28": 91.0,
                    "29": 89.0,
                    "30": 87.0,
                    "31": 85.0,
                    "32": 81.0,
                    "33": 78.0,
                    "34": 75.0,
                    "35": 74.0,
                    "36": 74.0,
                    "37": 75.0,
                    "38": 75.0,
                    "39": 76.0,
                    "40": 78.0,
                    "41": 80.0,
                    "42": 81.0,
                    "43": 82.0,
                    "44": 83.0,
                    "45": 82.0,
                    "46": 78.0,
                    "47": 78.0,
                    "48": 77.0,
                    "49": 78.0,
                    "50": 78.0,
                    "51": 78.0,
                    "52": 80.0,
                    "53": 90.0,
                    "54": 97.0,
                    "55": 102.0,
                    "56": 89.0,
                    "57": 87.0,
                    "58": 81.0,
                    "59": 80.0,
                    "60": 79.0,
                    "61": 77.0,
                    "62": 77.0,
                    "63": 77.0,
                    "64": 77.0,
                    "65": 78.0,
                    "66": 80.0,
                    "67": 80.0,
                    "68": 79.0,
                    "69": 79.0,
                    "70": 79.0,
                    "71": 79.0,
                    "72": 79.0,
                    "73": 81.0,
                    "74": 83.0,
                    "75": 83.0,
                    "76": 82.0,
                    "77": 76.0,
                    "78": 74.0,
                    "79": 75.0,
                    "80": 75.0,
                    "81": 74.0,
                    "82": 74.0,
                    "83": 74.0,
                    "84": 73.0,
                    "85": 73.0,
                    "86": 72.0,
                    "87": 71.0,
                    "88": 71.0,
                    "89": 71.0,
                    "90": 71.0,
                    "91": 71.0,
                    "92": 71.0,
                    "93": 71.0,
                    "94": 71.0,
                    "95": 71.0,
                    "96": 71.0,
                    "97": 70.0,
                    "98": 71.0,
                    "99": 71.0,
                    "100": 70.0,
                    "101": 68.0,
                    "102": 65.0,
                    "103": 63.0,
                    "104": 62.0,
                    "105": 61.0,
                    "106": 63.0,
                    "107": 65.0,
                    "108": 67.0,
                    "109": 70.0,
                    "110": 71.0,
                    "111": 71.0,
                    "112": 72.0,
                    "113": 72.0,
                    "114": 72.0,
                    "115": 72.0,
                    "116": 73.0,
                    "117": 73.0,
                    "118": 73.0,
                    "119": 73.0,
                    "120": 73.0
                }
            },
            {
                "summaryType": "respiration",
                "minValue": 13.300000190734863,
                "maxValue": 16.020000457763672,
                "avgValue": 15.119999885559082,
                "epochSummaries": {
                    "0": 16.020000457763672,
                    "1": 16.020000457763672,
                    "2": 16.020000457763672,
                    "3": 16.020000457763672,
                    "4": 16.020000457763672,
                    "5": 16.020000457763672,
                    "6": 15.6899995803833,
                    "7": 15.6899995803833,
                    "8": 15.6899995803833,
                    "9": 15.680000305175781,
                    "10": 15.680000305175781,
                    "11": 15.680000305175781,
                    "12": 15.680000305175781,
                    "13": 15.680000305175781,
                    "14": 15.470000267028809,
                    "15": 15.470000267028809,
                    "16": 15.470000267028809,
                    "17": 15.470000267028809,
                    "18": 15.329999923706055,
                    "19": 15.329999923706055,
                    "20": 15.329999923706055,
                    "21": 15.329999923706055,
                    "22": 15.329999923706055,
                    "23": 15.289999961853027,
                    "24": 15.289999961853027,
                    "25": 15.289999961853027,
                    "26": 15.289999961853027,
                    "27": 15.289999961853027,
                    "28": 15.289999961853027,
                    "29": 15.289999961853027,
                    "30": 15.289999961853027,
                    "31": 14.920000076293945,
                    "32": 14.920000076293945,
                    "33": 14.920000076293945,
                    "34": 14.989999771118164,
                    "35": 14.989999771118164,
                    "36": 14.989999771118164,
                    "37": 14.989999771118164,
                    "38": 14.989999771118164,
                    "39": 14.989999771118164,
                    "40": 14.989999771118164,
                    "41": 14.989999771118164,
                    "42": 14.989999771118164,
                    "43": 14.989999771118164,
                    "44": 14.989999771118164,
                    "45": 14.989999771118164,
                    "46": 14.989999771118164,
                    "47": 14.989999771118164,
                    "48": 14.989999771118164,
                    "49": 14.989999771118164,
                    "50": 14.989999771118164,
                    "51": 14.989999771118164,
                    "52": 14.989999771118164,
                    "53": 14.989999771118164,
                    "54": 14.989999771118164,
                    "55": 14.989999771118164,
                    "56": 14.989999771118164,
                    "57": 14.989999771118164,
                    "58": 14.989999771118164,
                    "59": 14.989999771118164,
                    "60": 14.989999771118164,
                    "61": 14.989999771118164,
                    "62": 14.989999771118164,
                    "63": 14.989999771118164,
                    "64": 14.989999771118164,
                    "65": 14.989999771118164,
                    "66": 14.989999771118164,
                    "67": 14.989999771118164,
                    "68": 14.989999771118164,
                    "69": 14.989999771118164,
                    "70": 14.989999771118164,
                    "71": 14.989999771118164,
                    "72": 14.989999771118164,
                    "73": 14.989999771118164,
                    "74": 14.989999771118164,
                    "75": 14.989999771118164,
                    "76": 14.989999771118164,
                    "77": 14.989999771118164,
                    "78": 14.989999771118164,
                    "79": 14.989999771118164,
                    "80": 14.989999771118164,
                    "81": 14.989999771118164,
                    "82": 14.989999771118164,
                    "83": 14.989999771118164,
                    "84": 14.989999771118164,
                    "85": 14.989999771118164,
                    "86": 14.989999771118164,
                    "87": 14.989999771118164,
                    "88": 14.989999771118164,
                    "89": 14.989999771118164,
                    "90": 14.989999771118164,
                    "91": 14.989999771118164,
                    "92": 14.989999771118164,
                    "93": 14.989999771118164,
                    "94": 14.989999771118164,
                    "95": 14.989999771118164,
                    "96": 14.989999771118164,
                    "97": 14.989999771118164,
                    "98": 14.989999771118164,
                    "99": 14.989999771118164,
                    "100": 14.989999771118164,
                    "101": 14.989999771118164,
                    "102": 14.989999771118164,
                    "103": 14.989999771118164,
                    "104": 14.989999771118164,
                    "105": 14.989999771118164,
                    "106": 14.989999771118164,
                    "107": 14.989999771118164,
                    "108": 14.989999771118164,
                    "109": 14.989999771118164,
                    "110": 14.989999771118164,
                    "111": 14.989999771118164,
                    "112": 14.989999771118164,
                    "113": 14.989999771118164,
                    "114": 14.989999771118164,
                    "115": 14.989999771118164,
                    "116": 14.989999771118164,
                    "117": 14.989999771118164,
                    "118": 14.989999771118164,
                    "119": 15.239999771118164,
                    "120": 13.300000190734863
                }
            },
            {
                "summaryType": "stress",
                "minValue": 6.0,
                "maxValue": 72.0,
                "avgValue": 43.0,
                "epochSummaries": {
                    "0": 7.0,
                    "1": 7.0,
                    "2": 7.0,
                    "3": 6.0,
                    "4": 6.0,
                    "5": 6.0,
                    "6": 6.0,
                    "7": 6.0,
                    "8": 8.0,
                    "9": 8.0,
                    "10": 8.0,
                    "11": 8.0,
                    "12": 8.0,
                    "13": 9.0,
                    "14": 9.0,
                    "15": 9.0,
                    "16": 9.0,
                    "17": 9.0,
                    "18": 13.0,
                    "19": 13.0,
                    "20": 13.0,
                    "21": 13.0,
                    "22": 13.0,
                    "23": 18.0,
                    "24": 18.0,
                    "25": 18.0,
                    "26": 18.0,
                    "27": 18.0,
                    "28": 22.0,
                    "29": 22.0,
                    "30": 22.0,
                    "31": 22.0,
                    "32": 22.0,
                    "33": 27.0,
                    "34": 27.0,
                    "35": 27.0,
                    "36": 27.0,
                    "37": 27.0,
                    "38": 32.0,
                    "39": 32.0,
                    "40": 32.0,
                    "41": 32.0,
                    "42": 32.0,
                    "43": 42.0,
                    "44": 42.0,
                    "45": 42.0,
                    "46": 42.0,
                    "47": 42.0,
                    "48": 49.0,
                    "49": 49.0,
                    "50": 49.0,
                    "51": 49.0,
                    "52": 49.0,
                    "53": 53.0,
                    "54": 53.0,
                    "55": 53.0,
                    "56": 53.0,
                    "57": 53.0,
                    "58": 60.0,
                    "59": 60.0,
                    "60": 60.0,
                    "61": 60.0,
                    "62": 60.0,
                    "63": 65.0,
                    "64": 65.0,
                    "65": 65.0,
                    "66": 65.0,
                    "67": 65.0,
                    "68": 70.0,
                    "69": 70.0,
                    "70": 70.0,
                    "71": 70.0,
                    "72": 70.0,
                    "73": 71.0,
                    "74": 71.0,
                    "75": 71.0,
                    "76": 71.0,
                    "77": 71.0,
                    "78": 72.0,
                    "79": 72.0,
                    "80": 72.0,
                    "81": 72.0,
                    "82": 72.0,
                    "83": 70.0,
                    "84": 70.0,
                    "85": 70.0,
                    "86": 70.0,
                    "87": 70.0,
                    "88": 66.0,
                    "89": 66.0,
                    "90": 66.0,
                    "91": 66.0,
                    "92": 66.0,
                    "93": 60.0,
                    "94": 60.0,
                    "95": 60.0,
                    "96": 60.0,
                    "97": 60.0,
                    "98": 56.0,
                    "99": 56.0,
                    "100": 56.0,
                    "101": 56.0,
                    "102": 56.0,
                    "103": 51.0,
                    "104": 51.0,
                    "105": 51.0,
                    "106": 51.0,
                    "107": 51.0,
                    "108": 46.0,
                    "109": 46.0,
                    "110": 46.0,
                    "111": 46.0,
                    "112": 46.0,
                    "113": 44.0,
                    "114": 44.0,
                    "115": 44.0,
                    "116": 44.0,
                    "117": 44.0,
                    "118": 42.0,
                    "119": 42.0,
                    "120": 42.0
                }
            },
            {
                "summaryType": "spo2",
                "minValue": 96.0,
                "maxValue": 98.0,
                "avgValue": 97.0,
                "epochSummaries": {
                    "1": 96.0,
                    "2": 96.0,
                    "3": 96.0,
                    "4": 96.0,
                    "5": 96.0,
                    "6": 96.0,
                    "7": 96.0,
                    "8": 96.0,
                    "9": 96.0,
                    "10": 96.0,
                    "11": 96.0,
                    "12": 96.0,
                    "13": 96.0,
                    "14": 96.0,
                    "15": 96.0,
                    "16": 96.0,
                    "17": 96.0,
                    "18": 96.0,
                    "19": 96.0,
                    "20": 97.0,
                    "21": 97.0,
                    "22": 98.0,
                    "23": 98.0,
                    "24": 98.0,
                    "25": 98.0,
                    "26": 98.0,
                    "27": 98.0,
                    "28": 98.0,
                    "29": 98.0,
                    "30": 98.0,
                    "31": 98.0,
                    "32": 98.0,
                    "33": 98.0,
                    "34": 98.0,
                    "35": 98.0,
                    "36": 98.0,
                    "37": 98.0,
                    "38": 98.0,
                    "39": 98.0,
                    "40": 98.0,
                    "41": 98.0,
                    "42": 98.0,
                    "43": 98.0,
                    "44": 98.0,
                    "45": 98.0,
                    "46": 98.0,
                    "47": 98.0,
                    "48": 98.0,
                    "49": 98.0,
                    "50": 98.0,
                    "51": 98.0,
                    "52": 98.0,
                    "53": 98.0,
                    "54": 98.0,
                    "55": 98.0,
                    "56": 98.0,
                    "57": 98.0,
                    "58": 97.0,
                    "59": 97.0,
                    "60": 97.0,
                    "61": 97.0,
                    "62": 97.0,
                    "63": 97.0,
                    "64": 97.0,
                    "65": 97.0,
                    "66": 97.0,
                    "67": 97.0,
                    "68": 97.0,
                    "69": 97.0,
                    "70": 97.0,
                    "71": 97.0,
                    "72": 97.0,
                    "73": 97.0,
                    "74": 97.0,
                    "75": 97.0,
                    "76": 97.0,
                    "77": 97.0,
                    "78": 97.0,
                    "79": 97.0,
                    "80": 97.0,
                    "81": 97.0,
                    "82": 97.0,
                    "83": 97.0,
                    "84": 97.0,
                    "85": 97.0,
                    "86": 97.0,
                    "87": 97.0,
                    "88": 97.0,
                    "89": 97.0,
                    "90": 97.0,
                    "91": 97.0,
                    "92": 97.0,
                    "93": 97.0,
                    "94": 97.0,
                    "95": 97.0,
                    "96": 97.0,
                    "97": 97.0,
                    "98": 97.0,
                    "99": 97.0,
                    "100": 98.0,
                    "101": 98.0,
                    "102": 98.0,
                    "103": 98.0,
                    "104": 98.0,
                    "105": 98.0,
                    "106": 98.0,
                    "107": 98.0,
                    "108": 98.0,
                    "109": 98.0,
                    "110": 98.0,
                    "111": 98.0,
                    "112": 98.0,
                    "113": 98.0,
                    "114": 98.0,
                    "115": 98.0,
                    "116": 98.0,
                    "117": 98.0,
                    "118": 98.0,
                    "119": 98.0,
                    "120": 98.0
                }
            },
            {
                "summaryType": "rmssd_hrv",
                "avgValue": 60.0
            },
            {
                "summaryType": "sdrr_hrv",
                "avgValue": 142.0
            }
        ]
    }
]