[
    {
        "userId": "49d85c6a-b8f8-4787-95fa-f145553e59a9",
        "userAccessToken": "7b64f2c3-1572-407f-ac1a-ea3ef127ff2c",
        "summaryId": "x45dba26-671145a378f68885-8950-41c5-9fe1-9af3cb35217d78",
        "calendarDate": "2024-10-17",
        "startTimeInSeconds": 1729185187,
        "durationInSeconds": 120,
        "startTimeOffsetInSeconds": 7254,
        "summaries": [
            {
                "summaryType": "heart_rate",
                "minValue": 130.0,
                "maxValue": 161.0,
                "avgValue": 140.0,
                "epochSummaries": {
                    "0": 161.0,
                    "1": 160.0,
                    "2": 152.0,
                    "3": 153.0,
                    "4": 149.0,
                    "5": 147.0,
                    "6": 148.0,
                    "7": 152.0,
                    "8": 152.0,
                    "9": 148.0,
                    "10": 146.0,
                    "11": 145.0,
                    "12": 144.0,
                    "13": 144.0,
                    "14": 145.0,
                    "15": 144.0,
                    "16": 141.0,
                    "17": 141.0,
                    "18": 144.0,
                    "19": 147.0,
                    "20": 146.0,
                    "21": 144.0,
                    "22": 144.0,
                    "23": 146.0,
                    "24": 145.0,
                    "25": 142.0,
                    "26": 143.0,
                    "27": 146.0,
                    "28": 146.0,
                    "29": 143.0,
                    "30": 139.0,
                    "31": 140.0,
                    "32": 141.0,
                    "33": 140.0,
                    "34": 140.0,
                    "35": 140.0,
                    "36": 140.0,
                    "37": 140.0,
                    "38": 141.0,
                    "39": 142.0,
                    "40": 139.0,
                    "41": 138.0,
                    "42": 140.0,
                    "43": 143.0,
                    "44": 145.0,
                    "45": 145.0,
                    "46": 144.0,
                    "47": 144.0,
                    "48": 144.0,
                    "49": 146.0,
                    "50": 147.0,
                    "51": 147.0,
                    "52": 143.0,
                    "53": 140.0,
                    "54": 137.0,
                    "55": 136.0,
                    "56": 135.0,
                    "57": 134.0,
                    "58": 132.0,
                    "59": 131.0,
                    "60": 135.0,
                    "61": 137.0,
                    "62": 137.0,
                    "63": 136.0,
                    "64": 133.0,
                    "65": 132.0,
                    "66": 132.0,
                    "67": 132.0,
                    "68": 134.0,
                    "69": 136.0,
                    "70": 136.0,
                    "71": 136.0,
                    "72": 136.0,
                    "73": 135.0,
                    "74": 135.0,
                    "75": 135.0,
                    "76": 138.0,
                    "77": 137.0,
                    "78": 136.0,
                    "79": 137.0,
                    "80": 139.0,
                    "81": 139.0,
                    "82": 136.0,
                    "83": 136.0,
                    "84": 137.0,
                    "85": 139.0,
                    "86": 142.0,
                    "87": 144.0,
                    "88": 144.0,
                    "89": 140.0,
                    "90": 136.0,
                    "91": 134.0,
                    "92": 133.0,
                    "93": 135.0,
                    "94": 137.0,
                    "95": 137.0,
                    "96": 135.0,
                    "97": 135.0,
                    "98": 137.0,
                    "99": 138.0,
                    "100": 139.0,
                    "101": 136.0,
                    "102": 131.0,
                    "103": 130.0,
                    "104": 130.0,
                    "105": 133.0,
                    "106": 135.0,
                    "107": 135.0,
                    "108": 133.0,
                    "109": 134.0,
                    "110": 135.0,
                    "111": 136.0,
                    "112": 139.0,
                    "113": 139.0,
                    "114": 139.0,
                    "115": 138.0,
                    "116": 137.0,
                    "117": 136.0,
                    "118": 134.0,
                    "119": 133.0,
                    "120": 133.0
                }
            },
            {
                "summaryType": "respiration",
                "minValue": 13.84000015258789,
                "maxValue": 14.729999542236328,
                "avgValue": 14.720000267028809,
                "epochSummaries": {
                    "0": 14.729999542236328,
                    "1": 14.729999542236328,
                    "2": 14.729999542236328,
                    "3": 14.729999542236328,
                    "4": 14.729999542236328,
                    "5": 14.729999542236328,
                    "6": 14.729999542236328,
                    "7": 14.729999542236328,
                    "8": 14.729999542236328,
                    "9": 14.729999542236328,
                    "10": 14.729999542236328,
                    "11": 14.729999542236328,
                    "12": 14.729999542236328,
                    "13": 14.729999542236328,
                    "14": 14.729999542236328,
                    "15": 14.729999542236328,
                    "16": 14.729999542236328,
                    "17": 14.729999542236328,
                    "18": 14.729999542236328,
                    "19": 14.729999542236328,
                    "20": 14.729999542236328,
                    "21": 14.729999542236328,
                    "22": 14.729999542236328,
                    "23": 14.729999542236328,
                    "24": 14.729999542236328,
                    "25": 14.729999542236328,
                    "26": 14.729999542236328,
                    "27": 14.729999542236328,
                    "28": 14.729999542236328,
                    "29": 14.729999542236328,
                    "30": 14.729999542236328,
                    "31": 14.729999542236328,
                    "32": 14.729999542236328,
                    "33": 14.729999542236328,
                    "34": 14.729999542236328,
                    "35": 14.729999542236328,
                    "36": 14.729999542236328,
                    "37": 14.729999542236328,
                    "38": 14.729999542236328,
                    "39": 14.729999542236328,
                    "40": 14.729999542236328,
                    "41": 14.729999542236328,
                    "42": 14.729999542236328,
                    "43": 14.729999542236328,
                    "44": 14.729999542236328,
                    "45": 14.729999542236328,
                    "46": 14.729999542236328,
                    "47": 14.729999542236328,
                    "48": 14.729999542236328,
                    "49": 14.729999542236328,
                    "50": 14.729999542236328,
                    "51": 14.729999542236328,
                    "52": 14.729999542236328,
                    "53": 14.729999542236328,
                    "54": 14.729999542236328,
                    "55": 14.729999542236328,
                    "56": 14.729999542236328,
                    "57": 14.729999542236328,
                    "58": 14.729999542236328,
                    "59": 14.729999542236328,
                    "60": 14.729999542236328,
                    "61": 14.729999542236328,
                    "62": 14.729999542236328,
                    "63": 14.729999542236328,
                    "64": 14.729999542236328,
                    "65": 14.729999542236328,
                    "66": 14.729999542236328,
                    "67": 14.729999542236328,
                    "68": 14.729999542236328,
                    "69": 14.729999542236328,
                    "70": 14.729999542236328,
                    "71": 14.729999542236328,
                    "72": 14.729999542236328,
                    "73": 14.729999542236328,
                    "74": 14.729999542236328,
                    "75": 14.729999542236328,
                    "76": 14.729999542236328,
                    "77": 14.729999542236328,
                    "78": 14.729999542236328,
                    "79": 14.729999542236328,
                    "80": 14.729999542236328,
                    "81": 14.729999542236328,
                    "82": 14.729999542236328,
                    "83": 14.729999542236328,
                    "84": 14.729999542236328,
                    "85": 14.729999542236328,
                    "86": 14.729999542236328,
                    "87": 14.729999542236328,
                    "88": 14.729999542236328,
                    "89": 14.729999542236328,
                    "90": 14.729999542236328,
                    "91": 14.729999542236328,
                    "92": 14.729999542236328,
                    "93": 14.729999542236328,
                    "94": 14.729999542236328,
                    "95": 14.729999542236328,
                    "96": 14.729999542236328,
                    "97": 14.729999542236328,
                    "98": 14.729999542236328,
                    "99": 14.729999542236328,
                    "100": 14.729999542236328,
                    "101": 14.729999542236328,
                    "102": 14.729999542236328,
                    "103": 14.729999542236328,
                    "104": 14.729999542236328,
                    "105": 14.729999542236328,
                    "106": 14.729999542236328,
                    "107": 14.729999542236328,
                    "108": 14.729999542236328,
                    "109": 14.729999542236328,
                    "110": 14.729999542236328,
                    "111": 14.729999542236328,
                    "112": 14.729999542236328,
                    "113": 14.729999542236328,
                    "114": 14.729999542236328,
                    "115": 14.729999542236328,
                    "116": 14.729999542236328,
                    "117": 14.729999542236328,
                    "118": 14.729999542236328,
                    "119": 14.729999542236328,
                    "120": 13.84000015258789
                }
            },
            {
                "summaryType": "stress",
                "minValue": 99.0,
                "maxValue": 100.0,
                "avgValue": 99.0,
                "epochSummaries": {
                    "8": 100.0,
                    "9": 100.0,
                    "10": 100.0,
                    "11": 100.0,
                    "12": 100.0,
                    "13": 100.0,
                    "14": 100.0,
                    "15": 100.0,
                    "16": 100.0,
                    "17": 100.0,
                    "18": 100.0,
                    "19": 100.0,
                    "20": 100.0,
                    "21": 100.0,
                    "22": 100.0,
                    "23": 100.0,
                    "24": 100.0,
                    "25": 100.0,
                    "26": 100.0,
                    "27": 100.0,
                    "28": 100.0,
                    "29": 100.0,
                    "30": 100.0,
                    "31": 100.0,
                    "32": 100.0,
                    "33": 99.0,
                    "34": 99.0,
                    "35": 99.0,
                    "36": 99.0,
                    "37": 99.0,
                    "38": 99.0,
                    "39": 99.0,
                    "40": 99.0,
                    "41": 99.0,
                    "42": 99.0,
                    "43": 99.0,
                    "44": 99.0,
                    "45": 99.0,
                    "46": 99.0,
                    "47": 99.0,
                    "48": 99.0,
                    "49": 99.0,
                    "50": 99.0,
                    "51": 99.0,
                    "52": 99.0,
                    "53": 99.0,
                    "54": 99.0,
                    "55": 99.0,
                    "56": 99.0,
                    "57": 99.0,
                    "58": 99.0,
                    "59": 99.0,
                    "60": 99.0,
                    "61": 99.0,
                    "62": 99.0,
                    "63": 99.0,
                    "64": 99.0,
                    "65": 99.0,
                    "66": 99.0,
                    "67": 99.0,
                    "68": 99.0,
                    "69": 99.0,
                    "70": 99.0,
                    "71": 99.0,
                    "72": 99.0,
                    "73": 100.0,
                    "74": 100.0,
                    "75": 100.0,
                    "76": 100.0,
                    "77": 100.0,
                    "78": 100.0,
                    "79": 100.0,
                    "80": 100.0,
                    "81": 100.0,
                    "82": 100.0,
                    "83": 100.0,
                    "84": 100.0,
                    "85": 100.0,
                    "86": 100.0,
                    "87": 100.0,
                    "88": 99.0,
                    "89": 99.0,
                    "90": 99.0,
                    "91": 99.0,
                    "92": 99.0,
                    "93": 99.0,
                    "94": 99.0,
                    "95": 99.0,
                    "96": 99.0,
                    "97": 99.0,
                    "98": 99.0,
                    "99": 99.0,
                    "100": 99.0,
                    "101": 99.0,
                    "102": 99.0,
                    "103": 99.0,
                    "104": 99.0,
                    "105": 99.0,
                    "106": 99.0,
                    "107": 99.0,
                    "108": 99.0,
                    "109": 99.0,
                    "110": 99.0,
                    "111": 99.0,
                    "112": 99.0,
                    "113": 99.0,
                    "114": 99.0,
                    "115": 99.0,
                    "116": 99.0,
                    "117": 99.0,
                    "118": 99.0,
                    "119": 99.0,
                    "120": 99.0
                }
            },
            {
                "summaryType": "spo2",
                "minValue": 97.0,
                "maxValue": 98.0,
                "avgValue": 97.0,
                "epochSummaries": {
                    "1": 98.0,
                    "2": 98.0,
                    "3": 98.0,
                    "4": 98.0,
                    "5": 98.0,
                    "6": 98.0,
                    "7": 98.0,
                    "8": 98.0,
                    "9": 98.0,
                    "10": 98.0,
                    "11": 98.0,
                    "12": 98.0,
                    "13": 98.0,
                    "14": 98.0,
                    "15": 98.0,
                    "16": 98.0,
                    "17": 98.0,
                    "18": 98.0,
                    "19": 98.0,
                    "20": 98.0,
                    "21": 98.0,
                    "22": 98.0,
                    "23": 98.0,
                    "24": 98.0,
                    "25": 98.0,
                    "26": 98.0,
                    "27": 98.0,
                    "28": 98.0,
                    "29": 98.0,
                    "30": 98.0,
                    "31": 98.0,
                    "32": 98.0,
                    "33": 98.0,
                    "34": 98.0,
                    "35": 98.0,
                    "36": 98.0,
                    "37": 98.0,
                    "38": 98.0,
                    "39": 98.0,
                    "40": 98.0,
                    "41": 98.0,
                    "42": 98.0,
                    "43": 98.0,
                    "44": 98.0,
                    "45": 98.0,
                    "46": 98.0,
                    "47": 98.0,
                    "48": 98.0,
                    "49": 98.0,
                    "50": 98.0,
                    "51": 98.0,
                    "52": 98.0,
                    "53": 98.0,
                    "54": 98.0,
                    "55": 98.0,
                    "56": 98.0,
                    "57": 98.0,
                    "58": 98.0,
                    "59": 98.0,
                    "60": 98.0,
                    "61": 98.0,
                    "62": 98.0,
                    "63": 98.0,
                    "64": 98.0,
                    "65": 98.0,
                    "66": 98.0,
                    "67": 98.0,
                    "68": 98.0,
                    "69": 97.0,
                    "70": 97.0,
                    "71": 97.0,
                    "72": 97.0,
                    "73": 97.0,
                    "74": 97.0,
                    "75": 97.0,
                    "76": 97.0,
                    "77": 97.0,
                    "78": 97.0,
                    "79": 97.0,
                    "80": 97.0,
                    "81": 97.0,
                    "82": 97.0,
                    "83": 97.0,
                    "84": 97.0,
                    "85": 97.0,
                    "86": 97.0,
                    "87": 97.0,
                    "88": 97.0,
                    "89": 97.0,
                    "90": 97.0,
                    "91": 97.0,
                    "92": 97.0,
                    "93": 97.0,
                    "94": 97.0,
                    "95": 97.0,
                    "96": 97.0,
                    "97": 97.0,
                    "98": 97.0,
                    "99": 97.0,
                    "100": 97.0,
                    "101": 97.0,
                    "102": 97.0,
                    "103": 97.0,
                    "104": 97.0,
                    "105": 97.0,
                    "106": 97.0,
                    "107": 97.0,
                    "108": 97.0,
                    "109": 97.0,
                    "110": 97.0,
                    "111": 97.0,
                    "112": 97.0,
                    "113": 97.0,
                    "114": 97.0,
                    "115": 97.0,
                    "116": 97.0,
                    "117": 97.0,
                    "118": 97.0,
                    "119": 97.0,
                    "120": 97.0
                }
            },
            {
                "summaryType": "rmssd_hrv",
                "avgValue": 22.0
            },
            {
                "summaryType": "sdrr_hrv",
                "avgValue": 11.0
            }
        ]
    }
]