[
    {
        "userId": "49d85c6a-b8f8-4787-95fa-f145553e59a9",
        "userAccessToken": "7b64f2c3-1572-407f-ac1a-ea3ef127ff2c",
        "summaryId": "x45dba26-6710b33b51d03897-bd86-4732-9007-8278e3a48d2178",
        "calendarDate": "2024-10-17",
        "startTimeInSeconds": 1729147707,
        "durationInSeconds": 120,
        "startTimeOffsetInSeconds": 7254,
        "summaries": [
            {
                "summaryType": "heart_rate",
                "minValue": 58.0,
                "maxValue": 84.0,
                "avgValue": 64.0,
                "epochSummaries": {
                    "0": 80.0,
                    "1": 80.0,
                    "2": 80.0,
                    "3": 80.0,
                    "4": 82.0,
                    "5": 84.0,
                    "6": 84.0,
                    "7": 84.0,
                    "8": 81.0,
                    "9": 80.0,
                    "10": 78.0,
                    "11": 78.0,
                    "12": 78.0,
                    "13": 78.0,
                    "14": 77.0,
                    "15": 74.0,
                    "16": 67.0,
                    "17": 62.0,
                    "18": 60.0,
                    "19": 62.0,
                    "20": 61.0,
                    "21": 60.0,
                    "22": 59.0,
                    "23": 59.0,
                    "24": 59.0,
                    "25": 59.0,
                    "26": 59.0,
                    "27": 60.0,
                    "28": 60.0,
                    "29": 60.0,
                    "30": 60.0,
                    "31": 59.0,
                    "32": 59.0,
                    "33": 59.0,
                    "34": 59.0,
                    "35": 59.0,
                    "36": 61.0,
                    "37": 62.0,
                    "38": 61.0,
                    "39": 60.0,
                    "40": 60.0,
                    "41": 60.0,
                    "42": 60.0,
                    "43": 60.0,
                    "44": 59.0,
                    "45": 59.0,
                    "46": 60.0,
                    "47": 60.0,
                    "48": 61.0,
                    "49": 64.0,
                    "50": 66.0,
                    "51": 63.0,
                    "52": 62.0,
                    "53": 62.0,
                    "54": 61.0,
                    "55": 63.0,
                    "56": 64.0,
                    "57": 62.0,
                    "58": 62.0,
                    "59": 65.0,
                    "60": 65.0,
                    "61": 65.0,
                    "62": 65.0,
                    "63": 66.0,
                    "64": 67.0,
                    "65": 70.0,
                    "66": 71.0,
                    "67": 69.0,
                    "68": 65.0,
                    "69": 63.0,
                    "70": 61.0,
                    "71": 61.0,
                    "72": 61.0,
                    "73": 61.0,
                    "74": 59.0,
                    "75": 59.0,
                    "76": 59.0,
                    "77": 59.0,
                    "78": 59.0,
                    "79": 58.0,
                    "80": 58.0,
                    "81": 58.0,
                    "82": 59.0,
                    "83": 59.0,
                    "84": 59.0,
                    "85": 59.0,
                    "86": 59.0,
                    "87": 59.0,
                    "88": 59.0,
                    "89": 60.0,
                    "90": 60.0,
                    "91": 59.0,
                    "92": 59.0,
                    "93": 60.0,
                    "94": 60.0,
                    "95": 60.0,
                    "96": 59.0,
                    "97": 59.0,
                    "98": 60.0,
                    "99": 60.0,
                    "100": 61.0,
                    "101": 62.0,
                    "102": 65.0,
                    "103": 66.0,
                    "104": 67.0,
                    "105": 67.0,
                    "106": 67.0,
                    "107": 67.0,
                    "108": 66.0,
                    "109": 66.0,
                    "110": 66.0,
                    "111": 66.0,
                    "112": 65.0,
                    "113": 65.0,
                    "114": 64.0,
                    "115": 65.0,
                    "116": 65.0,
                    "117": 65.0,
                    "118": 65.0,
                    "119": 65.0,
                    "120": 65.0
                }
            },
            {
                "summaryType": "respiration",
                "minValue": 13.210000038146973,
                "maxValue": 14.539999961853027,
                "avgValue": 13.979999542236328,
                "epochSummaries": {
                    "0": 14.270000457763672,
                    "1": 14.270000457763672,
                    "2": 14.260000228881836,
                    "3": 14.260000228881836,
                    "4": 14.260000228881836,
                    "5": 14.260000228881836,
                    "6": 14.380000114440918,
                    "7": 14.380000114440918,
                    "8": 14.380000114440918,
                    "9": 14.380000114440918,
                    "10": 14.380000114440918,
                    "11": 14.380000114440918,
                    "12": 14.380000114440918,
                    "13": 14.050000190734863,
                    "14": 14.050000190734863,
                    "15": 14.050000190734863,
                    "16": 14.050000190734863,
                    "17": 14.050000190734863,
                    "18": 14.050000190734863,
                    "19": 14.050000190734863,
                    "20": 14.050000190734863,
                    "21": 14.09000015258789,
                    "22": 14.09000015258789,
                    "23": 14.09000015258789,
                    "24": 14.09000015258789,
                    "25": 14.09000015258789,
                    "26": 14.09000015258789,
                    "27": 14.09000015258789,
                    "28": 14.34000015258789,
                    "29": 14.34000015258789,
                    "30": 14.050000190734863,
                    "31": 14.050000190734863,
                    "32": 14.050000190734863,
                    "33": 14.050000190734863,
                    "34": 14.050000190734863,
                    "35": 14.100000381469727,
                    "36": 14.100000381469727,
                    "37": 14.100000381469727,
                    "38": 14.100000381469727,
                    "39": 14.100000381469727,
                    "40": 13.760000228881836,
                    "41": 13.760000228881836,
                    "42": 13.760000228881836,
                    "43": 13.760000228881836,
                    "44": 13.960000038146973,
                    "45": 13.960000038146973,
                    "46": 14.350000381469727,
                    "47": 14.350000381469727,
                    "48": 14.350000381469727,
                    "49": 14.350000381469727,
                    "50": 14.350000381469727,
                    "51": 14.350000381469727,
                    "52": 14.539999961853027,
                    "53": 14.539999961853027,
                    "54": 14.539999961853027,
                    "55": 14.539999961853027,
                    "56": 14.539999961853027,
                    "57": 14.539999961853027,
                    "58": 14.539999961853027,
                    "59": 14.539999961853027,
                    "60": 14.539999961853027,
                    "61": 14.539999961853027,
                    "62": 14.539999961853027,
                    "63": 14.539999961853027,
                    "64": 14.539999961853027,
                    "65": 14.539999961853027,
                    "66": 14.539999961853027,
                    "67": 14.180000305175781,
                    "68": 14.180000305175781,
                    "69": 14.180000305175781,
                    "70": 14.180000305175781,
                    "71": 14.180000305175781,
                    "72": 14.180000305175781,
                    "73": 14.180000305175781,
                    "74": 14.180000305175781,
                    "75": 14.180000305175781,
                    "76": 13.989999771118164,
                    "77": 13.630000114440918,
                    "78": 13.630000114440918,
                    "79": 13.630000114440918,
                    "80": 13.720000267028809,
                    "81": 13.720000267028809,
                    "82": 13.720000267028809,
                    "83": 13.720000267028809,
                    "84": 13.720000267028809,
                    "85": 13.720000267028809,
                    "86": 13.5600004196167,
                    "87": 13.5600004196167,
                    "88": 13.5600004196167,
                    "89": 13.5600004196167,
                    "90": 13.5600004196167,
                    "91": 13.5600004196167,
                    "92": 13.5600004196167,
                    "93": 13.5600004196167,
                    "94": 13.5600004196167,
                    "95": 13.5600004196167,
                    "96": 13.210000038146973,
                    "97": 13.210000038146973,
                    "98": 13.210000038146973,
                    "99": 13.210000038146973,
                    "100": 13.210000038146973,
                    "101": 13.210000038146973,
                    "102": 13.210000038146973,
                    "103": 13.210000038146973,
                    "104": 13.210000038146973,
                    "105": 13.270000457763672,
                    "106": 13.34000015258789,
                    "107": 13.34000015258789,
                    "108": 13.34000015258789,
                    "109": 13.619999885559082,
                    "110": 13.619999885559082,
                    "111": 13.619999885559082,
                    "112": 13.619999885559082,
                    "113": 13.619999885559082,
                    "114": 13.930000305175781,
                    "115": 13.930000305175781,
                    "116": 13.930000305175781,
                    "117": 13.770000457763672,
                    "118": 13.770000457763672,
                    "119": 13.770000457763672,
                    "120": 14.100000381469727
                }
            },
            {
                "summaryType": "stress",
                "minValue": 11.0,
                "maxValue": 24.0,
                "avgValue": 20.0,
                "epochSummaries": {
                    "0": 11.0,
                    "1": 11.0,
                    "2": 11.0,
                    "3": 11.0,
                    "89": 19.0,
                    "90": 19.0,
                    "91": 19.0,
                    "92": 19.0,
                    "93": 19.0,
                    "94": 19.0,
                    "95": 19.0,
                    "96": 19.0,
                    "97": 19.0,
                    "98": 19.0,
                    "99": 19.0,
                    "100": 19.0,
                    "101": 19.0,
                    "102": 19.0,
                    "103": 19.0,
                    "104": 21.0,
                    "105": 21.0,
                    "106": 21.0,
                    "107": 21.0,
                    "108": 21.0,
                    "109": 22.0,
                    "110": 22.0,
                    "111": 22.0,
                    "112": 22.0,
                    "113": 22.0,
                    "114": 23.0,
                    "115": 23.0,
                    "116": 23.0,
                    "117": 23.0,
                    "118": 23.0,
                    "119": 24.0,
                    "120": 24.0
                }
            },
            {
                "summaryType": "spo2",
                "minValue": 97.0,
                "maxValue": 98.0,
                "avgValue": 97.0,
                "epochSummaries": {
                    "0": 98.0,
                    "1": 98.0,
                    "2": 98.0,
                    "3": 98.0,
                    "4": 98.0,
                    "5": 98.0,
                    "6": 98.0,
                    "7": 98.0,
                    "8": 98.0,
                    "9": 98.0,
                    "10": 98.0,
                    "11": 98.0,
                    "12": 98.0,
                    "13": 98.0,
                    "14": 98.0,
                    "15": 98.0,
                    "16": 98.0,
                    "17": 98.0,
                    "18": 98.0,
                    "19": 97.0,
                    "20": 97.0,
                    "21": 97.0,
                    "22": 97.0,
                    "23": 97.0,
                    "24": 97.0,
                    "25": 97.0,
                    "26": 97.0,
                    "27": 97.0,
                    "28": 97.0,
                    "29": 97.0,
                    "30": 97.0,
                    "31": 97.0,
                    "32": 97.0,
                    "33": 98.0,
                    "34": 98.0,
                    "35": 98.0,
                    "36": 98.0,
                    "37": 98.0,
                    "38": 98.0,
                    "39": 98.0,
                    "40": 98.0,
                    "41": 98.0,
                    "42": 98.0,
                    "43": 98.0,
                    "44": 98.0,
                    "45": 98.0,
                    "46": 98.0,
                    "47": 98.0,
                    "48": 98.0,
                    "49": 97.0,
                    "50": 97.0,
                    "51": 97.0,
                    "52": 97.0,
                    "53": 97.0,
                    "54": 97.0,
                    "55": 98.0,
                    "56": 98.0,
                    "57": 98.0,
                    "58": 98.0,
                    "59": 98.0,
                    "60": 98.0,
                    "61": 98.0,
                    "62": 98.0,
                    "63": 98.0,
                    "64": 98.0,
                    "65": 98.0,
                    "66": 98.0,
                    "67": 98.0,
                    "68": 98.0,
                    "69": 98.0,
                    "70": 98.0,
                    "71": 98.0,
                    "72": 98.0,
                    "73": 98.0,
                    "74": 98.0,
                    "75": 98.0,
                    "76": 98.0,
                    "77": 98.0,
                    "78": 98.0,
                    "79": 98.0,
                    "80": 98.0,
                    "81": 98.0,
                    "82": 98.0,
                    "83": 98.0,
                    "84": 98.0,
                    "85": 98.0,
                    "86": 98.0,
                    "87": 98.0,
                    "88": 98.0,
                    "89": 98.0,
                    "90": 98.0,
                    "91": 98.0,
                    "92": 98.0,
                    "93": 98.0,
                    "94": 98.0,
                    "95": 98.0,
                    "96": 98.0,
                    "97": 98.0,
                    "98": 98.0,
                    "99": 98.0,
                    "100": 98.0,
                    "101": 98.0,
                    "102": 98.0,
                    "103": 98.0,
                    "104": 98.0,
                    "105": 98.0,
                    "106": 98.0,
                    "107": 98.0,
                    "108": 98.0,
                    "109": 98.0,
                    "110": 98.0,
                    "111": 98.0,
                    "112": 98.0,
                    "113": 98.0,
                    "114": 98.0,
                    "115": 98.0,
                    "116": 98.0,
                    "117": 98.0,
                    "118": 98.0,
                    "119": 98.0,
                    "120": 98.0
                }
            },
            {
                "summaryType": "rmssd_hrv",
                "avgValue": 88.0
            },
            {
                "summaryType": "sdrr_hrv",
                "avgValue": 115.0
            }
        ]
    }
]