[
    
    {
        "userId": "49d85c6a-b8f8-4787-95fa-f145553e59a9",
        "userAccessToken": "7b64f2c3-1572-407f-ac1a-ea3ef127ff2c",
        "summaryId": "x45dba26-6710f20210d0c97e-4df6-4d2d-95b0-f6a3aa5871c278",
        "calendarDate": "2024-10-17",
        "startTimeInSeconds": 1729163778,
        "durationInSeconds": 120,
        "startTimeOffsetInSeconds": 7254,
        "summaries": [
            {
                "summaryType": "heart_rate",
                "minValue": 55.0,
                "maxValue": 91.0,
                "avgValue": 64.0,
                "epochSummaries": {
                    "0": 66.0,
                    "1": 66.0,
                    "2": 66.0,
                    "3": 66.0,
                    "4": 66.0,
                    "5": 71.0,
                    "6": 75.0,
                    "7": 87.0,
                    "8": 89.0,
                    "9": 89.0,
                    "10": 89.0,
                    "11": 89.0,
                    "12": 87.0,
                    "13": 87.0,
                    "14": 87.0,
                    "15": 87.0,
                    "16": 88.0,
                    "17": 90.0,
                    "18": 91.0,
                    "19": 90.0,
                    "20": 90.0,
                    "21": 72.0,
                    "22": 63.0,
                    "23": 62.0,
                    "24": 61.0,
                    "25": 61.0,
                    "26": 61.0,
                    "27": 61.0,
                    "28": 61.0,
                    "29": 61.0,
                    "30": 60.0,
                    "31": 60.0,
                    "32": 59.0,
                    "33": 56.0,
                    "34": 55.0,
                    "35": 55.0,
                    "36": 55.0,
                    "37": 55.0,
                    "38": 55.0,
                    "39": 55.0,
                    "40": 55.0,
                    "41": 55.0,
                    "42": 56.0,
                    "43": 56.0,
                    "44": 57.0,
                    "45": 57.0,
                    "46": 57.0,
                    "47": 58.0,
                    "48": 59.0,
                    "49": 60.0,
                    "50": 59.0,
                    "51": 59.0,
                    "52": 60.0,
                    "53": 60.0,
                    "54": 60.0,
                    "55": 60.0,
                    "56": 60.0,
                    "57": 60.0,
                    "58": 60.0,
                    "59": 60.0,
                    "60": 60.0,
                    "61": 60.0,
                    "62": 60.0,
                    "63": 60.0,
                    "64": 60.0,
                    "65": 60.0,
                    "66": 60.0,
                    "67": 60.0,
                    "68": 61.0,
                    "69": 61.0,
                    "70": 62.0,
                    "71": 62.0,
                    "72": 62.0,
                    "73": 62.0,
                    "74": 62.0,
                    "75": 61.0,
                    "76": 61.0,
                    "77": 62.0,
                    "78": 62.0,
                    "79": 62.0,
                    "80": 62.0,
                    "81": 62.0,
                    "82": 61.0,
                    "83": 61.0,
                    "84": 60.0,
                    "85": 60.0,
                    "86": 60.0,
                    "87": 60.0,
                    "88": 60.0,
                    "89": 60.0,
                    "90": 60.0,
                    "91": 60.0,
                    "92": 60.0,
                    "93": 60.0,
                    "94": 60.0,
                    "95": 60.0,
                    "96": 60.0,
                    "97": 60.0,
                    "98": 61.0,
                    "99": 61.0,
                    "100": 63.0,
                    "101": 63.0,
                    "102": 65.0,
                    "103": 65.0,
                    "104": 64.0,
                    "105": 63.0,
                    "106": 62.0,
                    "107": 62.0,
                    "108": 62.0,
                    "109": 60.0,
                    "110": 59.0,
                    "111": 58.0,
                    "112": 58.0,
                    "113": 58.0,
                    "114": 57.0,
                    "115": 57.0,
                    "116": 57.0,
                    "117": 57.0,
                    "118": 58.0,
                    "119": 59.0,
                    "120": 60.0
                }
            },
            {
                "summaryType": "respiration",
                "minValue": 13.25,
                "maxValue": 15.59000015258789,
                "avgValue": 14.9399995803833,
                "epochSummaries": {
                    "0": 14.899999618530273,
                    "1": 14.899999618530273,
                    "2": 14.899999618530273,
                    "3": 14.899999618530273,
                    "4": 14.899999618530273,
                    "5": 14.899999618530273,
                    "6": 15.229999542236328,
                    "7": 15.229999542236328,
                    "8": 15.229999542236328,
                    "9": 15.229999542236328,
                    "10": 15.229999542236328,
                    "11": 15.369999885559082,
                    "12": 15.369999885559082,
                    "13": 15.369999885559082,
                    "14": 15.369999885559082,
                    "15": 15.369999885559082,
                    "16": 15.369999885559082,
                    "17": 15.369999885559082,
                    "18": 15.0600004196167,
                    "19": 15.0600004196167,
                    "20": 15.0600004196167,
                    "21": 15.0600004196167,
                    "22": 14.6899995803833,
                    "23": 14.6899995803833,
                    "24": 14.6899995803833,
                    "25": 14.6899995803833,
                    "26": 14.6899995803833,
                    "27": 14.979999542236328,
                    "28": 14.979999542236328,
                    "29": 15.210000038146973,
                    "30": 15.210000038146973,
                    "31": 15.210000038146973,
                    "32": 15.449999809265137,
                    "33": 15.449999809265137,
                    "34": 15.449999809265137,
                    "35": 15.449999809265137,
                    "36": 15.59000015258789,
                    "37": 15.59000015258789,
                    "38": 15.59000015258789,
                    "39": 15.59000015258789,
                    "40": 15.59000015258789,
                    "41": 15.59000015258789,
                    "42": 15.59000015258789,
                    "43": 15.199999809265137,
                    "44": 15.199999809265137,
                    "45": 15.199999809265137,
                    "46": 15.199999809265137,
                    "47": 15.069999694824219,
                    "48": 15.069999694824219,
                    "49": 15.069999694824219,
                    "50": 15.069999694824219,
                    "51": 15.069999694824219,
                    "52": 14.989999771118164,
                    "53": 14.989999771118164,
                    "54": 14.989999771118164,
                    "55": 14.989999771118164,
                    "56": 14.989999771118164,
                    "57": 14.819999694824219,
                    "58": 14.819999694824219,
                    "59": 14.819999694824219,
                    "60": 14.819999694824219,
                    "61": 14.819999694824219,
                    "62": 14.789999961853027,
                    "63": 14.789999961853027,
                    "64": 14.789999961853027,
                    "65": 14.789999961853027,
                    "66": 14.789999961853027,
                    "67": 14.520000457763672,
                    "68": 14.520000457763672,
                    "69": 14.520000457763672,
                    "70": 14.520000457763672,
                    "71": 14.59000015258789,
                    "72": 14.59000015258789,
                    "73": 14.59000015258789,
                    "74": 14.75,
                    "75": 14.75,
                    "76": 14.75,
                    "77": 14.979999542236328,
                    "78": 14.979999542236328,
                    "79": 14.979999542236328,
                    "80": 14.979999542236328,
                    "81": 14.979999542236328,
                    "82": 15.069999694824219,
                    "83": 15.069999694824219,
                    "84": 15.069999694824219,
                    "85": 15.069999694824219,
                    "86": 14.8100004196167,
                    "87": 14.8100004196167,
                    "88": 14.8100004196167,
                    "89": 14.8100004196167,
                    "90": 14.8100004196167,
                    "91": 14.8100004196167,
                    "92": 14.8100004196167,
                    "93": 14.539999961853027,
                    "94": 14.539999961853027,
                    "95": 14.539999961853027,
                    "96": 14.640000343322754,
                    "97": 14.640000343322754,
                    "98": 14.640000343322754,
                    "99": 14.699999809265137,
                    "100": 14.699999809265137,
                    "101": 14.699999809265137,
                    "102": 14.699999809265137,
                    "103": 14.699999809265137,
                    "104": 14.699999809265137,
                    "105": 14.369999885559082,
                    "106": 14.369999885559082,
                    "107": 14.369999885559082,
                    "108": 14.569999694824219,
                    "109": 14.569999694824219,
                    "110": 14.569999694824219,
                    "111": 14.569999694824219,
                    "112": 14.569999694824219,
                    "113": 14.829999923706055,
                    "114": 14.829999923706055,
                    "115": 14.829999923706055,
                    "116": 15.050000190734863,
                    "117": 15.050000190734863,
                    "118": 15.050000190734863,
                    "119": 15.260000228881836,
                    "120": 13.25
                }
            },
            {
                "summaryType": "stress",
                "minValue": 17.0,
                "maxValue": 27.0,
                "avgValue": 22.0,
                "epochSummaries": {
                    "0": 18.0,
                    "1": 18.0,
                    "2": 18.0,
                    "3": 17.0,
                    "4": 17.0,
                    "5": 17.0,
                    "6": 17.0,
                    "7": 17.0,
                    "8": 18.0,
                    "9": 18.0,
                    "10": 18.0,
                    "11": 18.0,
                    "12": 18.0,
                    "13": 21.0,
                    "14": 21.0,
                    "15": 21.0,
                    "16": 21.0,
                    "17": 21.0,
                    "18": 23.0,
                    "19": 23.0,
                    "20": 23.0,
                    "21": 23.0,
                    "22": 23.0,
                    "23": 24.0,
                    "24": 24.0,
                    "25": 24.0,
                    "26": 24.0,
                    "27": 24.0,
                    "28": 27.0,
                    "29": 27.0,
                    "30": 27.0,
                    "31": 27.0,
                    "32": 27.0,
                    "33": 27.0,
                    "34": 27.0,
                    "35": 27.0,
                    "36": 27.0,
                    "37": 27.0,
                    "38": 24.0,
                    "39": 24.0,
                    "40": 24.0,
                    "41": 24.0,
                    "42": 24.0,
                    "43": 24.0,
                    "44": 24.0,
                    "45": 24.0,
                    "46": 24.0,
                    "47": 24.0,
                    "48": 23.0,
                    "49": 23.0,
                    "50": 23.0,
                    "51": 23.0,
                    "52": 23.0,
                    "53": 23.0,
                    "54": 23.0,
                    "55": 23.0,
                    "56": 23.0,
                    "57": 23.0,
                    "58": 22.0,
                    "59": 22.0,
                    "60": 22.0,
                    "61": 22.0,
                    "62": 22.0,
                    "63": 24.0,
                    "64": 24.0,
                    "65": 24.0,
                    "66": 24.0,
                    "67": 24.0,
                    "68": 26.0,
                    "69": 26.0,
                    "70": 26.0,
                    "71": 26.0,
                    "72": 26.0,
                    "73": 25.0,
                    "74": 25.0,
                    "75": 25.0,
                    "76": 25.0,
                    "77": 25.0,
                    "78": 24.0,
                    "79": 24.0,
                    "80": 24.0,
                    "81": 24.0,
                    "82": 24.0,
                    "83": 23.0,
                    "84": 23.0,
                    "85": 23.0,
                    "86": 23.0,
                    "87": 23.0,
                    "88": 22.0,
                    "89": 22.0,
                    "90": 22.0,
                    "91": 22.0,
                    "92": 22.0,
                    "93": 21.0,
                    "94": 21.0,
                    "95": 21.0,
                    "96": 21.0,
                    "97": 21.0,
                    "98": 20.0,
                    "99": 20.0,
                    "100": 20.0,
                    "101": 20.0,
                    "102": 20.0,
                    "103": 20.0,
                    "104": 20.0,
                    "105": 20.0,
                    "106": 20.0,
                    "107": 20.0,
                    "108": 20.0,
                    "109": 20.0,
                    "110": 20.0,
                    "111": 20.0,
                    "112": 20.0,
                    "113": 19.0,
                    "114": 19.0,
                    "115": 19.0,
                    "116": 19.0,
                    "117": 19.0,
                    "118": 18.0,
                    "119": 18.0,
                    "120": 18.0
                }
            },
            {
                "summaryType": "rmssd_hrv",
                "avgValue": 74.0
            },
            {
                "summaryType": "sdrr_hrv",
                "avgValue": 132.0
            }
        ]
    }
]