[
    {
        "userId": "49d85c6a-b8f8-4787-95fa-f145553e59a9",
        "userAccessToken": "7b64f2c3-1572-407f-ac1a-ea3ef127ff2c",
        "summaryId": "x45dba26-670564e5eb3ab91a-1753-431c-b01c-1a97fe6cfd4878",
        "calendarDate": "2024-10-08",
        "startTimeInSeconds": 1728406757,
        "durationInSeconds": 120,
        "startTimeOffsetInSeconds": 7254,
        "summaries": [
            {
                "summaryType": "heart_rate",
                "minValue": 83.0,
                "maxValue": 106.0,
                "avgValue": 98.0,
                "epochSummaries": {
                    "0": 98.0,
                    "1": 100.0,
                    "2": 100.0,
                    "3": 99.0,
                    "4": 96.0,
                    "5": 94.0,
                    "6": 93.0,
                    "7": 92.0,
                    "8": 87.0,
                    "9": 86.0,
                    "10": 86.0,
                    "11": 90.0,
                    "12": 93.0,
                    "13": 93.0,
                    "14": 93.0,
                    "15": 92.0,
                    "16": 91.0,
                    "17": 92.0,
                    "18": 92.0,
                    "19": 92.0,
                    "20": 89.0,
                    "21": 86.0,
                    "22": 86.0,
                    "23": 90.0,
                    "24": 91.0,
                    "25": 92.0,
                    "26": 96.0,
                    "27": 98.0,
                    "28": 98.0,
                    "29": 99.0,
                    "30": 99.0,
                    "31": 98.0,
                    "32": 97.0,
                    "33": 97.0,
                    "34": 99.0,
                    "35": 100.0,
                    "36": 101.0,
                    "37": 103.0,
                    "38": 104.0,
                    "39": 105.0,
                    "40": 102.0,
                    "41": 101.0,
                    "42": 101.0,
                    "43": 101.0,
                    "44": 100.0,
                    "45": 101.0,
                    "46": 102.0,
                    "47": 102.0,
                    "48": 103.0,
                    "49": 104.0,
                    "50": 104.0,
                    "51": 102.0,
                    "52": 100.0,
                    "53": 99.0,
                    "54": 98.0,
                    "55": 97.0,
                    "56": 98.0,
                    "57": 98.0,
                    "58": 102.0,
                    "59": 102.0,
                    "60": 101.0,
                    "61": 100.0,
                    "62": 100.0,
                    "63": 100.0,
                    "64": 102.0,
                    "65": 103.0,
                    "66": 104.0,
                    "67": 103.0,
                    "68": 103.0,
                    "69": 103.0,
                    "70": 102.0,
                    "71": 102.0,
                    "72": 103.0,
                    "73": 103.0,
                    "74": 104.0,
                    "75": 105.0,
                    "76": 105.0,
                    "77": 106.0,
                    "78": 106.0,
                    "79": 106.0,
                    "80": 106.0,
                    "81": 106.0,
                    "82": 102.0,
                    "83": 101.0,
                    "84": 101.0,
                    "85": 101.0,
                    "86": 98.0,
                    "87": 98.0,
                    "88": 98.0,
                    "89": 97.0,
                    "90": 95.0,
                    "91": 95.0,
                    "92": 94.0,
                    "93": 93.0,
                    "94": 93.0,
                    "95": 96.0,
                    "96": 96.0,
                    "97": 95.0,
                    "98": 95.0,
                    "99": 99.0,
                    "100": 102.0,
                    "101": 103.0,
                    "102": 105.0,
                    "103": 106.0,
                    "104": 104.0,
                    "105": 104.0,
                    "106": 104.0,
                    "107": 104.0,
                    "108": 104.0,
                    "109": 104.0,
                    "110": 104.0,
                    "111": 104.0,
                    "112": 104.0,
                    "113": 99.0,
                    "114": 97.0,
                    "115": 96.0,
                    "116": 96.0,
                    "117": 90.0,
                    "118": 89.0,
                    "119": 88.0,
                    "120": 83.0
                }
            },
            {
                "summaryType": "respiration",
                "minValue": 11.420000076293945,
                "maxValue": 15.34000015258789,
                "avgValue": 12.0,
                "epochSummaries": {
                    "0": 14.720000267028809,
                    "1": 14.720000267028809,
                    "2": 14.720000267028809,
                    "3": 14.720000267028809,
                    "4": 14.720000267028809,
                    "5": 14.720000267028809,
                    "6": 14.720000267028809,
                    "7": 14.720000267028809,
                    "8": 14.720000267028809,
                    "9": 14.489999771118164,
                    "10": 14.489999771118164,
                    "11": 14.489999771118164,
                    "12": 14.489999771118164,
                    "13": 14.489999771118164,
                    "14": 14.489999771118164,
                    "15": 14.489999771118164,
                    "16": 14.489999771118164,
                    "17": 14.489999771118164,
                    "18": 14.489999771118164,
                    "19": 14.489999771118164,
                    "20": 14.489999771118164,
                    "21": 14.489999771118164,
                    "22": 14.029999732971191,
                    "23": 14.029999732971191,
                    "24": 14.029999732971191,
                    "25": 14.029999732971191,
                    "26": 14.029999732971191,
                    "27": 14.029999732971191,
                    "28": 14.029999732971191,
                    "29": 14.029999732971191,
                    "30": 14.279999732971191,
                    "31": 14.279999732971191,
                    "32": 14.279999732971191,
                    "33": 14.279999732971191,
                    "34": 14.279999732971191,
                    "35": 14.399999618530273,
                    "36": 14.399999618530273,
                    "37": 14.399999618530273,
                    "38": 14.4399995803833,
                    "39": 14.4399995803833,
                    "40": 14.4399995803833,
                    "41": 14.229999542236328,
                    "42": 14.229999542236328,
                    "43": 14.229999542236328,
                    "44": 14.229999542236328,
                    "45": 14.229999542236328,
                    "46": 14.229999542236328,
                    "47": 14.229999542236328,
                    "48": 14.229999542236328,
                    "49": 14.460000038146973,
                    "50": 14.460000038146973,
                    "51": 14.460000038146973,
                    "52": 14.460000038146973,
                    "53": 14.550000190734863,
                    "54": 14.550000190734863,
                    "55": 14.550000190734863,
                    "56": 14.550000190734863,
                    "57": 14.539999961853027,
                    "58": 14.539999961853027,
                    "59": 14.539999961853027,
                    "60": 14.539999961853027,
                    "61": 14.539999961853027,
                    "62": 14.539999961853027,
                    "63": 14.539999961853027,
                    "64": 14.539999961853027,
                    "65": 14.539999961853027,
                    "66": 14.199999809265137,
                    "67": 14.199999809265137,
                    "68": 14.199999809265137,
                    "69": 14.319999694824219,
                    "70": 14.319999694824219,
                    "71": 14.319999694824219,
                    "72": 14.319999694824219,
                    "73": 14.449999809265137,
                    "74": 14.449999809265137,
                    "75": 14.710000038146973,
                    "76": 14.710000038146973,
                    "77": 14.710000038146973,
                    "78": 14.710000038146973,
                    "79": 14.800000190734863,
                    "80": 14.800000190734863,
                    "81": 14.800000190734863,
                    "82": 14.859999656677246,
                    "83": 14.859999656677246,
                    "84": 14.859999656677246,
                    "85": 14.859999656677246,
                    "86": 15.0,
                    "87": 15.0,
                    "88": 15.0,
                    "89": 15.0,
                    "90": 15.109999656677246,
                    "91": 15.109999656677246,
                    "92": 15.109999656677246,
                    "93": 15.229999542236328,
                    "94": 15.229999542236328,
                    "95": 15.229999542236328,
                    "96": 15.229999542236328,
                    "97": 15.229999542236328,
                    "98": 15.34000015258789,
                    "99": 15.34000015258789,
                    "100": 15.34000015258789,
                    "101": 15.34000015258789,
                    "102": 15.34000015258789,
                    "103": 15.050000190734863,
                    "104": 15.050000190734863,
                    "105": 15.050000190734863,
                    "106": 15.050000190734863,
                    "107": 15.050000190734863,
                    "108": 15.029999732971191,
                    "109": 15.029999732971191,
                    "110": 15.029999732971191,
                    "111": 15.029999732971191,
                    "112": 15.029999732971191,
                    "113": 14.760000228881836,
                    "114": 14.760000228881836,
                    "115": 14.760000228881836,
                    "116": 14.930000305175781,
                    "117": 14.930000305175781,
                    "118": 14.930000305175781,
                    "119": 15.1899995803833,
                    "120": 11.420000076293945
                }
            },
            {
                "summaryType": "stress",
                "minValue": 86.0,
                "maxValue": 94.0,
                "avgValue": 47.0,
                "epochSummaries": {
                    "0": 92.0,
                    "1": 92.0,
                    "2": 92.0,
                    "3": 91.0,
                    "4": 91.0,
                    "5": 91.0,
                    "6": 91.0,
                    "7": 91.0,
                    "8": 91.0,
                    "9": 91.0,
                    "10": 91.0,
                    "11": 91.0,
                    "12": 91.0,
                    "13": 90.0,
                    "14": 90.0,
                    "15": 90.0,
                    "16": 90.0,
                    "17": 90.0,
                    "18": 89.0,
                    "19": 89.0,
                    "20": 89.0,
                    "21": 89.0,
                    "22": 89.0,
                    "23": 87.0,
                    "24": 87.0,
                    "25": 87.0,
                    "26": 87.0,
                    "27": 87.0,
                    "28": 86.0,
                    "29": 86.0,
                    "30": 86.0,
                    "31": 86.0,
                    "32": 86.0,
                    "33": 86.0,
                    "34": 86.0,
                    "35": 86.0,
                    "36": 86.0,
                    "37": 86.0,
                    "38": 87.0,
                    "39": 87.0,
                    "40": 87.0,
                    "41": 87.0,
                    "42": 87.0,
                    "43": 88.0,
                    "44": 88.0,
                    "45": 88.0,
                    "46": 88.0,
                    "47": 88.0,
                    "48": 89.0,
                    "49": 89.0,
                    "50": 89.0,
                    "51": 89.0,
                    "52": 89.0,
                    "53": 91.0,
                    "54": 91.0,
                    "55": 91.0,
                    "56": 91.0,
                    "57": 91.0,
                    "58": 92.0,
                    "59": 92.0,
                    "60": 92.0,
                    "61": 92.0,
                    "62": 92.0,
                    "63": 93.0,
                    "64": 93.0,
                    "65": 93.0,
                    "66": 93.0,
                    "67": 93.0,
                    "68": 93.0,
                    "69": 93.0,
                    "70": 93.0,
                    "71": 93.0,
                    "72": 93.0,
                    "73": 93.0,
                    "74": 93.0,
                    "75": 93.0,
                    "76": 93.0,
                    "77": 93.0,
                    "78": 93.0,
                    "79": 93.0,
                    "80": 93.0,
                    "81": 93.0,
                    "82": 93.0,
                    "83": 93.0,
                    "84": 93.0,
                    "85": 93.0,
                    "86": 93.0,
                    "87": 93.0,
                    "88": 94.0,
                    "89": 94.0,
                    "90": 94.0,
                    "91": 94.0,
                    "92": 94.0,
                    "93": 93.0,
                    "94": 93.0,
                    "95": 93.0,
                    "96": 93.0,
                    "97": 93.0,
                    "98": 93.0,
                    "99": 93.0,
                    "100": 93.0,
                    "101": 93.0,
                    "102": 93.0,
                    "103": 92.0,
                    "104": 92.0,
                    "105": 92.0,
                    "106": 92.0,
                    "107": 92.0,
                    "108": 92.0,
                    "109": 92.0,
                    "110": 92.0,
                    "111": 92.0,
                    "112": 92.0,
                    "113": 91.0,
                    "114": 91.0,
                    "115": 91.0,
                    "116": 91.0,
                    "117": 91.0,
                    "118": 90.0,
                    "119": 90.0,
                    "120": 90.0
                }
            },
            {
                "summaryType": "spo2",
                "minValue": 98.0,
                "maxValue": 98.0,
                "avgValue": 98.0,
                "epochSummaries": {
                    "0": 98.0,
                    "1": 98.0,
                    "2": 98.0,
                    "3": 98.0,
                    "4": 98.0,
                    "5": 98.0,
                    "6": 98.0,
                    "7": 98.0,
                    "8": 98.0,
                    "9": 98.0,
                    "10": 98.0,
                    "11": 98.0,
                    "12": 98.0,
                    "13": 98.0,
                    "14": 98.0,
                    "15": 98.0,
                    "16": 98.0,
                    "17": 98.0,
                    "18": 98.0,
                    "19": 98.0,
                    "20": 98.0,
                    "21": 98.0,
                    "22": 98.0,
                    "23": 98.0,
                    "24": 98.0,
                    "25": 98.0,
                    "26": 98.0,
                    "27": 98.0,
                    "28": 98.0,
                    "29": 98.0,
                    "30": 98.0,
                    "31": 98.0,
                    "32": 98.0,
                    "33": 98.0,
                    "34": 98.0,
                    "35": 98.0,
                    "36": 98.0,
                    "37": 98.0,
                    "38": 98.0,
                    "39": 98.0,
                    "40": 98.0,
                    "41": 98.0,
                    "42": 98.0,
                    "43": 98.0,
                    "44": 98.0,
                    "45": 98.0,
                    "46": 98.0,
                    "47": 98.0,
                    "48": 98.0,
                    "49": 98.0,
                    "50": 98.0,
                    "51": 98.0,
                    "52": 98.0,
                    "53": 98.0,
                    "54": 98.0,
                    "55": 98.0,
                    "56": 98.0,
                    "57": 98.0,
                    "58": 98.0,
                    "59": 98.0,
                    "60": 98.0,
                    "61": 98.0,
                    "62": 98.0,
                    "63": 98.0,
                    "64": 98.0,
                    "65": 98.0,
                    "66": 98.0,
                    "67": 98.0,
                    "68": 98.0,
                    "69": 98.0,
                    "70": 98.0,
                    "71": 98.0,
                    "72": 98.0,
                    "73": 98.0,
                    "74": 98.0,
                    "75": 98.0,
                    "76": 98.0,
                    "77": 98.0,
                    "78": 98.0,
                    "79": 98.0,
                    "80": 98.0,
                    "81": 98.0,
                    "82": 98.0,
                    "83": 98.0,
                    "84": 98.0,
                    "85": 98.0,
                    "86": 98.0,
                    "87": 98.0,
                    "88": 98.0,
                    "89": 98.0,
                    "90": 98.0,
                    "91": 98.0,
                    "92": 98.0,
                    "93": 98.0,
                    "94": 98.0,
                    "95": 98.0,
                    "96": 98.0,
                    "97": 98.0,
                    "98": 98.0,
                    "99": 98.0,
                    "100": 98.0,
                    "101": 98.0,
                    "102": 98.0,
                    "103": 98.0,
                    "104": 98.0,
                    "105": 98.0,
                    "106": 98.0,
                    "107": 98.0,
                    "108": 98.0,
                    "109": 98.0,
                    "110": 98.0,
                    "111": 98.0,
                    "112": 98.0,
                    "113": 98.0,
                    "114": 98.0,
                    "115": 98.0,
                    "116": 98.0,
                    "117": 98.0,
                    "118": 98.0,
                    "119": 98.0,
                    "120": 98.0
                }
            },
            {
                "summaryType": "rmssd_hrv",
                "avgValue": 84.0
            },
            {
                "summaryType": "sdrr_hrv",
                "avgValue": 157.0
            }
        ]
    }
]