[
    {
        "userId": "49d85c6a-b8f8-4787-95fa-f145553e59a9",
        "userAccessToken": "7b64f2c3-1572-407f-ac1a-ea3ef127ff2c",
        "summaryId": "x45dba26-6708294dd23ddde9-41a0-47dc-9909-1fc7706bd62478",
        "calendarDate": "2024-10-10",
        "startTimeInSeconds": 1728588109,
        "durationInSeconds": 120,
        "startTimeOffsetInSeconds": 7254,
        "summaries": [
            {
                "summaryType": "heart_rate",
                "minValue": 128.0,
                "maxValue": 156.0,
                "avgValue": 134.0,
                "epochSummaries": {
                    "0": 156.0,
                    "1": 155.0,
                    "2": 154.0,
                    "3": 154.0,
                    "5": 144.0,
                    "6": 144.0,
                    "7": 145.0,
                    "8": 145.0,
                    "9": 143.0,
                    "10": 143.0,
                    "11": 140.0,
                    "12": 140.0,
                    "13": 141.0,
                    "14": 140.0,
                    "15": 141.0,
                    "16": 141.0,
                    "17": 139.0,
                    "18": 139.0,
                    "19": 137.0,
                    "20": 137.0,
                    "21": 138.0,
                    "22": 137.0,
                    "23": 137.0,
                    "24": 137.0,
                    "25": 135.0,
                    "26": 135.0,
                    "27": 135.0,
                    "28": 132.0,
                    "29": 133.0,
                    "30": 133.0,
                    "31": 133.0,
                    "32": 134.0,
                    "33": 134.0,
                    "34": 135.0,
                    "35": 136.0,
                    "36": 135.0,
                    "37": 134.0,
                    "38": 135.0,
                    "39": 134.0,
                    "40": 135.0,
                    "41": 136.0,
                    "42": 135.0,
                    "43": 135.0,
                    "44": 135.0,
                    "45": 133.0,
                    "46": 133.0,
                    "47": 134.0,
                    "48": 135.0,
                    "49": 135.0,
                    "50": 135.0,
                    "51": 135.0,
                    "52": 135.0,
                    "53": 135.0,
                    "54": 136.0,
                    "55": 136.0,
                    "56": 134.0,
                    "57": 133.0,
                    "58": 134.0,
                    "59": 136.0,
                    "60": 134.0,
                    "61": 134.0,
                    "62": 134.0,
                    "63": 131.0,
                    "64": 130.0,
                    "65": 131.0,
                    "66": 132.0,
                    "67": 133.0,
                    "68": 134.0,
                    "69": 132.0,
                    "70": 131.0,
                    "71": 131.0,
                    "72": 131.0,
                    "73": 131.0,
                    "74": 131.0,
                    "75": 133.0,
                    "76": 132.0,
                    "77": 131.0,
                    "78": 130.0,
                    "79": 129.0,
                    "80": 129.0,
                    "81": 129.0,
                    "82": 129.0,
                    "83": 128.0,
                    "84": 128.0,
                    "85": 129.0,
                    "86": 130.0,
                    "87": 130.0,
                    "88": 133.0,
                    "89": 133.0,
                    "90": 133.0,
                    "91": 132.0,
                    "92": 130.0,
                    "93": 130.0,
                    "94": 131.0,
                    "95": 132.0,
                    "96": 133.0,
                    "97": 133.0,
                    "98": 133.0,
                    "99": 132.0,
                    "100": 131.0,
                    "101": 131.0,
                    "102": 130.0,
                    "103": 129.0,
                    "104": 131.0,
                    "105": 133.0,
                    "106": 132.0,
                    "107": 131.0,
                    "108": 131.0,
                    "109": 130.0,
                    "110": 128.0,
                    "111": 128.0,
                    "112": 128.0,
                    "113": 128.0,
                    "114": 129.0,
                    "115": 130.0,
                    "116": 130.0,
                    "117": 129.0,
                    "118": 130.0,
                    "119": 130.0,
                    "120": 129.0
                }
            },
            {
                "summaryType": "respiration",
                "minValue": 14.970000267028809,
                "maxValue": 16.020000457763672,
                "avgValue": 15.09000015258789,
                "epochSummaries": {
                    "0": 14.970000267028809,
                    "1": 14.970000267028809,
                    "2": 14.970000267028809,
                    "3": 15.09000015258789,
                    "5": 15.09000015258789,
                    "6": 15.09000015258789,
                    "7": 15.09000015258789,
                    "8": 15.09000015258789,
                    "9": 15.09000015258789,
                    "10": 15.09000015258789,
                    "11": 15.09000015258789,
                    "12": 15.09000015258789,
                    "13": 15.09000015258789,
                    "14": 15.09000015258789,
                    "15": 15.09000015258789,
                    "16": 15.09000015258789,
                    "17": 15.09000015258789,
                    "18": 15.09000015258789,
                    "19": 15.09000015258789,
                    "20": 15.09000015258789,
                    "21": 15.09000015258789,
                    "22": 15.09000015258789,
                    "23": 15.09000015258789,
                    "24": 15.09000015258789,
                    "25": 15.09000015258789,
                    "26": 15.09000015258789,
                    "27": 15.09000015258789,
                    "28": 15.09000015258789,
                    "29": 15.09000015258789,
                    "30": 15.09000015258789,
                    "31": 15.09000015258789,
                    "32": 15.09000015258789,
                    "33": 15.09000015258789,
                    "34": 15.09000015258789,
                    "35": 15.09000015258789,
                    "36": 15.09000015258789,
                    "37": 15.09000015258789,
                    "38": 15.09000015258789,
                    "39": 15.09000015258789,
                    "40": 15.09000015258789,
                    "41": 15.09000015258789,
                    "42": 15.09000015258789,
                    "43": 15.09000015258789,
                    "44": 15.09000015258789,
                    "45": 15.09000015258789,
                    "46": 15.09000015258789,
                    "47": 15.09000015258789,
                    "48": 15.09000015258789,
                    "49": 15.09000015258789,
                    "50": 15.09000015258789,
                    "51": 15.09000015258789,
                    "52": 15.09000015258789,
                    "53": 15.09000015258789,
                    "54": 15.09000015258789,
                    "55": 15.09000015258789,
                    "56": 15.09000015258789,
                    "57": 15.09000015258789,
                    "58": 15.09000015258789,
                    "59": 15.09000015258789,
                    "60": 15.09000015258789,
                    "61": 15.09000015258789,
                    "62": 15.09000015258789,
                    "63": 15.09000015258789,
                    "64": 15.09000015258789,
                    "65": 15.09000015258789,
                    "66": 15.09000015258789,
                    "67": 15.09000015258789,
                    "68": 15.09000015258789,
                    "69": 15.09000015258789,
                    "70": 15.09000015258789,
                    "71": 15.09000015258789,
                    "72": 15.09000015258789,
                    "73": 15.09000015258789,
                    "74": 15.09000015258789,
                    "75": 15.09000015258789,
                    "76": 15.09000015258789,
                    "77": 15.09000015258789,
                    "78": 15.09000015258789,
                    "79": 15.09000015258789,
                    "80": 15.09000015258789,
                    "81": 15.09000015258789,
                    "82": 15.09000015258789,
                    "83": 15.09000015258789,
                    "84": 15.09000015258789,
                    "85": 15.09000015258789,
                    "86": 15.09000015258789,
                    "87": 15.09000015258789,
                    "88": 15.09000015258789,
                    "89": 15.09000015258789,
                    "90": 15.09000015258789,
                    "91": 15.09000015258789,
                    "92": 15.09000015258789,
                    "93": 15.09000015258789,
                    "94": 15.09000015258789,
                    "95": 15.09000015258789,
                    "96": 15.09000015258789,
                    "97": 15.09000015258789,
                    "98": 15.09000015258789,
                    "99": 15.09000015258789,
                    "100": 15.09000015258789,
                    "101": 15.09000015258789,
                    "102": 15.09000015258789,
                    "103": 15.09000015258789,
                    "104": 15.09000015258789,
                    "105": 15.09000015258789,
                    "106": 15.09000015258789,
                    "107": 15.09000015258789,
                    "108": 15.09000015258789,
                    "109": 15.09000015258789,
                    "110": 15.09000015258789,
                    "111": 15.09000015258789,
                    "112": 15.09000015258789,
                    "113": 15.09000015258789,
                    "114": 15.09000015258789,
                    "115": 15.09000015258789,
                    "116": 15.09000015258789,
                    "117": 15.09000015258789,
                    "118": 15.09000015258789,
                    "119": 15.09000015258789,
                    "120": 16.020000457763672
                }
            },
            {
                "summaryType": "stress",
                "minValue": 99.0,
                "maxValue": 100.0,
                "avgValue": 100.0,
                "epochSummaries": {
                    "7": 100.0,
                    "8": 100.0,
                    "9": 100.0,
                    "10": 100.0,
                    "11": 100.0,
                    "12": 99.0,
                    "13": 99.0,
                    "14": 99.0,
                    "15": 99.0,
                    "16": 99.0,
                    "17": 99.0,
                    "18": 99.0,
                    "19": 99.0,
                    "20": 99.0,
                    "21": 99.0,
                    "22": 99.0,
                    "23": 99.0,
                    "24": 99.0,
                    "25": 99.0,
                    "26": 99.0,
                    "27": 99.0,
                    "28": 99.0,
                    "29": 99.0,
                    "30": 99.0,
                    "31": 99.0,
                    "32": 99.0,
                    "33": 99.0,
                    "34": 99.0,
                    "35": 99.0,
                    "36": 99.0,
                    "37": 99.0,
                    "38": 99.0,
                    "39": 99.0,
                    "40": 99.0,
                    "41": 99.0,
                    "42": 99.0,
                    "43": 99.0,
                    "44": 99.0,
                    "45": 99.0,
                    "46": 99.0,
                    "47": 100.0,
                    "48": 100.0,
                    "49": 100.0,
                    "50": 100.0,
                    "51": 100.0,
                    "52": 100.0,
                    "53": 100.0,
                    "54": 100.0,
                    "55": 100.0,
                    "56": 100.0,
                    "57": 100.0,
                    "58": 100.0,
                    "59": 100.0,
                    "60": 100.0,
                    "61": 100.0,
                    "62": 100.0,
                    "63": 100.0,
                    "64": 100.0,
                    "65": 100.0,
                    "66": 100.0,
                    "67": 100.0,
                    "68": 100.0,
                    "69": 100.0,
                    "70": 100.0,
                    "71": 100.0,
                    "72": 100.0,
                    "73": 100.0,
                    "74": 100.0,
                    "75": 100.0,
                    "76": 100.0,
                    "77": 100.0,
                    "78": 100.0,
                    "79": 100.0,
                    "80": 100.0,
                    "81": 100.0,
                    "82": 100.0,
                    "83": 100.0,
                    "84": 100.0,
                    "85": 100.0,
                    "86": 100.0,
                    "87": 100.0,
                    "88": 100.0,
                    "89": 100.0,
                    "90": 100.0,
                    "91": 100.0,
                    "92": 100.0,
                    "93": 100.0,
                    "94": 100.0,
                    "95": 100.0,
                    "96": 100.0,
                    "97": 100.0,
                    "98": 100.0,
                    "99": 100.0,
                    "100": 100.0,
                    "101": 100.0,
                    "102": 100.0,
                    "103": 100.0,
                    "104": 100.0,
                    "105": 100.0,
                    "106": 100.0,
                    "107": 100.0,
                    "108": 100.0,
                    "109": 100.0,
                    "110": 100.0,
                    "111": 100.0,
                    "112": 100.0,
                    "113": 100.0,
                    "114": 100.0,
                    "115": 100.0,
                    "116": 100.0,
                    "117": 100.0,
                    "118": 100.0,
                    "119": 100.0,
                    "120": 100.0
                }
            },
            {
                "summaryType": "spo2",
                "minValue": 96.0,
                "maxValue": 96.0,
                "avgValue": 96.0,
                "epochSummaries": {
                    "9": 96.0,
                    "10": 96.0,
                    "11": 96.0,
                    "12": 96.0,
                    "13": 96.0,
                    "14": 96.0,
                    "15": 96.0,
                    "16": 96.0,
                    "17": 96.0,
                    "18": 96.0,
                    "19": 96.0,
                    "20": 96.0,
                    "21": 96.0,
                    "22": 96.0,
                    "23": 96.0,
                    "24": 96.0,
                    "25": 96.0,
                    "26": 96.0,
                    "27": 96.0,
                    "28": 96.0,
                    "29": 96.0,
                    "30": 96.0,
                    "31": 96.0,
                    "32": 96.0,
                    "33": 96.0,
                    "34": 96.0,
                    "35": 96.0,
                    "36": 96.0,
                    "37": 96.0,
                    "38": 96.0,
                    "39": 96.0,
                    "40": 96.0,
                    "41": 96.0,
                    "42": 96.0,
                    "43": 96.0,
                    "44": 96.0,
                    "45": 96.0,
                    "46": 96.0,
                    "47": 96.0,
                    "48": 96.0,
                    "49": 96.0,
                    "50": 96.0,
                    "51": 96.0,
                    "52": 96.0,
                    "53": 96.0,
                    "54": 96.0,
                    "55": 96.0,
                    "56": 96.0,
                    "57": 96.0,
                    "58": 96.0,
                    "59": 96.0,
                    "60": 96.0,
                    "61": 96.0,
                    "62": 96.0,
                    "63": 96.0,
                    "64": 96.0,
                    "65": 96.0,
                    "66": 96.0,
                    "67": 96.0,
                    "68": 96.0,
                    "69": 96.0,
                    "70": 96.0,
                    "71": 96.0,
                    "72": 96.0,
                    "73": 96.0,
                    "74": 96.0,
                    "75": 96.0,
                    "76": 96.0,
                    "77": 96.0,
                    "78": 96.0,
                    "79": 96.0,
                    "80": 96.0,
                    "81": 96.0,
                    "82": 96.0,
                    "83": 96.0,
                    "84": 96.0,
                    "85": 96.0,
                    "86": 96.0,
                    "87": 96.0,
                    "88": 96.0,
                    "89": 96.0,
                    "90": 96.0,
                    "91": 96.0,
                    "92": 96.0,
                    "93": 96.0,
                    "94": 96.0,
                    "95": 96.0,
                    "96": 96.0,
                    "97": 96.0,
                    "98": 96.0,
                    "99": 96.0,
                    "100": 96.0,
                    "101": 96.0,
                    "102": 96.0,
                    "103": 96.0,
                    "104": 96.0,
                    "105": 96.0,
                    "106": 96.0,
                    "107": 96.0,
                    "108": 96.0,
                    "109": 96.0,
                    "110": 96.0,
                    "111": 96.0,
                    "112": 96.0,
                    "113": 96.0,
                    "114": 96.0,
                    "115": 96.0,
                    "116": 96.0,
                    "117": 96.0,
                    "118": 96.0,
                    "119": 96.0,
                    "120": 96.0
                }
            },
            {
                "summaryType": "rmssd_hrv",
                "avgValue": 10.0
            },
            {
                "summaryType": "sdrr_hrv",
                "avgValue": 19.0
            }
        ]
    }
]