[
    {
        "userId": "49d85c6a-b8f8-4787-95fa-f145553e59a9",
        "userAccessToken": "7b64f2c3-1572-407f-ac1a-ea3ef127ff2c",
        "summaryId": "x45dba26-670ee5e0-684c-0",
        "calendarDate": "2024-10-16",
        "activityType": "GENERIC",
        "activeKilocalories": 519,
        "bmrKilocalories": 2355,
        "steps": 28,
        "distanceInMeters": 25.0,
        "durationInSeconds": 26700,
        "activeTimeInSeconds": 10,
        "startTimeInSeconds": 1729029600,
        "startTimeOffsetInSeconds": 7200,
        "moderateIntensityDurationInSeconds": 0,
        "vigorousIntensityDurationInSeconds": 0,
        "floorsClimbed": 0,
        "minHeartRateInBeatsPerMinute": 45,
        "maxHeartRateInBeatsPerMinute": 75,
        "averageHeartRateInBeatsPerMinute": 53,
        "restingHeartRateInBeatsPerMinute": 49,
        "timeOffsetHeartRateSamples": {
            "15": 57,
            "30": 57,
            "45": 57,
            "60": 57,
            "75": 57,
            "90": 57,
            "105": 57,
            "120": 57,
            "135": 55,
            "150": 55,
            "165": 55,
            "180": 55,
            "195": 57,
            "210": 57,
            "225": 57,
            "240": 57,
            "255": 56,
            "270": 56,
            "285": 56,
            "300": 56,
            "315": 55,
            "330": 55,
            "345": 55,
            "360": 55,
            "375": 55,
            "390": 55,
            "405": 55,
            "420": 55,
            "435": 54,
            "450": 54,
            "465": 54,
            "480": 54,
            "495": 55,
            "510": 55,
            "525": 55,
            "540": 55,
            "555": 54,
            "570": 54,
            "585": 54,
            "600": 54,
            "615": 55,
            "630": 55,
            "645": 55,
            "660": 55,
            "675": 55,
            "690": 55,
            "705": 55,
            "720": 55,
            "735": 54,
            "750": 54,
            "765": 54,
            "780": 54,
            "795": 55,
            "810": 55,
            "825": 55,
            "840": 55,
            "855": 56,
            "870": 56,
            "885": 56,
            "900": 56,
            "915": 56,
            "930": 56,
            "945": 56,
            "960": 56,
            "975": 55,
            "990": 55,
            "1005": 55,
            "1020": 55,
            "1035": 56,
            "1050": 56,
            "1065": 56,
            "1080": 56,
            "1095": 56,
            "1110": 56,
            "1125": 56,
            "1140": 56,
            "1155": 56,
            "1170": 56,
            "1185": 56,
            "1200": 56,
            "1215": 55,
            "1230": 55,
            "1245": 55,
            "1260": 55,
            "1275": 55,
            "1290": 55,
            "1305": 55,
            "1320": 55,
            "1335": 56,
            "1350": 56,
            "1365": 56,
            "1380": 56,
            "1395": 56,
            "1410": 56,
            "1425": 56,
            "1440": 56,
            "1455": 54,
            "1470": 54,
            "1485": 54,
            "1500": 54,
            "1515": 55,
            "1530": 55,
            "1545": 55,
            "1560": 55,
            "1575": 55,
            "1590": 55,
            "1605": 55,
            "1620": 55,
            "1635": 55,
            "1650": 55,
            "1665": 55,
            "1680": 55,
            "1695": 55,
            "1710": 55,
            "1725": 55,
            "1740": 55,
            "1755": 55,
            "1770": 55,
            "1785": 55,
            "1800": 55,
            "1815": 54,
            "1830": 54,
            "1845": 54,
            "1860": 54,
            "1875": 55,
            "1890": 55,
            "1905": 55,
            "1920": 55,
            "1935": 55,
            "1950": 55,
            "1965": 55,
            "1980": 55,
            "1995": 60,
            "2010": 60,
            "2025": 60,
            "2040": 60,
            "2055": 55,
            "2070": 55,
            "2085": 55,
            "2100": 55,
            "2115": 56,
            "2130": 56,
            "2145": 56,
            "2160": 56,
            "2175": 55,
            "2190": 55,
            "2205": 55,
            "2220": 55,
            "2235": 56,
            "2250": 56,
            "2265": 56,
            "2280": 56,
            "2295": 55,
            "2310": 55,
            "2325": 55,
            "2340": 55,
            "2355": 56,
            "2370": 56,
            "2385": 56,
            "2400": 56,
            "2415": 55,
            "2430": 55,
            "2445": 55,
            "2460": 55,
            "2475": 56,
            "2490": 56,
            "2505": 56,
            "2520": 56,
            "2535": 55,
            "2550": 55,
            "2565": 55,
            "2580": 55,
            "2595": 56,
            "2610": 56,
            "2625": 56,
            "2640": 56,
            "2655": 55,
            "2670": 55,
            "2685": 55,
            "2700": 55,
            "2715": 55,
            "2730": 55,
            "2745": 55,
            "2760": 55,
            "2775": 55,
            "2790": 55,
            "2805": 55,
            "2820": 55,
            "2835": 54,
            "2850": 54,
            "2865": 54,
            "2880": 54,
            "2895": 54,
            "2910": 54,
            "2925": 54,
            "2940": 54,
            "2955": 55,
            "2970": 55,
            "2985": 55,
            "3000": 55,
            "3015": 54,
            "3030": 54,
            "3045": 54,
            "3060": 54,
            "3075": 54,
            "3090": 54,
            "3105": 54,
            "3120": 54,
            "3135": 55,
            "3150": 55,
            "3165": 55,
            "3180": 55,
            "3195": 54,
            "3210": 54,
            "3225": 54,
            "3240": 54,
            "3255": 55,
            "3270": 55,
            "3285": 55,
            "3300": 55,
            "3315": 55,
            "3330": 55,
            "3345": 55,
            "3360": 55,
            "3375": 54,
            "3390": 54,
            "3405": 54,
            "3420": 54,
            "3435": 55,
            "3450": 55,
            "3465": 55,
            "3480": 55,
            "3495": 54,
            "3510": 54,
            "3525": 54,
            "3540": 54,
            "3555": 54,
            "3570": 54,
            "3585": 54,
            "3600": 54,
            "3615": 54,
            "3630": 54,
            "3645": 54,
            "3660": 54,
            "3675": 54,
            "3690": 54,
            "3705": 54,
            "3720": 54,
            "3735": 53,
            "3750": 53,
            "3765": 53,
            "3780": 53,
            "3795": 53,
            "3810": 53,
            "3825": 53,
            "3840": 53,
            "3855": 56,
            "3870": 56,
            "3885": 56,
            "3900": 56,
            "3915": 54,
            "3930": 54,
            "3945": 54,
            "3960": 54,
            "3975": 53,
            "3990": 53,
            "4005": 53,
            "4020": 53,
            "4035": 54,
            "4050": 54,
            "4065": 54,
            "4080": 54,
            "4095": 55,
            "4110": 55,
            "4125": 55,
            "4140": 55,
            "4155": 58,
            "4170": 58,
            "4185": 58,
            "4200": 58,
            "4215": 54,
            "4230": 54,
            "4245": 54,
            "4260": 54,
            "4275": 56,
            "4290": 56,
            "4305": 56,
            "4320": 56,
            "4335": 56,
            "4350": 56,
            "4365": 56,
            "4380": 56,
            "4395": 56,
            "4410": 56,
            "4425": 56,
            "4440": 56,
            "4455": 61,
            "4470": 61,
            "4485": 61,
            "4500": 61,
            "4515": 61,
            "4530": 61,
            "4545": 61,
            "4560": 61,
            "4575": 68,
            "4590": 68,
            "4605": 68,
            "4620": 68,
            "4635": 53,
            "4650": 53,
            "4665": 53,
            "4680": 53,
            "4695": 69,
            "4710": 69,
            "4725": 69,
            "4740": 69,
            "4755": 54,
            "4770": 54,
            "4785": 54,
            "4800": 54,
            "4815": 52,
            "4830": 52,
            "4845": 52,
            "4860": 52,
            "4875": 53,
            "4890": 53,
            "4905": 53,
            "4920": 53,
            "4935": 54,
            "4950": 54,
            "4965": 54,
            "4980": 54,
            "4995": 49,
            "5010": 49,
            "5025": 49,
            "5040": 49,
            "5055": 53,
            "5070": 53,
            "5085": 53,
            "5100": 53,
            "5115": 55,
            "5130": 55,
            "5145": 55,
            "5160": 55,
            "5175": 54,
            "5190": 54,
            "5205": 54,
            "5220": 54,
            "5235": 52,
            "5250": 52,
            "5265": 52,
            "5280": 52,
            "5295": 55,
            "5310": 55,
            "5325": 55,
            "5340": 55,
            "5355": 54,
            "5370": 54,
            "5385": 54,
            "5400": 54,
            "5415": 56,
            "5430": 56,
            "5445": 56,
            "5460": 56,
            "5475": 55,
            "5490": 55,
            "5505": 55,
            "5520": 55,
            "5535": 55,
            "5550": 55,
            "5565": 55,
            "5580": 55,
            "5595": 55,
            "5610": 55,
            "5625": 55,
            "5640": 55,
            "5655": 56,
            "5670": 56,
            "5685": 56,
            "5700": 56,
            "5715": 53,
            "5730": 53,
            "5745": 53,
            "5760": 53,
            "5775": 52,
            "5790": 52,
            "5805": 52,
            "5820": 52,
            "5835": 52,
            "5850": 52,
            "5865": 52,
            "5880": 52,
            "5895": 53,
            "5910": 53,
            "5925": 53,
            "5940": 53,
            "5955": 54,
            "5970": 54,
            "5985": 54,
            "6000": 54,
            "6015": 53,
            "6030": 53,
            "6045": 53,
            "6060": 53,
            "6075": 54,
            "6090": 54,
            "6105": 54,
            "6120": 54,
            "6135": 53,
            "6150": 53,
            "6165": 53,
            "6180": 53,
            "6195": 53,
            "6210": 53,
            "6225": 53,
            "6240": 53,
            "6255": 53,
            "6270": 53,
            "6285": 53,
            "6300": 53,
            "6315": 54,
            "6330": 54,
            "6345": 54,
            "6360": 54,
            "6375": 65,
            "6390": 65,
            "6405": 65,
            "6420": 65,
            "6435": 54,
            "6450": 54,
            "6465": 54,
            "6480": 54,
            "6495": 51,
            "6510": 51,
            "6525": 51,
            "6540": 51,
            "6555": 51,
            "6570": 51,
            "6585": 51,
            "6600": 51,
            "6615": 53,
            "6630": 53,
            "6645": 53,
            "6660": 53,
            "6675": 52,
            "6690": 52,
            "6705": 52,
            "6720": 52,
            "6735": 53,
            "6750": 53,
            "6765": 53,
            "6780": 53,
            "6795": 52,
            "6810": 52,
            "6825": 52,
            "6840": 52,
            "6855": 52,
            "6870": 52,
            "6885": 52,
            "6900": 52,
            "6915": 53,
            "6930": 53,
            "6945": 53,
            "6960": 53,
            "6975": 53,
            "6990": 53,
            "7005": 53,
            "7020": 53,
            "7035": 53,
            "7050": 53,
            "7065": 53,
            "7080": 53,
            "7095": 52,
            "7110": 52,
            "7125": 52,
            "7140": 52,
            "7155": 51,
            "7170": 51,
            "7185": 51,
            "7200": 51,
            "7215": 52,
            "7230": 52,
            "7245": 52,
            "7260": 52,
            "7275": 51,
            "7290": 51,
            "7305": 51,
            "7320": 51,
            "7335": 52,
            "7350": 52,
            "7365": 52,
            "7380": 52,
            "7395": 52,
            "7410": 52,
            "7425": 52,
            "7440": 52,
            "7455": 49,
            "7470": 49,
            "7485": 49,
            "7500": 49,
            "7515": 47,
            "7530": 47,
            "7545": 47,
            "7560": 47,
            "7575": 49,
            "7590": 49,
            "7605": 49,
            "7620": 49,
            "7635": 52,
            "7650": 52,
            "7665": 52,
            "7680": 52,
            "7695": 52,
            "7710": 52,
            "7725": 52,
            "7740": 52,
            "7755": 52,
            "7770": 52,
            "7785": 52,
            "7800": 52,
            "7815": 51,
            "7830": 51,
            "7845": 51,
            "7860": 51,
            "7875": 52,
            "7890": 52,
            "7905": 52,
            "7920": 52,
            "7935": 51,
            "7950": 51,
            "7965": 51,
            "7980": 51,
            "7995": 52,
            "8010": 52,
            "8025": 52,
            "8040": 52,
            "8055": 53,
            "8070": 53,
            "8085": 53,
            "8100": 53,
            "8115": 50,
            "8130": 50,
            "8145": 50,
            "8160": 50,
            "8175": 49,
            "8190": 49,
            "8205": 49,
            "8220": 49,
            "8235": 49,
            "8250": 49,
            "8265": 49,
            "8280": 49,
            "8295": 51,
            "8310": 51,
            "8325": 51,
            "8340": 51,
            "8355": 52,
            "8370": 52,
            "8385": 52,
            "8400": 52,
            "8415": 53,
            "8430": 53,
            "8445": 53,
            "8460": 53,
            "8475": 53,
            "8490": 53,
            "8505": 53,
            "8520": 53,
            "8535": 52,
            "8550": 52,
            "8565": 52,
            "8580": 52,
            "8595": 53,
            "8610": 53,
            "8625": 53,
            "8640": 53,
            "8655": 53,
            "8670": 53,
            "8685": 53,
            "8700": 53,
            "8715": 52,
            "8730": 52,
            "8745": 52,
            "8760": 52,
            "8775": 52,
            "8790": 52,
            "8805": 52,
            "8820": 52,
            "8835": 50,
            "8850": 50,
            "8865": 50,
            "8880": 50,
            "8895": 50,
            "8910": 50,
            "8925": 50,
            "8940": 50,
            "8955": 51,
            "8970": 51,
            "8985": 51,
            "9000": 51,
            "9015": 52,
            "9030": 52,
            "9045": 52,
            "9060": 52,
            "9075": 50,
            "9090": 50,
            "9105": 50,
            "9120": 50,
            "9135": 49,
            "9150": 49,
            "9165": 49,
            "9180": 49,
            "9195": 51,
            "9210": 51,
            "9225": 51,
            "9240": 51,
            "9255": 52,
            "9270": 52,
            "9285": 52,
            "9300": 52,
            "9315": 54,
            "9330": 54,
            "9345": 54,
            "9360": 54,
            "9375": 58,
            "9390": 58,
            "9405": 58,
            "9420": 58,
            "9435": 49,
            "9450": 49,
            "9465": 49,
            "9480": 49,
            "9495": 51,
            "9510": 51,
            "9525": 51,
            "9540": 51,
            "9555": 64,
            "9570": 64,
            "9585": 64,
            "9600": 64,
            "9615": 69,
            "9630": 69,
            "9645": 69,
            "9660": 69,
            "9675": 69,
            "9690": 69,
            "9705": 69,
            "9720": 69,
            "9735": 69,
            "9750": 69,
            "9765": 69,
            "9780": 69,
            "9795": 69,
            "9810": 69,
            "9825": 69,
            "9840": 69,
            "9855": 69,
            "9870": 69,
            "9885": 69,
            "9900": 69,
            "9915": 69,
            "9930": 69,
            "9945": 69,
            "9960": 69,
            "9975": 69,
            "9990": 69,
            "10005": 69,
            "10020": 69,
            "10035": 69,
            "10050": 69,
            "10065": 69,
            "10080": 69,
            "10095": 69,
            "10110": 69,
            "10125": 69,
            "10140": 69,
            "10155": 69,
            "10170": 69,
            "10185": 69,
            "10200": 69,
            "10215": 69,
            "10230": 69,
            "10245": 69,
            "10260": 69,
            "10275": 67,
            "10290": 67,
            "10305": 67,
            "10320": 67,
            "10335": 70,
            "10350": 70,
            "10365": 70,
            "10380": 70,
            "10395": 48,
            "10410": 48,
            "10425": 48,
            "10440": 48,
            "10455": 50,
            "10470": 50,
            "10485": 50,
            "10500": 50,
            "10515": 51,
            "10530": 51,
            "10545": 51,
            "10560": 51,
            "10575": 51,
            "10590": 51,
            "10605": 51,
            "10620": 51,
            "10635": 47,
            "10650": 47,
            "10665": 47,
            "10680": 47,
            "10695": 47,
            "10710": 47,
            "10725": 47,
            "10740": 47,
            "10755": 50,
            "10770": 50,
            "10785": 50,
            "10800": 50,
            "10815": 55,
            "10830": 55,
            "10845": 55,
            "10860": 55,
            "10875": 66,
            "10890": 66,
            "10905": 66,
            "10920": 66,
            "10935": 50,
            "10950": 50,
            "10965": 50,
            "10980": 50,
            "10995": 50,
            "11010": 50,
            "11025": 50,
            "11040": 50,
            "11055": 49,
            "11070": 49,
            "11085": 49,
            "11100": 49,
            "11115": 48,
            "11130": 48,
            "11145": 48,
            "11160": 48,
            "11175": 50,
            "11190": 50,
            "11205": 50,
            "11220": 50,
            "11235": 47,
            "11250": 47,
            "11265": 47,
            "11280": 47,
            "11295": 49,
            "11310": 49,
            "11325": 49,
            "11340": 49,
            "11355": 50,
            "11370": 50,
            "11385": 50,
            "11400": 50,
            "11415": 48,
            "11430": 48,
            "11445": 48,
            "11460": 48,
            "11475": 49,
            "11490": 49,
            "11505": 49,
            "11520": 49,
            "11535": 47,
            "11550": 47,
            "11565": 47,
            "11580": 47,
            "11595": 51,
            "11610": 51,
            "11625": 51,
            "11640": 51,
            "11655": 49,
            "11670": 49,
            "11685": 49,
            "11700": 49,
            "11715": 47,
            "11730": 47,
            "11745": 47,
            "11760": 47,
            "11775": 49,
            "11790": 49,
            "11805": 49,
            "11820": 49,
            "11835": 50,
            "11850": 50,
            "11865": 50,
            "11880": 50,
            "11895": 49,
            "11910": 49,
            "11925": 49,
            "11940": 49,
            "11955": 48,
            "11970": 48,
            "11985": 48,
            "12000": 48,
            "12015": 48,
            "12030": 48,
            "12045": 48,
            "12060": 48,
            "12075": 49,
            "12090": 49,
            "12105": 49,
            "12120": 49,
            "12135": 49,
            "12150": 49,
            "12165": 49,
            "12180": 49,
            "12195": 49,
            "12210": 49,
            "12225": 49,
            "12240": 49,
            "12255": 49,
            "12270": 49,
            "12285": 49,
            "12300": 49,
            "12315": 50,
            "12330": 50,
            "12345": 50,
            "12360": 50,
            "12375": 50,
            "12390": 50,
            "12405": 50,
            "12420": 50,
            "12435": 47,
            "12450": 47,
            "12465": 47,
            "12480": 47,
            "12495": 48,
            "12510": 48,
            "12525": 48,
            "12540": 48,
            "12555": 48,
            "12570": 48,
            "12585": 48,
            "12600": 48,
            "12615": 49,
            "12630": 49,
            "12645": 49,
            "12660": 49,
            "12675": 49,
            "12690": 49,
            "12705": 49,
            "12720": 49,
            "12735": 49,
            "12750": 49,
            "12765": 49,
            "12780": 49,
            "12795": 49,
            "12810": 49,
            "12825": 49,
            "12840": 49,
            "12855": 49,
            "12870": 49,
            "12885": 49,
            "12900": 49,
            "12915": 49,
            "12930": 49,
            "12945": 49,
            "12960": 49,
            "12975": 48,
            "12990": 48,
            "13005": 48,
            "13020": 48,
            "13035": 49,
            "13050": 49,
            "13065": 49,
            "13080": 49,
            "13095": 49,
            "13110": 49,
            "13125": 49,
            "13140": 49,
            "13155": 49,
            "13170": 49,
            "13185": 49,
            "13200": 49,
            "13215": 49,
            "13230": 49,
            "13245": 49,
            "13260": 49,
            "13275": 48,
            "13290": 48,
            "13305": 48,
            "13320": 48,
            "13335": 48,
            "13350": 48,
            "13365": 48,
            "13380": 48,
            "13395": 49,
            "13410": 49,
            "13425": 49,
            "13440": 49,
            "13455": 49,
            "13470": 49,
            "13485": 49,
            "13500": 49,
            "13515": 49,
            "13530": 49,
            "13545": 49,
            "13560": 49,
            "13575": 49,
            "13590": 49,
            "13605": 49,
            "13620": 49,
            "13635": 49,
            "13650": 49,
            "13665": 49,
            "13680": 49,
            "13695": 49,
            "13710": 49,
            "13725": 49,
            "13740": 49,
            "13755": 48,
            "13770": 48,
            "13785": 48,
            "13800": 48,
            "13815": 48,
            "13830": 48,
            "13845": 48,
            "13860": 48,
            "13875": 48,
            "13890": 48,
            "13905": 48,
            "13920": 48,
            "13935": 48,
            "13950": 48,
            "13965": 48,
            "13980": 48,
            "13995": 49,
            "14010": 49,
            "14025": 49,
            "14040": 49,
            "14055": 49,
            "14070": 49,
            "14085": 49,
            "14100": 49,
            "14115": 49,
            "14130": 49,
            "14145": 49,
            "14160": 49,
            "14175": 49,
            "14190": 49,
            "14205": 49,
            "14220": 49,
            "14235": 49,
            "14250": 49,
            "14265": 49,
            "14280": 49,
            "14295": 49,
            "14310": 49,
            "14325": 49,
            "14340": 49,
            "14355": 49,
            "14370": 49,
            "14385": 49,
            "14400": 49,
            "14415": 50,
            "14430": 50,
            "14445": 50,
            "14460": 50,
            "14475": 48,
            "14490": 48,
            "14505": 48,
            "14520": 48,
            "14535": 49,
            "14550": 49,
            "14565": 49,
            "14580": 49,
            "14595": 49,
            "14610": 49,
            "14625": 49,
            "14640": 49,
            "14655": 49,
            "14670": 49,
            "14685": 49,
            "14700": 49,
            "14715": 50,
            "14730": 50,
            "14745": 50,
            "14760": 50,
            "14775": 50,
            "14790": 50,
            "14805": 50,
            "14820": 50,
            "14835": 49,
            "14850": 49,
            "14865": 49,
            "14880": 49,
            "14895": 50,
            "14910": 50,
            "14925": 50,
            "14940": 50,
            "14955": 63,
            "14970": 63,
            "14985": 63,
            "15000": 63,
            "15015": 49,
            "15030": 49,
            "15045": 49,
            "15060": 49,
            "15075": 48,
            "15090": 48,
            "15105": 48,
            "15120": 48,
            "15135": 57,
            "15150": 57,
            "15165": 57,
            "15180": 57,
            "15195": 56,
            "15210": 56,
            "15225": 56,
            "15240": 56,
            "15255": 47,
            "15270": 47,
            "15285": 47,
            "15300": 47,
            "15315": 50,
            "15330": 50,
            "15345": 50,
            "15360": 50,
            "15375": 50,
            "15390": 50,
            "15405": 50,
            "15420": 50,
            "15435": 50,
            "15450": 50,
            "15465": 50,
            "15480": 50,
            "15495": 48,
            "15510": 48,
            "15525": 48,
            "15540": 48,
            "15555": 47,
            "15570": 47,
            "15585": 47,
            "15600": 47,
            "15615": 47,
            "15630": 47,
            "15645": 47,
            "15660": 47,
            "15675": 49,
            "15690": 49,
            "15705": 49,
            "15720": 49,
            "15735": 48,
            "15750": 48,
            "15765": 48,
            "15780": 48,
            "15795": 49,
            "15810": 49,
            "15825": 49,
            "15840": 49,
            "15855": 48,
            "15870": 48,
            "15885": 48,
            "15900": 48,
            "15915": 50,
            "15930": 50,
            "15945": 50,
            "15960": 50,
            "15975": 49,
            "15990": 49,
            "16005": 49,
            "16020": 49,
            "16035": 50,
            "16050": 50,
            "16065": 50,
            "16080": 50,
            "16095": 48,
            "16110": 48,
            "16125": 48,
            "16140": 48,
            "16155": 49,
            "16170": 49,
            "16185": 49,
            "16200": 49,
            "16215": 49,
            "16230": 49,
            "16245": 49,
            "16260": 49,
            "16275": 48,
            "16290": 48,
            "16305": 48,
            "16320": 48,
            "16335": 49,
            "16350": 49,
            "16365": 49,
            "16380": 49,
            "16395": 48,
            "16410": 48,
            "16425": 48,
            "16440": 48,
            "16455": 50,
            "16470": 50,
            "16485": 50,
            "16500": 50,
            "16515": 52,
            "16530": 52,
            "16545": 52,
            "16560": 52,
            "16575": 48,
            "16590": 48,
            "16605": 48,
            "16620": 48,
            "16635": 48,
            "16650": 48,
            "16665": 48,
            "16680": 48,
            "16695": 48,
            "16710": 48,
            "16725": 48,
            "16740": 48,
            "16755": 49,
            "16770": 49,
            "16785": 49,
            "16800": 49,
            "16815": 49,
            "16830": 49,
            "16845": 49,
            "16860": 49,
            "16875": 49,
            "16890": 49,
            "16905": 49,
            "16920": 49,
            "16935": 47,
            "16950": 47,
            "16965": 47,
            "16980": 47,
            "16995": 48,
            "17010": 48,
            "17025": 48,
            "17040": 48,
            "17055": 48,
            "17070": 48,
            "17085": 48,
            "17100": 48,
            "17115": 50,
            "17130": 50,
            "17145": 50,
            "17160": 50,
            "17175": 50,
            "17190": 50,
            "17205": 50,
            "17220": 50,
            "17235": 56,
            "17250": 56,
            "17265": 56,
            "17280": 56,
            "17295": 58,
            "17310": 58,
            "17325": 58,
            "17340": 58,
            "17355": 70,
            "17370": 70,
            "17385": 70,
            "17400": 70,
            "17415": 52,
            "17430": 52,
            "17445": 52,
            "17460": 52,
            "17475": 52,
            "17490": 52,
            "17505": 52,
            "17520": 52,
            "17535": 50,
            "17550": 50,
            "17565": 50,
            "17580": 50,
            "17595": 49,
            "17610": 49,
            "17625": 49,
            "17640": 49,
            "17655": 48,
            "17670": 48,
            "17685": 48,
            "17700": 48,
            "17715": 50,
            "17730": 50,
            "17745": 50,
            "17760": 50,
            "17775": 59,
            "17790": 59,
            "17805": 59,
            "17820": 59,
            "17835": 49,
            "17850": 49,
            "17865": 49,
            "17880": 49,
            "17895": 47,
            "17910": 47,
            "17925": 47,
            "17940": 47,
            "17955": 48,
            "17970": 48,
            "17985": 48,
            "18000": 48,
            "18015": 48,
            "18030": 48,
            "18045": 48,
            "18060": 48,
            "18075": 49,
            "18090": 49,
            "18105": 49,
            "18120": 49,
            "18135": 48,
            "18150": 48,
            "18165": 48,
            "18180": 48,
            "18195": 48,
            "18210": 48,
            "18225": 48,
            "18240": 48,
            "18255": 50,
            "18270": 50,
            "18285": 50,
            "18300": 50,
            "18315": 50,
            "18330": 50,
            "18345": 50,
            "18360": 50,
            "18375": 51,
            "18390": 51,
            "18405": 51,
            "18420": 51,
            "18435": 49,
            "18450": 49,
            "18465": 49,
            "18480": 49,
            "18495": 49,
            "18510": 49,
            "18525": 49,
            "18540": 49,
            "18555": 49,
            "18570": 49,
            "18585": 49,
            "18600": 49,
            "18615": 49,
            "18630": 49,
            "18645": 49,
            "18660": 49,
            "18675": 48,
            "18690": 48,
            "18705": 48,
            "18720": 48,
            "18735": 52,
            "18750": 52,
            "18765": 52,
            "18780": 52,
            "18795": 52,
            "18810": 52,
            "18825": 52,
            "18840": 52,
            "18855": 52,
            "18870": 52,
            "18885": 52,
            "18900": 52,
            "18915": 51,
            "18930": 51,
            "18945": 51,
            "18960": 51,
            "18975": 49,
            "18990": 49,
            "19005": 49,
            "19020": 49,
            "19035": 49,
            "19050": 49,
            "19065": 49,
            "19080": 49,
            "19095": 55,
            "19110": 55,
            "19125": 55,
            "19140": 55,
            "19155": 49,
            "19170": 49,
            "19185": 49,
            "19200": 49,
            "19215": 52,
            "19230": 52,
            "19245": 52,
            "19260": 52,
            "19275": 50,
            "19290": 50,
            "19305": 50,
            "19320": 50,
            "19335": 50,
            "19350": 50,
            "19365": 50,
            "19380": 50,
            "19395": 49,
            "19410": 49,
            "19425": 49,
            "19440": 49,
            "19455": 50,
            "19470": 50,
            "19485": 50,
            "19500": 50,
            "19515": 50,
            "19530": 50,
            "19545": 50,
            "19560": 50,
            "19575": 49,
            "19590": 49,
            "19605": 49,
            "19620": 49,
            "19635": 48,
            "19650": 48,
            "19665": 48,
            "19680": 48,
            "19695": 50,
            "19710": 50,
            "19725": 50,
            "19740": 50,
            "19755": 51,
            "19770": 51,
            "19785": 51,
            "19800": 51,
            "19815": 51,
            "19830": 51,
            "19845": 51,
            "19860": 51,
            "19875": 50,
            "19890": 50,
            "19905": 50,
            "19920": 50,
            "19935": 51,
            "19950": 51,
            "19965": 51,
            "19980": 51,
            "19995": 49,
            "20010": 49,
            "20025": 49,
            "20040": 49,
            "20055": 51,
            "20070": 51,
            "20085": 51,
            "20100": 51,
            "20115": 50,
            "20130": 50,
            "20145": 50,
            "20160": 50,
            "20175": 51,
            "20190": 51,
            "20205": 51,
            "20220": 51,
            "20235": 51,
            "20250": 51,
            "20265": 51,
            "20280": 51,
            "20295": 51,
            "20310": 51,
            "20325": 51,
            "20340": 51,
            "20355": 50,
            "20370": 50,
            "20385": 50,
            "20400": 50,
            "20415": 51,
            "20430": 51,
            "20445": 51,
            "20460": 51,
            "20475": 50,
            "20490": 50,
            "20505": 50,
            "20520": 50,
            "20535": 51,
            "20550": 51,
            "20565": 51,
            "20580": 51,
            "20595": 51,
            "20610": 51,
            "20625": 51,
            "20640": 51,
            "20655": 52,
            "20670": 52,
            "20685": 52,
            "20700": 52,
            "20715": 51,
            "20730": 51,
            "20745": 51,
            "20760": 51,
            "20775": 51,
            "20790": 51,
            "20805": 51,
            "20820": 51,
            "20835": 55,
            "20850": 55,
            "20865": 55,
            "20880": 55,
            "20895": 51,
            "20910": 51,
            "20925": 51,
            "20940": 51,
            "20955": 53,
            "20970": 53,
            "20985": 53,
            "21000": 53,
            "21015": 51,
            "21030": 51,
            "21045": 51,
            "21060": 51,
            "21075": 50,
            "21090": 50,
            "21105": 50,
            "21120": 50,
            "21135": 50,
            "21150": 50,
            "21165": 50,
            "21180": 50,
            "21195": 48,
            "21210": 48,
            "21225": 48,
            "21240": 48,
            "21255": 46,
            "21270": 46,
            "21285": 46,
            "21300": 46,
            "21315": 51,
            "21330": 51,
            "21345": 51,
            "21360": 51,
            "21375": 51,
            "21390": 51,
            "21405": 51,
            "21420": 51,
            "21435": 51,
            "21450": 51,
            "21465": 51,
            "21480": 51,
            "21495": 52,
            "21510": 52,
            "21525": 52,
            "21540": 52,
            "21555": 51,
            "21570": 51,
            "21585": 51,
            "21600": 51,
            "21615": 51,
            "21630": 51,
            "21645": 51,
            "21660": 51,
            "21675": 52,
            "21690": 52,
            "21705": 52,
            "21720": 52,
            "21735": 53,
            "21750": 53,
            "21765": 53,
            "21780": 53,
            "21795": 51,
            "21810": 51,
            "21825": 51,
            "21840": 51,
            "21855": 52,
            "21870": 52,
            "21885": 52,
            "21900": 52,
            "21915": 51,
            "21930": 51,
            "21945": 51,
            "21960": 51,
            "21975": 53,
            "21990": 53,
            "22005": 53,
            "22020": 53,
            "22035": 54,
            "22050": 54,
            "22065": 54,
            "22080": 54,
            "22095": 51,
            "22110": 51,
            "22125": 51,
            "22140": 51,
            "22155": 47,
            "22170": 47,
            "22185": 47,
            "22200": 47,
            "22215": 47,
            "22230": 47,
            "22245": 47,
            "22260": 47,
            "22275": 47,
            "22290": 47,
            "22305": 47,
            "22320": 47,
            "22335": 53,
            "22350": 53,
            "22365": 53,
            "22380": 53,
            "22395": 51,
            "22410": 51,
            "22425": 51,
            "22440": 51,
            "22455": 49,
            "22470": 49,
            "22485": 49,
            "22500": 49,
            "22515": 47,
            "22530": 47,
            "22545": 47,
            "22560": 47,
            "22575": 50,
            "22590": 50,
            "22605": 50,
            "22620": 50,
            "22635": 48,
            "22650": 48,
            "22665": 48,
            "22680": 48,
            "22695": 49,
            "22710": 49,
            "22725": 49,
            "22740": 49,
            "22755": 47,
            "22770": 47,
            "22785": 47,
            "22800": 47,
            "22815": 49,
            "22830": 49,
            "22845": 49,
            "22860": 49,
            "22875": 52,
            "22890": 52,
            "22905": 52,
            "22920": 52,
            "22935": 53,
            "22950": 53,
            "22965": 53,
            "22980": 53,
            "22995": 54,
            "23010": 54,
            "23025": 54,
            "23040": 54,
            "23055": 56,
            "23070": 56,
            "23085": 56,
            "23100": 56,
            "23115": 65,
            "23130": 65,
            "23145": 65,
            "23160": 65,
            "23175": 52,
            "23190": 52,
            "23205": 52,
            "23220": 52,
            "23235": 49,
            "23250": 49,
            "23265": 49,
            "23280": 49,
            "23295": 51,
            "23310": 51,
            "23325": 51,
            "23340": 51,
            "23355": 45,
            "23370": 45,
            "23385": 45,
            "23400": 45,
            "23415": 47,
            "23430": 47,
            "23445": 47,
            "23460": 47,
            "23475": 49,
            "23490": 49,
            "23505": 49,
            "23520": 49,
            "23535": 51,
            "23550": 51,
            "23565": 51,
            "23580": 51,
            "23595": 49,
            "23610": 49,
            "23625": 49,
            "23640": 49,
            "23655": 53,
            "23670": 53,
            "23685": 53,
            "23700": 53,
            "23715": 58,
            "23730": 58,
            "23745": 58,
            "23760": 58,
            "23775": 56,
            "23790": 56,
            "23805": 56,
            "23820": 56,
            "23835": 56,
            "23850": 56,
            "23865": 56,
            "23880": 56,
            "23895": 53,
            "23910": 53,
            "23925": 53,
            "23940": 53,
            "23955": 58,
            "23970": 58,
            "23985": 58,
            "24000": 58,
            "24015": 53,
            "24030": 53,
            "24045": 53,
            "24060": 53,
            "24075": 65,
            "24090": 65,
            "24105": 65,
            "24120": 65,
            "24135": 75,
            "24150": 75,
            "24165": 75,
            "24180": 75,
            "24195": 53,
            "24210": 53,
            "24225": 53,
            "24240": 53,
            "24255": 51,
            "24270": 51,
            "24285": 51,
            "24300": 51,
            "24315": 51,
            "24330": 51,
            "24345": 51,
            "24360": 51,
            "24375": 49,
            "24390": 49,
            "24405": 49,
            "24420": 49,
            "24435": 51,
            "24450": 51,
            "24465": 51,
            "24480": 51,
            "24495": 45,
            "24510": 45,
            "24525": 45,
            "24540": 45,
            "24555": 47,
            "24570": 47,
            "24585": 47,
            "24600": 47,
            "24615": 58,
            "24630": 58,
            "24645": 58,
            "24660": 58,
            "24675": 60,
            "24690": 60,
            "24705": 60,
            "24720": 60,
            "24735": 52,
            "24750": 52,
            "24765": 52,
            "24780": 52,
            "24795": 54,
            "24810": 54,
            "24825": 54,
            "24840": 54,
            "24855": 61,
            "24870": 61,
            "24885": 61,
            "24900": 61,
            "24915": 49,
            "24930": 49,
            "24945": 49,
            "24960": 49,
            "24975": 52,
            "24990": 52,
            "25005": 52,
            "25020": 52,
            "25035": 51,
            "25050": 51,
            "25065": 51,
            "25080": 51,
            "25095": 70,
            "25110": 70,
            "25125": 70,
            "25140": 70,
            "25155": 53,
            "25170": 53,
            "25185": 53,
            "25200": 53,
            "25215": 58,
            "25230": 58,
            "25245": 58,
            "25260": 58,
            "25275": 61,
            "25290": 61,
            "25305": 61,
            "25320": 61,
            "25335": 68,
            "25350": 68,
            "25365": 68,
            "25380": 68,
            "25395": 60,
            "25410": 60,
            "25425": 60,
            "25440": 60,
            "25455": 56,
            "25470": 56,
            "25485": 56,
            "25500": 56,
            "25515": 56,
            "25530": 56,
            "25545": 56,
            "25560": 56,
            "25575": 61,
            "25590": 61,
            "25605": 61,
            "25620": 61,
            "25635": 58,
            "25650": 58,
            "25665": 58,
            "25680": 58,
            "25695": 58,
            "25710": 58,
            "25725": 58,
            "25740": 58,
            "25755": 64,
            "25770": 64,
            "25785": 64,
            "25800": 64,
            "25815": 57,
            "25830": 57,
            "25845": 57,
            "25860": 57,
            "25875": 56,
            "25890": 56,
            "25905": 56,
            "25920": 56,
            "25935": 57,
            "25950": 57,
            "25965": 57,
            "25980": 57,
            "25995": 64,
            "26010": 64,
            "26025": 64,
            "26040": 64,
            "26055": 65,
            "26070": 65,
            "26085": 65,
            "26100": 65,
            "26115": 57,
            "26130": 57,
            "26145": 57,
            "26160": 57,
            "26175": 52,
            "26190": 52,
            "26205": 52,
            "26220": 52,
            "26235": 56,
            "26250": 56,
            "26265": 56,
            "26280": 56,
            "26295": 55,
            "26310": 55,
            "26325": 55,
            "26340": 55,
            "26355": 58,
            "26370": 58,
            "26385": 58,
            "26400": 58,
            "26415": 65,
            "26430": 65,
            "26445": 65,
            "26460": 65,
            "26475": 57,
            "26490": 57,
            "26505": 57,
            "26520": 57,
            "26535": 58,
            "26550": 58,
            "26565": 58,
            "26580": 58,
            "26595": 61,
            "26610": 61,
            "26625": 61,
            "26640": 61,
            "26655": 55,
            "26670": 55,
            "26685": 55,
            "26700": 55
        },
        "stepsGoal": 9260,
        "intensityDurationGoalInSeconds": 9000,
        "floorsClimbedGoal": 10,
        "averageStressLevel": 11,
        "maxStressLevel": 45,
        "stressDurationInSeconds": 1080,
        "restStressDurationInSeconds": 25200,
        "activityStressDurationInSeconds": 240,
        "lowStressDurationInSeconds": 1080,
        "stressQualifier": "unknown"
    }
]