[
    {
        "userId": "49d85c6a-b8f8-4787-95fa-f145553e59a9",
        "userAccessToken": "7b64f2c3-1572-407f-ac1a-ea3ef127ff2c",
        "summaryId": "x45dba26-671188e0-b4-0",
        "calendarDate": "2024-10-18",
        "activityType": "GENERIC",
        "activeKilocalories": 1284,
        "bmrKilocalories": 2355,
        "steps": 50,
        "distanceInMeters": 44.0,
        "durationInSeconds": 180,
        "activeTimeInSeconds": 100,
        "startTimeInSeconds": 1729202400,
        "startTimeOffsetInSeconds": 7200,
        "moderateIntensityDurationInSeconds": 0,
        "vigorousIntensityDurationInSeconds": 0,
        "floorsClimbed": 0,
        "minHeartRateInBeatsPerMinute": 97,
        "maxHeartRateInBeatsPerMinute": 98,
        "averageHeartRateInBeatsPerMinute": 97,
        "restingHeartRateInBeatsPerMinute": 54,
        "timeOffsetHeartRateSamples": {
            "15": 97,
            "30": 97,
            "45": 97,
            "60": 97,
            "75": 97,
            "90": 97,
            "105": 97,
            "120": 97,
            "135": 98,
            "150": 98,
            "165": 98,
            "180": 98
        },
        "stepsGoal": 9700,
        "intensityDurationGoalInSeconds": 9000,
        "floorsClimbedGoal": 10,
        "averageStressLevel": -2,
        "activityStressDurationInSeconds": 180,
        "stressQualifier": "unknown"
    }
]