[
    {
        "userId": "49d85c6a-b8f8-4787-95fa-f145553e59a9",
        "userAccessToken": "7b64f2c3-1572-407f-ac1a-ea3ef127ff2c",
        "summaryId": "x45dba26-671288988b645b38-43df-420f-9cda-233c18ccb24678",
        "calendarDate": "2024-10-18",
        "startTimeInSeconds": 1729267864,
        "durationInSeconds": 120,
        "startTimeOffsetInSeconds": 7254,
        "summaries": [
            {
                "summaryType": "heart_rate",
                "minValue": 120,
                "maxValue": 145,
                "avgValue": 130.5,
                "epochSummaries": {
                    "0": 131.3,
                    "1": 125.0,
                    "2": 124.8,
                    "3": 135.1,
                    "4": 132.3,
                    "5": 127.0,
                    "6": 130.3,
                    "7": 131.5,
                    "8": 132.7,
                    "9": 132.1,
                    "10": 139.5,
                    "11": 128.1,
                    "12": 136.5,
                    "13": 136.4,
                    "14": 132.0,
                    "15": 133.7,
                    "16": 130.0,
                    "17": 133.1,
                    "18": 129.4,
                    "19": 127.5,
                    "20": 127.8,
                    "21": 120.9,
                    "22": 126.4,
                    "23": 131.3,
                    "24": 125.1,
                    "25": 134.4,
                    "26": 133.1,
                    "27": 124.1,
                    "28": 133.3,
                    "29": 131.9,
                    "30": 127.3,
                    "31": 124.5,
                    "32": 129.5,
                    "33": 140.0,
                    "34": 129.8,
                    "35": 136.1,
                    "36": 139.0,
                    "37": 132.6,
                    "38": 123.4,
                    "39": 131.7,
                    "40": 121.4,
                    "41": 140.4,
                    "42": 125.6,
                    "43": 129.4,
                    "44": 134.7,
                    "45": 137.3,
                    "46": 133.7,
                    "47": 136.0,
                    "48": 125.0,
                    "49": 135.9,
                    "50": 125.5,
                    "51": 133.3,
                    "52": 125.1,
                    "53": 136.9,
                    "54": 132.9,
                    "55": 137.9,
                    "56": 134.9,
                    "57": 130.2,
                    "58": 131.0,
                    "59": 130.2,
                    "60": 138.1,
                    "61": 140.9,
                    "62": 137.8,
                    "63": 138.7,
                    "64": 120.0,
                    "65": 135.7,
                    "66": 134.5,
                    "67": 124.3,
                    "68": 121.5,
                    "69": 125.8,
                    "70": 130.0,
                    "71": 134.3,
                    "72": 130.9,
                    "73": 129.1,
                    "74": 131.1,
                    "75": 135.9,
                    "76": 132.6,
                    "77": 127.7,
                    "78": 132.5,
                    "79": 135.2,
                    "80": 135.1,
                    "81": 124.9,
                    "82": 134.4,
                    "83": 131.4,
                    "84": 134.2,
                    "85": 128.7,
                    "86": 128.6,
                    "87": 128.7,
                    "88": 122.4,
                    "89": 128.6,
                    "90": 133.2,
                    "91": 131.4,
                    "92": 132.9,
                    "93": 127.7,
                    "94": 128.1,
                    "95": 126.9,
                    "96": 134.8,
                    "97": 132.3,
                    "98": 130.3,
                    "99": 126.7,
                    "100": 122.6,
                    "101": 136.1,
                    "102": 133.7,
                    "103": 132.0,
                    "104": 125.2,
                    "105": 134.7,
                    "106": 129.4,
                    "107": 134.0,
                    "108": 129.9,
                    "109": 131.7,
                    "110": 127.2,
                    "111": 130.3,
                    "112": 132.1,
                    "113": 125.8,
                    "114": 131.0,
                    "115": 128.8,
                    "116": 123.8,
                    "117": 134.7,
                    "118": 128.0,
                    "119": 135.7,
                    "120": 129.6
                }
            },
            {
                "summaryType": "respiration",
                "minValue": 12.710000038146973,
                "maxValue": 14.779999732971191,
                "avgValue": 17,
                "epochSummaries": {
                    "0": 17.5,
                    "1": 16.6,
                    "2": 17.1,
                    "3": 16.9,
                    "4": 16.1,
                    "5": 17.8,
                    "6": 16.6,
                    "7": 18.0,
                    "8": 17.1,
                    "9": 17.4,
                    "10": 16.2,
                    "11": 17.4,
                    "12": 17.5,
                    "13": 16.9,
                    "14": 16.7,
                    "15": 16.9,
                    "16": 16.9,
                    "17": 16.6,
                    "18": 16.6,
                    "19": 17.2,
                    "20": 16.4,
                    "21": 17.0,
                    "22": 16.8,
                    "23": 17.6,
                    "24": 16.4,
                    "25": 16.8,
                    "26": 16.7,
                    "27": 18.3,
                    "28": 16.8,
                    "29": 16.5,
                    "30": 16.1,
                    "31": 15.7,
                    "32": 17.3,
                    "33": 16.9,
                    "34": 17.7,
                    "35": 18.1,
                    "36": 15.6,
                    "37": 17.6,
                    "38": 16.5,
                    "39": 16.9,
                    "40": 16.8,
                    "41": 17.0,
                    "42": 16.4,
                    "43": 17.2,
                    "44": 17.5,
                    "45": 16.6,
                    "46": 17.3,
                    "47": 16.8,
                    "48": 17.3,
                    "49": 17.1,
                    "50": 17.0,
                    "51": 17.4,
                    "52": 17.7,
                    "53": 17.6,
                    "54": 16.6,
                    "55": 16.1,
                    "56": 16.4,
                    "57": 16.9,
                    "58": 16.5,
                    "59": 16.0,
                    "60": 18.0,
                    "61": 17.1,
                    "62": 17.1,
                    "63": 16.6,
                    "64": 16.4,
                    "65": 16.9,
                    "66": 17.7,
                    "67": 16.8,
                    "68": 17.4,
                    "69": 15.8,
                    "70": 17.6,
                    "71": 17.3,
                    "72": 17.5,
                    "73": 17.0,
                    "74": 16.2,
                    "75": 17.8,
                    "76": 16.8,
                    "77": 17.5,
                    "78": 17.7,
                    "79": 16.7,
                    "80": 17.4,
                    "81": 16.2,
                    "82": 17.7,
                    "83": 17.3,
                    "84": 16.9,
                    "85": 17.0,
                    "86": 17.0,
                    "87": 16.8,
                    "88": 17.8,
                    "89": 16.4,
                    "90": 16.6,
                    "91": 16.2,
                    "92": 17.3,
                    "93": 17.0,
                    "94": 16.7,
                    "95": 17.1,
                    "96": 16.8,
                    "97": 15.9,
                    "98": 17.1,
                    "99": 16.9,
                    "100": 16.6,
                    "101": 16.4,
                    "102": 17.2,
                    "103": 17.0,
                    "104": 17.2,
                    "105": 17.3,
                    "106": 16.4,
                    "107": 17.0,
                    "108": 17.1,
                    "109": 16.8,
                    "110": 17.2,
                    "111": 16.9,
                    "112": 16.5,
                    "113": 16.7,
                    "114": 17.2,
                    "115": 16.3,
                    "116": 16.7,
                    "117": 17.0,
                    "118": 17.2,
                    "119": 17.0,
                    "120": 16.7
                }
            },
            {
                "summaryType": "stress",
                "minValue": 17.0,
                "maxValue": 27.0,
                "avgValue": 100,
                "epochSummaries": {
                    "0": 100,
                    "1": 100,
                    "2": 100,
                    "3": 100,
                    "4": 100,
                    "5": 100,
                    "6": 100,
                    "7": 100,
                    "8": 100,
                    "9": 100,
                    "10": 100,
                    "11": 100,
                    "12": 100,
                    "13": 100,
                    "14": 100,
                    "15": 100,
                    "16": 100,
                    "17": 100,
                    "18": 100,
                    "19": 100,
                    "20": 100,
                    "21": 100,
                    "22": 100,
                    "23": 100,
                    "24": 100,
                    "25": 100,
                    "26": 100,
                    "27": 100,
                    "28": 100,
                    "29": 100,
                    "30": 100,
                    "31": 100,
                    "32": 100,
                    "33": 100,
                    "34": 100,
                    "35": 100,
                    "36": 100,
                    "37": 100,
                    "38": 100,
                    "39": 100,
                    "40": 100,
                    "41": 100,
                    "42": 100,
                    "43": 100,
                    "44": 100,
                    "45": 100,
                    "46": 100,
                    "47": 100,
                    "48": 100,
                    "49": 100,
                    "50": 100,
                    "51": 100,
                    "52": 100,
                    "53": 100,
                    "54": 100,
                    "55": 100,
                    "56": 100,
                    "57": 100,
                    "58": 100,
                    "59": 100,
                    "60": 100,
                    "61": 100,
                    "62": 100,
                    "63": 100,
                    "64": 100,
                    "65": 100,
                    "66": 100,
                    "67": 100,
                    "68": 100,
                    "69": 100,
                    "70": 100,
                    "71": 100,
                    "72": 100,
                    "73": 100,
                    "74": 100,
                    "75": 100,
                    "76": 100,
                    "77": 100,
                    "78": 100,
                    "79": 100,
                    "80": 100,
                    "81": 100,
                    "82": 100,
                    "83": 100,
                    "84": 100,
                    "85": 100,
                    "86": 100,
                    "87": 100,
                    "88": 100,
                    "89": 100,
                    "90": 100,
                    "91": 100,
                    "92": 100,
                    "93": 100,
                    "94": 100,
                    "95": 100,
                    "96": 100,
                    "97": 100,
                    "98": 100,
                    "99": 100,
                    "100": 100,
                    "101": 100,
                    "102": 100,
                    "103": 100,
                    "104": 100,
                    "105": 100,
                    "106": 100,
                    "107": 100,
                    "108": 100,
                    "109": 100,
                    "110": 100,
                    "111": 100,
                    "112": 100,
                    "113": 100,
                    "114": 100,
                    "115": 100,
                    "116": 100,
                    "117": 100,
                    "118": 100,
                    "119": 100,
                    "120": 100
                }
            },
            {
                "summaryType": "spo2",
                "minValue": 97.0,
                "maxValue": 97.0,
                "avgValue": 97.0,
                "epochSummaries": {
                    "1": 97.0,
                    "2": 97.0,
                    "3": 97.0,
                    "4": 97.0,
                    "5": 97.0,
                    "6": 97.0,
                    "7": 97.0,
                    "8": 97.0,
                    "9": 97.0,
                    "10": 97.0,
                    "11": 97.0,
                    "12": 97.0,
                    "13": 97.0,
                    "14": 97.0,
                    "15": 97.0,
                    "16": 97.0,
                    "17": 97.0,
                    "18": 97.0,
                    "19": 97.0,
                    "20": 97.0,
                    "21": 97.0,
                    "22": 97.0,
                    "23": 97.0,
                    "24": 97.0,
                    "25": 97.0,
                    "26": 97.0,
                    "27": 97.0,
                    "28": 97.0,
                    "29": 97.0,
                    "30": 97.0,
                    "31": 97.0,
                    "32": 97.0,
                    "33": 97.0,
                    "34": 97.0,
                    "35": 97.0,
                    "36": 97.0,
                    "37": 97.0,
                    "38": 97.0,
                    "39": 97.0,
                    "40": 97.0,
                    "41": 97.0,
                    "42": 97.0,
                    "43": 97.0,
                    "44": 97.0,
                    "45": 97.0,
                    "46": 97.0,
                    "47": 97.0,
                    "48": 97.0,
                    "49": 97.0,
                    "50": 97.0,
                    "51": 97.0,
                    "52": 97.0,
                    "53": 97.0,
                    "54": 97.0,
                    "55": 97.0,
                    "56": 97.0,
                    "57": 97.0,
                    "58": 97.0,
                    "59": 97.0,
                    "60": 97.0,
                    "61": 97.0,
                    "62": 97.0,
                    "63": 97.0,
                    "64": 97.0,
                    "65": 97.0,
                    "66": 97.0,
                    "67": 97.0,
                    "68": 97.0,
                    "69": 97.0,
                    "70": 97.0,
                    "71": 97.0,
                    "72": 97.0,
                    "73": 97.0,
                    "74": 97.0,
                    "75": 97.0,
                    "76": 97.0,
                    "77": 97.0,
                    "78": 97.0,
                    "79": 97.0,
                    "80": 97.0,
                    "81": 97.0,
                    "82": 97.0,
                    "83": 97.0,
                    "84": 97.0,
                    "85": 97.0,
                    "86": 97.0,
                    "87": 97.0,
                    "88": 97.0,
                    "89": 97.0,
                    "90": 97.0,
                    "91": 97.0,
                    "92": 97.0,
                    "93": 97.0,
                    "94": 97.0,
                    "95": 97.0,
                    "96": 97.0,
                    "97": 97.0,
                    "98": 97.0,
                    "99": 97.0,
                    "100": 97.0,
                    "101": 97.0,
                    "102": 97.0,
                    "103": 97.0,
                    "104": 97.0,
                    "105": 97.0,
                    "106": 97.0,
                    "107": 97.0,
                    "108": 97.0,
                    "109": 97.0,
                    "110": 97.0,
                    "111": 97.0,
                    "112": 97.0,
                    "113": 97.0,
                    "114": 97.0,
                    "115": 97.0,
                    "116": 97.0,
                    "117": 97.0,
                    "118": 97.0,
                    "119": 97.0,
                    "120": 97.0
                }
            },
            {
                "summaryType": "rmssd_hrv",
                "avgValue": 10.0
            },
            {
                "summaryType": "sdrr_hrv",
                "avgValue": 67.0
            }
        ]
    }
]