[
    {
        "userId": "49d85c6a-b8f8-4787-95fa-f145553e59a9",
        "userAccessToken": "7b64f2c3-1572-407f-ac1a-ea3ef127ff2c",
        "summaryId": "x45dba26-6711f283905027b6-c686-49d6-bcd7-82124211876678",
        "calendarDate": "2024-10-18",
        "startTimeInSeconds": 1729229443,
        "durationInSeconds": 120,
        "startTimeOffsetInSeconds": 7254,
        "summaries": [
            {
                "summaryType": "heart_rate",
                "minValue": 58.0,
                "maxValue": 89.0,
                "avgValue": 71.0,
                "epochSummaries": {
                    "0": 61.0,
                    "1": 61.0,
                    "2": 62.0,
                    "4": 63.0,
                    "5": 63.0,
                    "6": 64.0,
                    "7": 64.0,
                    "8": 63.0,
                    "9": 62.0,
                    "10": 61.0,
                    "11": 61.0,
                    "12": 62.0,
                    "13": 62.0,
                    "14": 61.0,
                    "15": 61.0,
                    "16": 60.0,
                    "17": 60.0,
                    "18": 60.0,
                    "19": 60.0,
                    "20": 60.0,
                    "21": 59.0,
                    "22": 59.0,
                    "23": 59.0,
                    "24": 59.0,
                    "25": 68.0,
                    "26": 75.0,
                    "27": 73.0,
                    "28": 65.0,
                    "29": 60.0,
                    "30": 59.0,
                    "31": 59.0,
                    "32": 60.0,
                    "33": 60.0,
                    "34": 61.0,
                    "35": 61.0,
                    "36": 62.0,
                    "37": 61.0,
                    "38": 61.0,
                    "39": 66.0,
                    "40": 70.0,
                    "41": 68.0,
                    "42": 62.0,
                    "43": 60.0,
                    "44": 60.0,
                    "45": 60.0,
                    "46": 60.0,
                    "47": 59.0,
                    "48": 58.0,
                    "49": 58.0,
                    "50": 59.0,
                    "51": 59.0,
                    "52": 61.0,
                    "53": 72.0,
                    "54": 78.0,
                    "55": 81.0,
                    "56": 82.0,
                    "57": 82.0,
                    "58": 81.0,
                    "59": 81.0,
                    "60": 78.0,
                    "61": 73.0,
                    "62": 73.0,
                    "63": 64.0,
                    "64": 64.0,
                    "65": 64.0,
                    "66": 63.0,
                    "67": 64.0,
                    "68": 63.0,
                    "69": 64.0,
                    "70": 73.0,
                    "71": 84.0,
                    "72": 87.0,
                    "73": 87.0,
                    "74": 86.0,
                    "75": 85.0,
                    "76": 84.0,
                    "77": 84.0,
                    "78": 84.0,
                    "79": 84.0,
                    "80": 84.0,
                    "81": 84.0,
                    "82": 84.0,
                    "83": 67.0,
                    "84": 66.0,
                    "85": 67.0,
                    "86": 67.0,
                    "87": 70.0,
                    "88": 74.0,
                    "89": 79.0,
                    "90": 78.0,
                    "91": 80.0,
                    "92": 78.0,
                    "93": 80.0,
                    "94": 81.0,
                    "95": 76.0,
                    "96": 73.0,
                    "97": 64.0,
                    "98": 64.0,
                    "99": 64.0,
                    "100": 65.0,
                    "101": 65.0,
                    "102": 65.0,
                    "103": 65.0,
                    "104": 72.0,
                    "105": 77.0,
                    "106": 80.0,
                    "107": 83.0,
                    "108": 85.0,
                    "109": 86.0,
                    "110": 88.0,
                    "111": 89.0,
                    "112": 89.0,
                    "113": 89.0,
                    "114": 89.0,
                    "115": 89.0,
                    "116": 89.0,
                    "117": 89.0,
                    "118": 88.0,
                    "119": 88.0,
                    "120": 86.0,
                    "121": 84.0
                }
            },
            {
                "summaryType": "respiration",
                "minValue": 13.8100004196167,
                "maxValue": 15.1899995803833,
                "avgValue": 14.600000381469727,
                "epochSummaries": {
                    "0": 14.800000190734863,
                    "1": 14.800000190734863,
                    "2": 14.800000190734863,
                    "4": 14.800000190734863,
                    "5": 14.800000190734863,
                    "6": 14.800000190734863,
                    "7": 14.800000190734863,
                    "8": 14.800000190734863,
                    "9": 14.399999618530273,
                    "10": 14.399999618530273,
                    "11": 14.399999618530273,
                    "12": 14.399999618530273,
                    "13": 14.539999961853027,
                    "14": 14.539999961853027,
                    "15": 14.539999961853027,
                    "16": 14.65999984741211,
                    "17": 14.65999984741211,
                    "18": 14.65999984741211,
                    "19": 14.65999984741211,
                    "20": 14.65999984741211,
                    "21": 14.65999984741211,
                    "22": 14.65999984741211,
                    "23": 14.65999984741211,
                    "24": 14.609999656677246,
                    "25": 14.640000343322754,
                    "26": 14.640000343322754,
                    "27": 14.640000343322754,
                    "28": 14.829999923706055,
                    "29": 14.829999923706055,
                    "30": 14.829999923706055,
                    "31": 14.970000267028809,
                    "32": 14.970000267028809,
                    "33": 14.970000267028809,
                    "34": 14.970000267028809,
                    "35": 14.970000267028809,
                    "36": 14.970000267028809,
                    "37": 14.970000267028809,
                    "38": 14.970000267028809,
                    "39": 14.970000267028809,
                    "40": 14.619999885559082,
                    "41": 14.619999885559082,
                    "42": 14.680000305175781,
                    "43": 14.680000305175781,
                    "44": 14.680000305175781,
                    "45": 14.680000305175781,
                    "46": 14.8100004196167,
                    "47": 14.8100004196167,
                    "48": 14.8100004196167,
                    "49": 14.8100004196167,
                    "50": 14.869999885559082,
                    "51": 14.869999885559082,
                    "52": 14.869999885559082,
                    "53": 14.869999885559082,
                    "54": 14.869999885559082,
                    "55": 14.869999885559082,
                    "56": 15.0,
                    "57": 15.0,
                    "58": 15.149999618530273,
                    "59": 15.149999618530273,
                    "60": 15.1899995803833,
                    "61": 15.1899995803833,
                    "62": 15.1899995803833,
                    "63": 15.1899995803833,
                    "64": 15.1899995803833,
                    "65": 15.1899995803833,
                    "66": 15.1899995803833,
                    "67": 15.1899995803833,
                    "68": 15.1899995803833,
                    "69": 15.1899995803833,
                    "70": 15.1899995803833,
                    "71": 14.6899995803833,
                    "72": 14.6899995803833,
                    "73": 14.6899995803833,
                    "74": 14.6899995803833,
                    "75": 14.6899995803833,
                    "76": 14.6899995803833,
                    "77": 14.770000457763672,
                    "78": 14.770000457763672,
                    "79": 14.770000457763672,
                    "80": 14.350000381469727,
                    "81": 14.350000381469727,
                    "82": 14.350000381469727,
                    "83": 14.350000381469727,
                    "84": 14.350000381469727,
                    "85": 14.350000381469727,
                    "86": 14.350000381469727,
                    "87": 14.350000381469727,
                    "88": 14.479999542236328,
                    "89": 14.329999923706055,
                    "90": 14.329999923706055,
                    "91": 14.329999923706055,
                    "92": 14.329999923706055,
                    "93": 14.329999923706055,
                    "94": 14.329999923706055,
                    "95": 14.300000190734863,
                    "96": 14.300000190734863,
                    "97": 14.300000190734863,
                    "98": 14.300000190734863,
                    "99": 14.300000190734863,
                    "100": 14.300000190734863,
                    "101": 14.300000190734863,
                    "102": 14.039999961853027,
                    "103": 14.039999961853027,
                    "104": 14.039999961853027,
                    "105": 14.039999961853027,
                    "106": 14.039999961853027,
                    "107": 14.039999961853027,
                    "108": 14.039999961853027,
                    "109": 14.039999961853027,
                    "110": 14.039999961853027,
                    "111": 14.039999961853027,
                    "112": 14.039999961853027,
                    "113": 14.039999961853027,
                    "114": 14.039999961853027,
                    "115": 14.039999961853027,
                    "116": 14.109999656677246,
                    "117": 14.109999656677246,
                    "118": 14.109999656677246,
                    "119": 14.109999656677246,
                    "120": 14.109999656677246,
                    "121": 13.8100004196167
                }
            },
            {
                "summaryType": "stress",
                "minValue": 15.0,
                "maxValue": 48.0,
                "avgValue": 26.0,
                "epochSummaries": {
                    "0": 17.0,
                    "1": 17.0,
                    "2": 15.0,
                    "4": 15.0,
                    "5": 15.0,
                    "6": 15.0,
                    "7": 15.0,
                    "8": 16.0,
                    "9": 16.0,
                    "10": 16.0,
                    "11": 16.0,
                    "12": 16.0,
                    "13": 16.0,
                    "14": 16.0,
                    "15": 16.0,
                    "16": 16.0,
                    "17": 16.0,
                    "18": 18.0,
                    "19": 18.0,
                    "20": 18.0,
                    "21": 18.0,
                    "22": 18.0,
                    "23": 18.0,
                    "24": 18.0,
                    "25": 18.0,
                    "26": 18.0,
                    "27": 18.0,
                    "28": 19.0,
                    "29": 19.0,
                    "30": 19.0,
                    "31": 19.0,
                    "32": 19.0,
                    "33": 19.0,
                    "34": 19.0,
                    "35": 19.0,
                    "36": 19.0,
                    "37": 19.0,
                    "38": 21.0,
                    "39": 21.0,
                    "40": 21.0,
                    "41": 21.0,
                    "42": 21.0,
                    "43": 23.0,
                    "44": 23.0,
                    "45": 23.0,
                    "46": 23.0,
                    "47": 23.0,
                    "48": 24.0,
                    "49": 24.0,
                    "50": 24.0,
                    "51": 24.0,
                    "52": 24.0,
                    "53": 23.0,
                    "54": 23.0,
                    "55": 23.0,
                    "56": 23.0,
                    "57": 23.0,
                    "58": 30.0,
                    "59": 30.0,
                    "60": 30.0,
                    "61": 30.0,
                    "62": 30.0,
                    "63": 32.0,
                    "64": 32.0,
                    "65": 32.0,
                    "66": 32.0,
                    "67": 32.0,
                    "68": 31.0,
                    "69": 31.0,
                    "70": 31.0,
                    "71": 31.0,
                    "72": 31.0,
                    "73": 25.0,
                    "74": 25.0,
                    "75": 25.0,
                    "76": 25.0,
                    "77": 25.0,
                    "78": 36.0,
                    "79": 36.0,
                    "80": 36.0,
                    "81": 36.0,
                    "82": 36.0,
                    "83": 36.0,
                    "84": 41.0,
                    "85": 41.0,
                    "86": 41.0,
                    "87": 41.0,
                    "88": 41.0,
                    "89": 32.0,
                    "90": 32.0,
                    "91": 32.0,
                    "92": 32.0,
                    "93": 32.0,
                    "94": 26.0,
                    "95": 26.0,
                    "96": 26.0,
                    "97": 26.0,
                    "98": 26.0,
                    "99": 26.0,
                    "100": 26.0,
                    "101": 26.0,
                    "102": 26.0,
                    "103": 26.0,
                    "104": 31.0,
                    "105": 31.0,
                    "106": 31.0,
                    "107": 31.0,
                    "108": 31.0,
                    "109": 30.0,
                    "110": 30.0,
                    "111": 30.0,
                    "112": 30.0,
                    "113": 30.0,
                    "114": 39.0,
                    "115": 39.0,
                    "116": 39.0,
                    "117": 39.0,
                    "118": 39.0,
                    "119": 48.0,
                    "120": 48.0,
                    "121": 48.0
                }
            },
            {
                "summaryType": "spo2",
                "minValue": 97.0,
                "maxValue": 100.0,
                "avgValue": 98.0,
                "epochSummaries": {
                    "0": 98.0,
                    "1": 98.0,
                    "2": 98.0,
                    "4": 98.0,
                    "5": 98.0,
                    "6": 98.0,
                    "7": 98.0,
                    "8": 98.0,
                    "9": 98.0,
                    "10": 98.0,
                    "11": 98.0,
                    "12": 98.0,
                    "13": 98.0,
                    "14": 98.0,
                    "15": 98.0,
                    "16": 98.0,
                    "17": 98.0,
                    "18": 98.0,
                    "19": 98.0,
                    "20": 98.0,
                    "21": 98.0,
                    "22": 98.0,
                    "23": 98.0,
                    "24": 98.0,
                    "25": 98.0,
                    "26": 98.0,
                    "27": 98.0,
                    "28": 98.0,
                    "29": 99.0,
                    "30": 99.0,
                    "31": 99.0,
                    "32": 99.0,
                    "33": 99.0,
                    "34": 99.0,
                    "35": 100.0,
                    "36": 100.0,
                    "37": 100.0,
                    "38": 100.0,
                    "39": 100.0,
                    "40": 100.0,
                    "41": 99.0,
                    "42": 99.0,
                    "43": 100.0,
                    "44": 100.0,
                    "45": 100.0,
                    "46": 100.0,
                    "47": 100.0,
                    "48": 100.0,
                    "49": 99.0,
                    "50": 99.0,
                    "51": 99.0,
                    "52": 99.0,
                    "53": 99.0,
                    "54": 99.0,
                    "55": 99.0,
                    "56": 99.0,
                    "57": 98.0,
                    "58": 98.0,
                    "59": 97.0,
                    "60": 97.0,
                    "61": 97.0,
                    "62": 97.0,
                    "63": 98.0,
                    "64": 98.0,
                    "65": 98.0,
                    "66": 98.0,
                    "67": 98.0,
                    "68": 98.0,
                    "69": 98.0,
                    "70": 98.0,
                    "71": 98.0,
                    "72": 98.0,
                    "73": 98.0,
                    "74": 98.0,
                    "75": 98.0,
                    "76": 98.0,
                    "77": 98.0,
                    "78": 98.0,
                    "79": 98.0,
                    "80": 98.0,
                    "81": 98.0,
                    "82": 98.0,
                    "83": 98.0,
                    "84": 98.0,
                    "85": 98.0,
                    "86": 98.0,
                    "87": 98.0,
                    "88": 98.0,
                    "89": 98.0,
                    "90": 98.0,
                    "91": 98.0,
                    "92": 98.0,
                    "93": 98.0,
                    "94": 98.0,
                    "95": 98.0,
                    "96": 98.0,
                    "97": 98.0,
                    "98": 98.0,
                    "99": 98.0,
                    "100": 98.0,
                    "101": 98.0,
                    "102": 98.0,
                    "103": 98.0,
                    "104": 98.0,
                    "105": 98.0,
                    "106": 98.0,
                    "107": 98.0,
                    "108": 98.0,
                    "109": 98.0,
                    "110": 98.0,
                    "111": 98.0,
                    "112": 98.0,
                    "113": 98.0,
                    "114": 98.0,
                    "115": 98.0,
                    "116": 98.0,
                    "117": 99.0,
                    "118": 99.0,
                    "119": 99.0,
                    "120": 99.0,
                    "121": 99.0
                }
            },
            {
                "summaryType": "rmssd_hrv",
                "avgValue": 85.0
            },
            {
                "summaryType": "sdrr_hrv",
                "avgValue": 105.0
            }
        ]
    }
]