[
    {
        "userId": "49d85c6a-b8f8-4787-95fa-f145553e59a9",
        "userAccessToken": "7b64f2c3-1572-407f-ac1a-ea3ef127ff2c",
        "summaryId": "x45dba26-6712d8628d447db4-49ec-4a4f-8839-45a96807a91f78",
        "calendarDate": "2024-10-18",
        "startTimeInSeconds": 1729288290,
        "durationInSeconds": 120,
        "startTimeOffsetInSeconds": 7254,
        "summaries": [
            {
                "summaryType": "heart_rate",
                "minValue": 72.0,
                "maxValue": 109.0,
                "avgValue": 92.0,
                "epochSummaries": {
                    "0": 97.0,
                    "1": 97.0,
                    "2": 97.0,
                    "3": 97.0,
                    "4": 98.0,
                    "5": 99.0,
                    "6": 103.0,
                    "7": 106.0,
                    "8": 108.0,
                    "9": 107.0,
                    "10": 105.0,
                    "11": 104.0,
                    "12": 103.0,
                    "13": 103.0,
                    "14": 104.0,
                    "15": 106.0,
                    "16": 105.0,
                    "17": 106.0,
                    "18": 108.0,
                    "19": 109.0,
                    "20": 108.0,
                    "21": 108.0,
                    "22": 108.0,
                    "23": 108.0,
                    "24": 108.0,
                    "25": 105.0,
                    "26": 96.0,
                    "27": 88.0,
                    "28": 84.0,
                    "29": 79.0,
                    "30": 76.0,
                    "31": 75.0,
                    "32": 75.0,
                    "33": 74.0,
                    "34": 73.0,
                    "35": 72.0,
                    "36": 72.0,
                    "37": 72.0,
                    "38": 72.0,
                    "39": 72.0,
                    "40": 72.0,
                    "41": 73.0,
                    "42": 75.0,
                    "43": 78.0,
                    "44": 79.0,
                    "45": 82.0,
                    "46": 85.0,
                    "47": 88.0,
                    "48": 89.0,
                    "49": 90.0,
                    "50": 91.0,
                    "51": 91.0,
                    "52": 84.0,
                    "53": 85.0,
                    "54": 87.0,
                    "55": 88.0,
                    "56": 90.0,
                    "57": 93.0,
                    "58": 99.0,
                    "59": 99.0,
                    "60": 99.0,
                    "61": 99.0,
                    "62": 98.0,
                    "63": 96.0,
                    "64": 94.0,
                    "65": 94.0,
                    "66": 93.0,
                    "67": 94.0,
                    "68": 95.0,
                    "69": 95.0,
                    "70": 95.0,
                    "71": 94.0,
                    "72": 93.0,
                    "73": 92.0,
                    "74": 91.0,
                    "75": 89.0,
                    "76": 86.0,
                    "77": 84.0,
                    "78": 83.0,
                    "79": 83.0,
                    "80": 83.0,
                    "81": 84.0,
                    "82": 86.0,
                    "83": 87.0,
                    "84": 88.0,
                    "85": 89.0,
                    "86": 88.0,
                    "87": 88.0,
                    "88": 88.0,
                    "89": 88.0,
                    "90": 88.0,
                    "91": 89.0,
                    "92": 91.0,
                    "93": 93.0,
                    "94": 99.0,
                    "95": 99.0,
                    "96": 100.0,
                    "97": 99.0,
                    "98": 99.0,
                    "99": 98.0,
                    "100": 98.0,
                    "101": 97.0,
                    "102": 97.0,
                    "103": 97.0,
                    "104": 96.0,
                    "105": 96.0,
                    "106": 96.0,
                    "107": 96.0,
                    "108": 96.0,
                    "109": 95.0,
                    "110": 94.0,
                    "111": 92.0,
                    "112": 92.0,
                    "113": 91.0,
                    "114": 91.0,
                    "115": 91.0,
                    "116": 91.0,
                    "117": 90.0,
                    "118": 89.0,
                    "119": 88.0,
                    "120": 87.0
                }
            },
            {
                "summaryType": "respiration",
                "minValue": 13.65999984741211,
                "maxValue": 16.049999237060547,
                "avgValue": 15.170000076293945,
                "epochSummaries": {
                    "0": 15.140000343322754,
                    "1": 15.140000343322754,
                    "2": 15.140000343322754,
                    "3": 15.140000343322754,
                    "4": 15.140000343322754,
                    "5": 14.819999694824219,
                    "6": 14.819999694824219,
                    "7": 14.819999694824219,
                    "8": 14.819999694824219,
                    "9": 14.9399995803833,
                    "10": 14.9399995803833,
                    "11": 15.329999923706055,
                    "12": 15.329999923706055,
                    "13": 15.329999923706055,
                    "14": 15.329999923706055,
                    "15": 15.329999923706055,
                    "16": 15.289999961853027,
                    "17": 15.289999961853027,
                    "18": 15.289999961853027,
                    "19": 15.289999961853027,
                    "20": 15.170000076293945,
                    "21": 15.170000076293945,
                    "22": 15.170000076293945,
                    "23": 15.170000076293945,
                    "24": 15.170000076293945,
                    "25": 15.109999656677246,
                    "26": 15.109999656677246,
                    "27": 15.109999656677246,
                    "28": 15.109999656677246,
                    "29": 15.109999656677246,
                    "30": 14.930000305175781,
                    "31": 14.930000305175781,
                    "32": 14.930000305175781,
                    "33": 14.930000305175781,
                    "34": 14.930000305175781,
                    "35": 14.930000305175781,
                    "36": 14.930000305175781,
                    "37": 14.930000305175781,
                    "38": 15.050000190734863,
                    "39": 15.100000381469727,
                    "40": 15.100000381469727,
                    "41": 15.100000381469727,
                    "42": 15.0600004196167,
                    "43": 15.0600004196167,
                    "44": 15.0600004196167,
                    "45": 15.0600004196167,
                    "46": 15.010000228881836,
                    "47": 15.010000228881836,
                    "48": 15.010000228881836,
                    "49": 15.010000228881836,
                    "50": 15.010000228881836,
                    "51": 14.84000015258789,
                    "52": 14.84000015258789,
                    "53": 14.84000015258789,
                    "54": 14.84000015258789,
                    "55": 14.84000015258789,
                    "56": 14.619999885559082,
                    "57": 14.619999885559082,
                    "58": 14.619999885559082,
                    "59": 14.630000114440918,
                    "60": 14.630000114440918,
                    "61": 14.630000114440918,
                    "62": 14.630000114440918,
                    "63": 14.770000457763672,
                    "64": 14.770000457763672,
                    "65": 14.770000457763672,
                    "66": 14.770000457763672,
                    "67": 14.770000457763672,
                    "68": 14.880000114440918,
                    "69": 14.880000114440918,
                    "70": 14.880000114440918,
                    "71": 14.880000114440918,
                    "72": 14.8100004196167,
                    "73": 14.8100004196167,
                    "74": 14.8100004196167,
                    "75": 14.890000343322754,
                    "76": 14.890000343322754,
                    "77": 14.890000343322754,
                    "78": 14.890000343322754,
                    "79": 14.890000343322754,
                    "80": 14.890000343322754,
                    "81": 14.890000343322754,
                    "82": 15.6899995803833,
                    "83": 15.6899995803833,
                    "84": 15.6899995803833,
                    "85": 15.6899995803833,
                    "86": 15.6899995803833,
                    "87": 15.6899995803833,
                    "88": 15.6899995803833,
                    "89": 15.6899995803833,
                    "90": 15.6899995803833,
                    "91": 15.6899995803833,
                    "92": 15.6899995803833,
                    "93": 15.6899995803833,
                    "94": 15.6899995803833,
                    "95": 15.6899995803833,
                    "96": 15.6899995803833,
                    "97": 16.049999237060547,
                    "98": 16.049999237060547,
                    "99": 16.049999237060547,
                    "100": 16.049999237060547,
                    "101": 16.049999237060547,
                    "102": 15.770000457763672,
                    "103": 15.770000457763672,
                    "104": 15.770000457763672,
                    "105": 15.770000457763672,
                    "106": 15.770000457763672,
                    "107": 15.770000457763672,
                    "108": 15.420000076293945,
                    "109": 15.420000076293945,
                    "110": 15.420000076293945,
                    "111": 15.420000076293945,
                    "112": 15.420000076293945,
                    "113": 15.420000076293945,
                    "114": 15.239999771118164,
                    "115": 15.239999771118164,
                    "116": 15.239999771118164,
                    "117": 15.15999984741211,
                    "118": 15.15999984741211,
                    "119": 15.15999984741211,
                    "120": 13.65999984741211
                }
            },
            {
                "summaryType": "stress",
                "minValue": 58.0,
                "maxValue": 93.0,
                "avgValue": 79.0,
                "epochSummaries": {
                    "0": 93.0,
                    "1": 93.0,
                    "2": 93.0,
                    "3": 93.0,
                    "4": 93.0,
                    "5": 93.0,
                    "6": 93.0,
                    "7": 93.0,
                    "8": 93.0,
                    "9": 93.0,
                    "10": 92.0,
                    "11": 92.0,
                    "12": 92.0,
                    "13": 92.0,
                    "14": 92.0,
                    "15": 91.0,
                    "16": 91.0,
                    "17": 91.0,
                    "18": 91.0,
                    "19": 91.0,
                    "20": 91.0,
                    "21": 91.0,
                    "22": 91.0,
                    "23": 91.0,
                    "24": 91.0,
                    "25": 92.0,
                    "26": 92.0,
                    "27": 92.0,
                    "28": 92.0,
                    "29": 92.0,
                    "30": 91.0,
                    "31": 91.0,
                    "32": 91.0,
                    "33": 91.0,
                    "34": 91.0,
                    "35": 87.0,
                    "36": 87.0,
                    "37": 87.0,
                    "38": 87.0,
                    "39": 87.0,
                    "40": 81.0,
                    "41": 81.0,
                    "42": 81.0,
                    "43": 81.0,
                    "44": 81.0,
                    "45": 73.0,
                    "46": 73.0,
                    "47": 73.0,
                    "48": 73.0,
                    "49": 73.0,
                    "50": 67.0,
                    "51": 67.0,
                    "52": 67.0,
                    "53": 67.0,
                    "54": 67.0,
                    "55": 62.0,
                    "56": 62.0,
                    "57": 62.0,
                    "58": 62.0,
                    "59": 62.0,
                    "60": 58.0,
                    "61": 58.0,
                    "62": 58.0,
                    "63": 58.0,
                    "64": 58.0,
                    "65": 59.0,
                    "66": 59.0,
                    "67": 59.0,
                    "68": 59.0,
                    "69": 59.0,
                    "70": 63.0,
                    "71": 63.0,
                    "72": 63.0,
                    "73": 63.0,
                    "74": 63.0,
                    "75": 68.0,
                    "76": 68.0,
                    "77": 68.0,
                    "78": 68.0,
                    "79": 68.0,
                    "80": 72.0,
                    "81": 72.0,
                    "82": 72.0,
                    "83": 72.0,
                    "84": 72.0,
                    "85": 73.0,
                    "86": 73.0,
                    "87": 73.0,
                    "88": 73.0,
                    "89": 73.0,
                    "90": 75.0,
                    "91": 75.0,
                    "92": 75.0,
                    "93": 75.0,
                    "94": 75.0,
                    "95": 78.0,
                    "96": 78.0,
                    "97": 78.0,
                    "98": 78.0,
                    "99": 78.0,
                    "100": 81.0,
                    "101": 81.0,
                    "102": 81.0,
                    "103": 81.0,
                    "104": 81.0,
                    "105": 81.0,
                    "106": 81.0,
                    "107": 81.0,
                    "108": 81.0,
                    "109": 81.0,
                    "110": 83.0,
                    "111": 83.0,
                    "112": 83.0,
                    "113": 83.0,
                    "114": 83.0,
                    "115": 84.0,
                    "116": 84.0,
                    "117": 84.0,
                    "118": 84.0,
                    "119": 84.0,
                    "120": 82.0
                }
            },
            {
                "summaryType": "spo2",
                "minValue": 97.0,
                "maxValue": 97.0,
                "avgValue": 97.0,
                "epochSummaries": {
                    "1": 97.0,
                    "2": 97.0,
                    "3": 97.0,
                    "4": 97.0,
                    "5": 97.0,
                    "6": 97.0,
                    "7": 97.0,
                    "8": 97.0,
                    "9": 97.0,
                    "10": 97.0,
                    "11": 97.0,
                    "12": 97.0,
                    "13": 97.0,
                    "14": 97.0,
                    "15": 97.0,
                    "16": 97.0,
                    "17": 97.0,
                    "18": 97.0,
                    "19": 97.0,
                    "20": 97.0,
                    "21": 97.0,
                    "22": 97.0,
                    "23": 97.0,
                    "24": 97.0,
                    "25": 97.0,
                    "26": 97.0,
                    "27": 97.0,
                    "28": 97.0,
                    "29": 97.0,
                    "30": 97.0,
                    "31": 97.0,
                    "32": 97.0,
                    "33": 97.0,
                    "34": 97.0,
                    "35": 97.0,
                    "36": 97.0,
                    "37": 97.0,
                    "38": 97.0,
                    "39": 97.0,
                    "40": 97.0,
                    "41": 97.0,
                    "42": 97.0,
                    "43": 97.0,
                    "44": 97.0,
                    "45": 97.0,
                    "46": 97.0,
                    "47": 97.0,
                    "48": 97.0,
                    "49": 97.0,
                    "50": 97.0,
                    "51": 97.0,
                    "52": 97.0,
                    "53": 97.0,
                    "54": 97.0,
                    "55": 97.0,
                    "56": 97.0,
                    "57": 97.0,
                    "58": 97.0,
                    "59": 97.0,
                    "60": 97.0,
                    "61": 97.0,
                    "62": 97.0,
                    "63": 97.0,
                    "64": 97.0,
                    "65": 97.0,
                    "66": 97.0,
                    "67": 97.0,
                    "68": 97.0,
                    "69": 97.0,
                    "70": 97.0,
                    "71": 97.0,
                    "72": 97.0,
                    "73": 97.0,
                    "74": 97.0,
                    "75": 97.0,
                    "76": 97.0,
                    "77": 97.0,
                    "78": 97.0,
                    "79": 97.0,
                    "80": 97.0,
                    "81": 97.0,
                    "82": 97.0,
                    "83": 97.0,
                    "84": 97.0,
                    "85": 97.0,
                    "86": 97.0,
                    "87": 97.0,
                    "88": 97.0,
                    "89": 97.0,
                    "90": 97.0,
                    "91": 97.0,
                    "92": 97.0,
                    "93": 97.0,
                    "94": 97.0,
                    "95": 97.0,
                    "96": 97.0,
                    "97": 97.0,
                    "98": 97.0,
                    "99": 97.0,
                    "100": 97.0,
                    "101": 97.0,
                    "102": 97.0,
                    "103": 97.0,
                    "104": 97.0,
                    "105": 97.0,
                    "106": 97.0,
                    "107": 97.0,
                    "108": 97.0,
                    "109": 97.0,
                    "110": 97.0,
                    "111": 97.0,
                    "112": 97.0,
                    "113": 97.0,
                    "114": 97.0,
                    "115": 97.0,
                    "116": 97.0,
                    "117": 97.0,
                    "118": 97.0,
                    "119": 97.0,
                    "120": 97.0
                }
            },
            {
                "summaryType": "rmssd_hrv",
                "avgValue": 41.0
            },
            {
                "summaryType": "sdrr_hrv",
                "avgValue": 84.0
            }
        ]
    }
]