[
    {
        "userId": "49d85c6a-b8f8-4787-95fa-f145553e59a9",
        "userAccessToken": "7b64f2c3-1572-407f-ac1a-ea3ef127ff2c",
        "summaryId": "x45dba26-67124c9c90da4119-85c7-4bbc-b7d0-e5a26a78ccfa78",
        "calendarDate": "2024-10-18",
        "startTimeInSeconds": 1729252508,
        "durationInSeconds": 120,
        "startTimeOffsetInSeconds": 7254,
        "summaries": [
            {
                "summaryType": "heart_rate",
                "minValue": 54.0,
                "maxValue": 63.0,
                "avgValue": 59.0,
                "epochSummaries": {
                    "0": 61.0,
                    "1": 61.0,
                    "2": 61.0,
                    "3": 61.0,
                    "4": 61.0,
                    "5": 61.0,
                    "6": 61.0,
                    "7": 62.0,
                    "8": 63.0,
                    "9": 63.0,
                    "10": 63.0,
                    "11": 63.0,
                    "12": 62.0,
                    "13": 60.0,
                    "14": 59.0,
                    "15": 59.0,
                    "16": 60.0,
                    "17": 60.0,
                    "18": 61.0,
                    "19": 61.0,
                    "20": 60.0,
                    "21": 60.0,
                    "22": 60.0,
                    "23": 60.0,
                    "24": 59.0,
                    "25": 59.0,
                    "26": 59.0,
                    "27": 59.0,
                    "28": 58.0,
                    "29": 58.0,
                    "30": 58.0,
                    "31": 58.0,
                    "32": 58.0,
                    "33": 58.0,
                    "34": 57.0,
                    "35": 57.0,
                    "36": 57.0,
                    "37": 57.0,
                    "38": 58.0,
                    "39": 58.0,
                    "40": 58.0,
                    "41": 58.0,
                    "42": 59.0,
                    "43": 59.0,
                    "44": 59.0,
                    "45": 58.0,
                    "46": 59.0,
                    "47": 59.0,
                    "48": 59.0,
                    "49": 59.0,
                    "50": 59.0,
                    "51": 58.0,
                    "52": 58.0,
                    "53": 57.0,
                    "54": 56.0,
                    "55": 56.0,
                    "56": 56.0,
                    "57": 57.0,
                    "58": 57.0,
                    "59": 58.0,
                    "60": 58.0,
                    "61": 59.0,
                    "62": 60.0,
                    "63": 59.0,
                    "64": 59.0,
                    "65": 58.0,
                    "66": 57.0,
                    "67": 57.0,
                    "68": 55.0,
                    "69": 54.0,
                    "70": 55.0,
                    "71": 56.0,
                    "72": 57.0,
                    "73": 57.0,
                    "74": 57.0,
                    "75": 57.0,
                    "76": 57.0,
                    "77": 58.0,
                    "78": 59.0,
                    "79": 59.0,
                    "80": 59.0,
                    "81": 56.0,
                    "82": 56.0,
                    "83": 56.0,
                    "84": 60.0,
                    "85": 63.0,
                    "86": 63.0,
                    "87": 63.0,
                    "88": 63.0,
                    "89": 62.0,
                    "90": 62.0,
                    "91": 61.0,
                    "92": 60.0,
                    "93": 60.0,
                    "94": 60.0,
                    "95": 60.0,
                    "96": 60.0,
                    "97": 60.0,
                    "98": 61.0,
                    "99": 61.0,
                    "100": 62.0,
                    "101": 62.0,
                    "102": 62.0,
                    "103": 62.0,
                    "104": 62.0,
                    "105": 62.0,
                    "106": 62.0,
                    "107": 62.0,
                    "108": 61.0,
                    "109": 60.0,
                    "110": 60.0,
                    "111": 60.0,
                    "112": 60.0,
                    "113": 60.0,
                    "114": 60.0,
                    "115": 59.0,
                    "116": 59.0,
                    "117": 59.0,
                    "118": 59.0,
                    "119": 59.0,
                    "120": 59.0
                }
            },
            {
                "summaryType": "respiration",
                "minValue": 11.649999618530273,
                "maxValue": 13.680000305175781,
                "avgValue": 13.3100004196167,
                "epochSummaries": {
                    "0": 13.34000015258789,
                    "1": 13.5,
                    "2": 13.5,
                    "3": 13.5,
                    "4": 13.5,
                    "5": 13.5,
                    "6": 13.5,
                    "7": 13.5,
                    "8": 13.5,
                    "9": 13.34000015258789,
                    "10": 13.34000015258789,
                    "11": 13.34000015258789,
                    "12": 13.020000457763672,
                    "13": 13.020000457763672,
                    "14": 13.020000457763672,
                    "15": 13.020000457763672,
                    "16": 13.020000457763672,
                    "17": 13.020000457763672,
                    "18": 13.020000457763672,
                    "19": 13.020000457763672,
                    "20": 13.020000457763672,
                    "21": 13.020000457763672,
                    "22": 13.020000457763672,
                    "23": 13.020000457763672,
                    "24": 13.020000457763672,
                    "25": 12.600000381469727,
                    "26": 12.600000381469727,
                    "27": 12.600000381469727,
                    "28": 12.600000381469727,
                    "29": 12.600000381469727,
                    "30": 12.600000381469727,
                    "31": 12.460000038146973,
                    "32": 12.460000038146973,
                    "33": 12.460000038146973,
                    "34": 12.579999923706055,
                    "35": 12.579999923706055,
                    "36": 12.579999923706055,
                    "37": 12.890000343322754,
                    "38": 12.890000343322754,
                    "39": 12.890000343322754,
                    "40": 12.890000343322754,
                    "41": 13.140000343322754,
                    "42": 13.140000343322754,
                    "43": 13.5,
                    "44": 13.5,
                    "45": 13.5,
                    "46": 13.5,
                    "47": 13.600000381469727,
                    "48": 13.600000381469727,
                    "49": 13.600000381469727,
                    "50": 13.600000381469727,
                    "51": 13.600000381469727,
                    "52": 13.640000343322754,
                    "53": 13.640000343322754,
                    "54": 13.640000343322754,
                    "55": 13.640000343322754,
                    "56": 13.640000343322754,
                    "57": 13.640000343322754,
                    "58": 13.510000228881836,
                    "59": 13.510000228881836,
                    "60": 13.510000228881836,
                    "61": 13.510000228881836,
                    "62": 13.510000228881836,
                    "63": 13.510000228881836,
                    "64": 13.510000228881836,
                    "65": 13.470000267028809,
                    "66": 13.470000267028809,
                    "67": 13.470000267028809,
                    "68": 13.34000015258789,
                    "69": 13.34000015258789,
                    "70": 13.34000015258789,
                    "71": 13.34000015258789,
                    "72": 13.34000015258789,
                    "73": 13.399999618530273,
                    "74": 13.399999618530273,
                    "75": 13.399999618530273,
                    "76": 13.399999618530273,
                    "77": 13.3100004196167,
                    "78": 13.3100004196167,
                    "79": 13.3100004196167,
                    "80": 13.3100004196167,
                    "81": 13.390000343322754,
                    "82": 13.390000343322754,
                    "83": 13.390000343322754,
                    "84": 13.600000381469727,
                    "85": 13.600000381469727,
                    "86": 13.600000381469727,
                    "87": 13.600000381469727,
                    "88": 13.600000381469727,
                    "89": 13.680000305175781,
                    "90": 13.680000305175781,
                    "91": 13.680000305175781,
                    "92": 13.680000305175781,
                    "93": 13.680000305175781,
                    "94": 13.579999923706055,
                    "95": 13.579999923706055,
                    "96": 13.579999923706055,
                    "97": 13.579999923706055,
                    "98": 13.579999923706055,
                    "99": 13.579999923706055,
                    "100": 13.630000114440918,
                    "101": 13.630000114440918,
                    "102": 13.630000114440918,
                    "103": 13.630000114440918,
                    "104": 13.630000114440918,
                    "105": 13.630000114440918,
                    "106": 13.520000457763672,
                    "107": 13.520000457763672,
                    "108": 13.5,
                    "109": 13.5,
                    "110": 13.5,
                    "111": 13.5,
                    "112": 13.5,
                    "113": 13.260000228881836,
                    "114": 13.260000228881836,
                    "115": 13.260000228881836,
                    "116": 13.260000228881836,
                    "117": 13.260000228881836,
                    "118": 13.260000228881836,
                    "119": 13.260000228881836,
                    "120": 11.649999618530273
                }
            },
            {
                "summaryType": "stress",
                "minValue": 16.0,
                "maxValue": 29.0,
                "avgValue": 20.0,
                "epochSummaries": {
                    "0": 27.0,
                    "1": 27.0,
                    "2": 28.0,
                    "3": 28.0,
                    "4": 28.0,
                    "5": 28.0,
                    "6": 28.0,
                    "7": 29.0,
                    "8": 29.0,
                    "9": 29.0,
                    "10": 29.0,
                    "11": 29.0,
                    "12": 25.0,
                    "13": 25.0,
                    "14": 25.0,
                    "15": 25.0,
                    "16": 25.0,
                    "17": 24.0,
                    "18": 24.0,
                    "19": 24.0,
                    "20": 24.0,
                    "21": 24.0,
                    "22": 22.0,
                    "23": 22.0,
                    "24": 22.0,
                    "25": 22.0,
                    "26": 22.0,
                    "27": 21.0,
                    "28": 21.0,
                    "29": 21.0,
                    "30": 21.0,
                    "31": 21.0,
                    "32": 19.0,
                    "33": 19.0,
                    "34": 19.0,
                    "35": 19.0,
                    "36": 19.0,
                    "37": 18.0,
                    "38": 18.0,
                    "39": 18.0,
                    "40": 18.0,
                    "41": 18.0,
                    "42": 18.0,
                    "43": 18.0,
                    "44": 18.0,
                    "45": 18.0,
                    "46": 18.0,
                    "47": 18.0,
                    "48": 18.0,
                    "49": 18.0,
                    "50": 18.0,
                    "51": 18.0,
                    "52": 18.0,
                    "53": 18.0,
                    "54": 18.0,
                    "55": 18.0,
                    "56": 18.0,
                    "57": 18.0,
                    "58": 18.0,
                    "59": 18.0,
                    "60": 18.0,
                    "61": 18.0,
                    "62": 18.0,
                    "63": 18.0,
                    "64": 18.0,
                    "65": 18.0,
                    "66": 18.0,
                    "67": 18.0,
                    "68": 18.0,
                    "69": 18.0,
                    "70": 18.0,
                    "71": 18.0,
                    "72": 18.0,
                    "73": 18.0,
                    "74": 18.0,
                    "75": 18.0,
                    "76": 18.0,
                    "77": 18.0,
                    "78": 18.0,
                    "79": 18.0,
                    "80": 18.0,
                    "81": 18.0,
                    "82": 19.0,
                    "83": 19.0,
                    "84": 19.0,
                    "85": 19.0,
                    "86": 19.0,
                    "87": 19.0,
                    "88": 19.0,
                    "89": 19.0,
                    "90": 19.0,
                    "91": 19.0,
                    "92": 19.0,
                    "93": 19.0,
                    "94": 19.0,
                    "95": 19.0,
                    "96": 19.0,
                    "97": 19.0,
                    "98": 19.0,
                    "99": 19.0,
                    "100": 19.0,
                    "101": 19.0,
                    "102": 18.0,
                    "103": 18.0,
                    "104": 18.0,
                    "105": 18.0,
                    "106": 18.0,
                    "107": 18.0,
                    "108": 18.0,
                    "109": 18.0,
                    "110": 18.0,
                    "111": 18.0,
                    "112": 17.0,
                    "113": 17.0,
                    "114": 17.0,
                    "115": 17.0,
                    "116": 17.0,
                    "117": 16.0,
                    "118": 16.0,
                    "119": 16.0,
                    "120": 16.0
                }
            },
            {
                "summaryType": "spo2",
                "minValue": 96.0,
                "maxValue": 98.0,
                "avgValue": 97.0,
                "epochSummaries": {
                    "0": 96.0,
                    "1": 96.0,
                    "2": 96.0,
                    "3": 96.0,
                    "4": 96.0,
                    "5": 96.0,
                    "6": 96.0,
                    "7": 96.0,
                    "8": 96.0,
                    "9": 96.0,
                    "10": 96.0,
                    "11": 96.0,
                    "12": 96.0,
                    "13": 96.0,
                    "14": 96.0,
                    "15": 96.0,
                    "16": 96.0,
                    "17": 97.0,
                    "18": 97.0,
                    "19": 97.0,
                    "20": 97.0,
                    "21": 97.0,
                    "22": 97.0,
                    "23": 97.0,
                    "24": 97.0,
                    "25": 97.0,
                    "26": 97.0,
                    "27": 97.0,
                    "28": 97.0,
                    "29": 97.0,
                    "30": 97.0,
                    "31": 97.0,
                    "32": 97.0,
                    "33": 97.0,
                    "34": 97.0,
                    "35": 97.0,
                    "36": 97.0,
                    "37": 97.0,
                    "38": 97.0,
                    "39": 98.0,
                    "40": 98.0,
                    "41": 98.0,
                    "42": 98.0,
                    "43": 98.0,
                    "44": 98.0,
                    "45": 98.0,
                    "46": 98.0,
                    "47": 98.0,
                    "48": 98.0,
                    "49": 98.0,
                    "50": 98.0,
                    "51": 98.0,
                    "52": 98.0,
                    "53": 98.0,
                    "54": 98.0,
                    "55": 98.0,
                    "56": 98.0,
                    "57": 97.0,
                    "58": 97.0,
                    "59": 97.0,
                    "60": 97.0,
                    "61": 97.0,
                    "62": 97.0,
                    "63": 97.0,
                    "64": 97.0,
                    "65": 97.0,
                    "66": 97.0,
                    "67": 97.0,
                    "68": 97.0,
                    "69": 97.0,
                    "70": 97.0,
                    "71": 97.0,
                    "72": 97.0,
                    "73": 97.0,
                    "74": 97.0,
                    "75": 97.0,
                    "76": 97.0,
                    "77": 97.0,
                    "78": 97.0,
                    "79": 97.0,
                    "80": 97.0,
                    "81": 97.0,
                    "82": 97.0,
                    "83": 97.0,
                    "84": 97.0,
                    "85": 97.0,
                    "86": 97.0,
                    "87": 97.0,
                    "88": 97.0,
                    "89": 97.0,
                    "90": 97.0,
                    "91": 97.0,
                    "92": 97.0,
                    "93": 97.0,
                    "94": 97.0,
                    "95": 97.0,
                    "96": 97.0,
                    "97": 97.0,
                    "98": 97.0,
                    "99": 97.0,
                    "100": 97.0,
                    "101": 97.0,
                    "102": 97.0,
                    "103": 97.0,
                    "104": 97.0,
                    "105": 97.0,
                    "106": 97.0,
                    "107": 97.0,
                    "108": 97.0,
                    "109": 97.0,
                    "110": 97.0,
                    "111": 97.0,
                    "112": 97.0,
                    "113": 97.0,
                    "114": 97.0,
                    "115": 97.0,
                    "116": 97.0,
                    "117": 97.0,
                    "118": 97.0,
                    "119": 97.0,
                    "120": 97.0
                }
            },
            {
                "summaryType": "rmssd_hrv",
                "avgValue": 67.0
            },
            {
                "summaryType": "sdrr_hrv",
                "avgValue": 70.0
            }
        ]
    }
]