[
    {
        "userId": "49d85c6a-b8f8-4787-95fa-f145553e59a9",
        "userAccessToken": "7b64f2c3-1572-407f-ac1a-ea3ef127ff2c",
        "summaryId": "x45dba26-671287f60fd3d87b-c15d-4518-9ef4-650a758c761378",
        "calendarDate": "2024-10-18",
        "startTimeInSeconds": 1729267702,
        "durationInSeconds": 120,
        "startTimeOffsetInSeconds": 7254,
        "summaries": [
            {
                "summaryType": "heart_rate",
                "minValue": 56.0,
                "maxValue": 75.0,
                "avgValue": 60.0,
                "epochSummaries": {
                    "0": 75.0,
                    "1": 75.0,
                    "2": 75.0,
                    "3": 75.0,
                    "4": 75.0,
                    "5": 75.0,
                    "6": 75.0,
                    "7": 75.0,
                    "8": 75.0,
                    "9": 74.0,
                    "10": 70.0,
                    "11": 65.0,
                    "12": 60.0,
                    "13": 59.0,
                    "14": 59.0,
                    "15": 59.0,
                    "16": 59.0,
                    "17": 60.0,
                    "18": 60.0,
                    "19": 60.0,
                    "20": 60.0,
                    "21": 60.0,
                    "22": 60.0,
                    "23": 60.0,
                    "24": 59.0,
                    "25": 59.0,
                    "26": 58.0,
                    "27": 58.0,
                    "28": 58.0,
                    "29": 59.0,
                    "30": 59.0,
                    "31": 59.0,
                    "32": 59.0,
                    "33": 59.0,
                    "34": 59.0,
                    "35": 58.0,
                    "36": 58.0,
                    "37": 57.0,
                    "38": 56.0,
                    "39": 56.0,
                    "40": 56.0,
                    "41": 56.0,
                    "42": 56.0,
                    "43": 57.0,
                    "44": 57.0,
                    "45": 57.0,
                    "46": 57.0,
                    "47": 57.0,
                    "48": 57.0,
                    "49": 58.0,
                    "50": 58.0,
                    "51": 59.0,
                    "52": 59.0,
                    "53": 59.0,
                    "54": 58.0,
                    "55": 58.0,
                    "56": 58.0,
                    "57": 58.0,
                    "58": 59.0,
                    "59": 59.0,
                    "60": 59.0,
                    "61": 59.0,
                    "62": 59.0,
                    "63": 59.0,
                    "64": 59.0,
                    "65": 59.0,
                    "66": 59.0,
                    "67": 59.0,
                    "68": 59.0,
                    "69": 59.0,
                    "70": 59.0,
                    "71": 59.0,
                    "72": 59.0,
                    "73": 59.0,
                    "74": 58.0,
                    "75": 58.0,
                    "76": 57.0,
                    "77": 57.0,
                    "78": 56.0,
                    "79": 56.0,
                    "80": 56.0,
                    "81": 57.0,
                    "82": 58.0,
                    "83": 58.0,
                    "84": 59.0,
                    "85": 59.0,
                    "86": 59.0,
                    "87": 59.0,
                    "88": 59.0,
                    "89": 59.0,
                    "90": 59.0,
                    "91": 59.0,
                    "92": 59.0,
                    "93": 59.0,
                    "94": 59.0,
                    "95": 59.0,
                    "96": 59.0,
                    "97": 59.0,
                    "98": 59.0,
                    "99": 59.0,
                    "100": 60.0,
                    "101": 60.0,
                    "102": 60.0,
                    "103": 60.0,
                    "104": 60.0,
                    "105": 61.0,
                    "106": 61.0,
                    "107": 61.0,
                    "108": 61.0,
                    "109": 61.0,
                    "110": 61.0,
                    "111": 61.0,
                    "112": 60.0,
                    "113": 60.0,
                    "114": 60.0,
                    "115": 60.0,
                    "116": 60.0,
                    "117": 59.0,
                    "118": 59.0,
                    "119": 59.0,
                    "120": 59.0
                }
            },
            {
                "summaryType": "respiration",
                "minValue": 12.710000038146973,
                "maxValue": 14.130000114440918,
                "avgValue": 13.449999809265137,
                "epochSummaries": {
                    "0": 12.989999771118164,
                    "1": 12.989999771118164,
                    "2": 12.989999771118164,
                    "3": 12.989999771118164,
                    "4": 12.989999771118164,
                    "5": 12.989999771118164,
                    "6": 12.989999771118164,
                    "7": 12.989999771118164,
                    "8": 13.09000015258789,
                    "9": 13.170000076293945,
                    "10": 13.170000076293945,
                    "11": 13.170000076293945,
                    "12": 13.170000076293945,
                    "13": 13.350000381469727,
                    "14": 13.350000381469727,
                    "15": 13.350000381469727,
                    "16": 13.350000381469727,
                    "17": 13.350000381469727,
                    "18": 13.350000381469727,
                    "19": 13.34000015258789,
                    "20": 13.34000015258789,
                    "21": 13.34000015258789,
                    "22": 13.3100004196167,
                    "23": 13.3100004196167,
                    "24": 13.3100004196167,
                    "25": 13.3100004196167,
                    "26": 13.3100004196167,
                    "27": 13.420000076293945,
                    "28": 13.420000076293945,
                    "29": 13.420000076293945,
                    "30": 13.420000076293945,
                    "31": 13.420000076293945,
                    "32": 13.420000076293945,
                    "33": 13.420000076293945,
                    "34": 13.420000076293945,
                    "35": 13.420000076293945,
                    "36": 13.069999694824219,
                    "37": 13.079999923706055,
                    "38": 13.079999923706055,
                    "39": 13.079999923706055,
                    "40": 13.079999923706055,
                    "41": 13.079999923706055,
                    "42": 13.079999923706055,
                    "43": 12.850000381469727,
                    "44": 12.850000381469727,
                    "45": 12.850000381469727,
                    "46": 12.850000381469727,
                    "47": 12.850000381469727,
                    "48": 13.140000343322754,
                    "49": 13.140000343322754,
                    "50": 13.140000343322754,
                    "51": 13.140000343322754,
                    "52": 12.710000038146973,
                    "53": 12.710000038146973,
                    "54": 12.710000038146973,
                    "55": 12.710000038146973,
                    "56": 12.710000038146973,
                    "57": 12.710000038146973,
                    "58": 13.460000038146973,
                    "59": 13.460000038146973,
                    "60": 13.460000038146973,
                    "61": 13.460000038146973,
                    "62": 13.609999656677246,
                    "63": 13.609999656677246,
                    "64": 13.609999656677246,
                    "65": 13.609999656677246,
                    "66": 13.609999656677246,
                    "67": 13.529999732971191,
                    "68": 13.529999732971191,
                    "69": 13.529999732971191,
                    "70": 13.529999732971191,
                    "71": 13.529999732971191,
                    "72": 13.529999732971191,
                    "73": 13.529999732971191,
                    "74": 13.699999809265137,
                    "75": 13.699999809265137,
                    "76": 13.699999809265137,
                    "77": 13.699999809265137,
                    "78": 13.699999809265137,
                    "79": 13.489999771118164,
                    "80": 13.489999771118164,
                    "81": 13.449999809265137,
                    "82": 13.449999809265137,
                    "83": 13.449999809265137,
                    "84": 13.449999809265137,
                    "85": 13.449999809265137,
                    "86": 13.449999809265137,
                    "87": 13.609999656677246,
                    "88": 13.779999732971191,
                    "89": 13.779999732971191,
                    "90": 13.779999732971191,
                    "91": 13.779999732971191,
                    "92": 13.779999732971191,
                    "93": 13.6899995803833,
                    "94": 13.6899995803833,
                    "95": 13.6899995803833,
                    "96": 13.6899995803833,
                    "97": 13.6899995803833,
                    "98": 13.6899995803833,
                    "99": 13.850000381469727,
                    "100": 13.850000381469727,
                    "101": 13.850000381469727,
                    "102": 13.850000381469727,
                    "103": 13.850000381469727,
                    "104": 13.850000381469727,
                    "105": 14.0,
                    "106": 14.0,
                    "107": 14.0,
                    "108": 14.0,
                    "109": 14.130000114440918,
                    "110": 14.130000114440918,
                    "111": 14.130000114440918,
                    "112": 14.130000114440918,
                    "113": 14.130000114440918,
                    "114": 14.130000114440918,
                    "115": 14.130000114440918,
                    "116": 14.130000114440918,
                    "117": 13.989999771118164,
                    "118": 13.989999771118164,
                    "119": 13.989999771118164,
                    "120": 14.039999961853027
                }
            },
            {
                "summaryType": "stress",
                "minValue": 15.0,
                "maxValue": 34.0,
                "avgValue": 21.0,
                "epochSummaries": {
                    "0": 30.0,
                    "1": 30.0,
                    "2": 30.0,
                    "3": 32.0,
                    "4": 32.0,
                    "5": 32.0,
                    "6": 32.0,
                    "7": 32.0,
                    "8": 32.0,
                    "9": 32.0,
                    "10": 32.0,
                    "11": 32.0,
                    "12": 32.0,
                    "13": 34.0,
                    "14": 34.0,
                    "15": 34.0,
                    "16": 34.0,
                    "17": 34.0,
                    "18": 31.0,
                    "19": 31.0,
                    "20": 31.0,
                    "21": 31.0,
                    "22": 31.0,
                    "23": 25.0,
                    "24": 25.0,
                    "25": 25.0,
                    "26": 25.0,
                    "27": 25.0,
                    "28": 23.0,
                    "29": 23.0,
                    "30": 23.0,
                    "31": 23.0,
                    "32": 23.0,
                    "33": 22.0,
                    "34": 22.0,
                    "35": 22.0,
                    "36": 22.0,
                    "37": 22.0,
                    "38": 21.0,
                    "39": 21.0,
                    "40": 21.0,
                    "41": 21.0,
                    "42": 21.0,
                    "43": 20.0,
                    "44": 20.0,
                    "45": 20.0,
                    "46": 20.0,
                    "47": 20.0,
                    "48": 19.0,
                    "49": 19.0,
                    "50": 19.0,
                    "51": 19.0,
                    "52": 19.0,
                    "53": 19.0,
                    "54": 19.0,
                    "55": 19.0,
                    "56": 19.0,
                    "57": 19.0,
                    "58": 18.0,
                    "59": 18.0,
                    "60": 18.0,
                    "61": 18.0,
                    "62": 18.0,
                    "63": 17.0,
                    "64": 17.0,
                    "65": 17.0,
                    "66": 17.0,
                    "67": 17.0,
                    "68": 15.0,
                    "69": 15.0,
                    "70": 15.0,
                    "71": 15.0,
                    "72": 15.0,
                    "73": 15.0,
                    "74": 15.0,
                    "75": 15.0,
                    "76": 15.0,
                    "77": 15.0,
                    "78": 15.0,
                    "79": 15.0,
                    "80": 15.0,
                    "81": 15.0,
                    "82": 15.0,
                    "83": 16.0,
                    "84": 16.0,
                    "85": 16.0,
                    "86": 16.0,
                    "87": 16.0,
                    "88": 16.0,
                    "89": 16.0,
                    "90": 16.0,
                    "91": 16.0,
                    "92": 16.0,
                    "93": 16.0,
                    "94": 16.0,
                    "95": 16.0,
                    "96": 16.0,
                    "97": 16.0,
                    "98": 17.0,
                    "99": 17.0,
                    "100": 17.0,
                    "101": 17.0,
                    "102": 17.0,
                    "103": 17.0,
                    "104": 17.0,
                    "105": 17.0,
                    "106": 17.0,
                    "107": 17.0,
                    "108": 19.0,
                    "109": 19.0,
                    "110": 19.0,
                    "111": 19.0,
                    "112": 19.0,
                    "113": 20.0,
                    "114": 20.0,
                    "115": 20.0,
                    "116": 20.0,
                    "117": 20.0,
                    "118": 20.0,
                    "119": 20.0,
                    "120": 20.0
                }
            },
            {
                "summaryType": "spo2",
                "minValue": 96.0,
                "maxValue": 99.0,
                "avgValue": 97.0,
                "epochSummaries": {
                    "0": 99.0,
                    "1": 99.0,
                    "2": 99.0,
                    "3": 99.0,
                    "4": 99.0,
                    "5": 99.0,
                    "6": 99.0,
                    "7": 99.0,
                    "8": 99.0,
                    "9": 99.0,
                    "10": 99.0,
                    "11": 99.0,
                    "12": 99.0,
                    "13": 99.0,
                    "14": 99.0,
                    "15": 99.0,
                    "16": 99.0,
                    "17": 99.0,
                    "18": 99.0,
                    "19": 99.0,
                    "20": 99.0,
                    "21": 99.0,
                    "22": 99.0,
                    "23": 99.0,
                    "24": 98.0,
                    "25": 98.0,
                    "26": 97.0,
                    "27": 97.0,
                    "28": 97.0,
                    "29": 97.0,
                    "30": 97.0,
                    "31": 97.0,
                    "32": 97.0,
                    "33": 97.0,
                    "34": 97.0,
                    "35": 97.0,
                    "36": 97.0,
                    "37": 97.0,
                    "38": 97.0,
                    "39": 97.0,
                    "40": 97.0,
                    "41": 97.0,
                    "42": 97.0,
                    "43": 97.0,
                    "44": 97.0,
                    "45": 97.0,
                    "46": 97.0,
                    "47": 97.0,
                    "48": 97.0,
                    "49": 97.0,
                    "50": 97.0,
                    "51": 97.0,
                    "52": 97.0,
                    "53": 97.0,
                    "54": 97.0,
                    "55": 97.0,
                    "56": 97.0,
                    "57": 97.0,
                    "58": 97.0,
                    "59": 97.0,
                    "60": 97.0,
                    "61": 97.0,
                    "62": 97.0,
                    "63": 97.0,
                    "64": 97.0,
                    "65": 97.0,
                    "66": 97.0,
                    "67": 97.0,
                    "68": 97.0,
                    "69": 97.0,
                    "70": 97.0,
                    "71": 96.0,
                    "72": 96.0,
                    "73": 96.0,
                    "74": 96.0,
                    "75": 96.0,
                    "76": 96.0,
                    "77": 96.0,
                    "78": 96.0,
                    "79": 96.0,
                    "80": 96.0,
                    "81": 96.0,
                    "82": 96.0,
                    "83": 96.0,
                    "84": 96.0,
                    "85": 97.0,
                    "86": 97.0,
                    "87": 97.0,
                    "88": 97.0,
                    "89": 97.0,
                    "90": 97.0,
                    "91": 97.0,
                    "92": 97.0,
                    "93": 97.0,
                    "94": 97.0,
                    "95": 97.0,
                    "96": 97.0,
                    "97": 97.0,
                    "98": 97.0,
                    "99": 97.0,
                    "100": 97.0,
                    "101": 97.0,
                    "102": 97.0,
                    "103": 97.0,
                    "104": 97.0,
                    "105": 97.0,
                    "106": 97.0,
                    "107": 97.0,
                    "108": 97.0,
                    "109": 97.0,
                    "110": 97.0,
                    "111": 97.0,
                    "112": 97.0,
                    "113": 97.0,
                    "114": 97.0,
                    "115": 97.0,
                    "116": 97.0,
                    "117": 97.0,
                    "118": 97.0,
                    "119": 97.0,
                    "120": 97.0
                }
            },
            {
                "summaryType": "rmssd_hrv",
                "avgValue": 62.0
            },
            {
                "summaryType": "sdrr_hrv",
                "avgValue": 79.0
            }
        ]
    }
]