[
    {
        "userId": "49d85c6a-b8f8-4787-95fa-f145553e59a9",
        "userAccessToken": "7b64f2c3-1572-407f-ac1a-ea3ef127ff2c",
        "summaryId": "x45dba26-670564e5eb3ab91a-1753-431c-b01c-1a97fe6cfd4878",
        "calendarDate": "2024-10-08",
        "startTimeInSeconds": 1728406757,
        "durationInSeconds": 120,
        "startTimeOffsetInSeconds": 7254,
        "summaries": [
            {
                "summaryType": "heart_rate",
                "minValue": 83.0,
                "maxValue": 106.0,
                "avgValue": 78.0,
                "epochSummaries": {
                    "0": 76.5,
                    "1": 79.77,
                    "2": 75.05,
                    "3": 74.95,
                    "4": 81.91,
                    "5": 78.6,
                    "6": 80.91,
                    "7": 76.89,
                    "8": 78.92,
                    "9": 78.98,
                    "10": 76.37,
                    "11": 77.22,
                    "12": 82.62,
                    "13": 75.41,
                    "14": 76.87,
                    "15": 82.08,
                    "16": 79.45,
                    "17": 77.91,
                    "18": 76.52,
                    "19": 77.27,
                    "20": 75.86,
                    "21": 77.87,
                    "22": 79.01,
                    "23": 73.93,
                    "24": 80.04,
                    "25": 78.5,
                    "26": 77.79,
                    "27": 73.73,
                    "28": 79.35,
                    "29": 79.29,
                    "30": 82.07,
                    "31": 78.56,
                    "32": 77.52,
                    "33": 75.91,
                    "34": 79.28,
                    "35": 77.74,
                    "36": 77.74,
                    "37": 78.34,
                    "38": 79.66,
                    "39": 80.45,
                    "40": 80.68,
                    "41": 75.33,
                    "42": 74.34,
                    "43": 76.87,
                    "44": 76.64,
                    "45": 77.61,
                    "46": 77.59,
                    "47": 75.22,
                    "48": 78.08,
                    "49": 80.83
                }
            },
            {
                "summaryType": "respiration",
                "minValue": 11.420000076293945,
                "maxValue": 15.34000015258789,
                "avgValue": 15.0,
                "epochSummaries": {
                    "0": 15.38,
                    "1": 16.32,
                    "2": 13.15,
                    "3": 15.0,
                    "4": 13.34,
                    "5": 13.83,
                    "6": 15.54,
                    "7": 12.37,
                    "8": 14.57,
                    "9": 12.85,
                    "10": 14.27,
                    "11": 15.03,
                    "12": 17.79,
                    "13": 12.36,
                    "14": 13.07,
                    "15": 16.9,
                    "16": 15.67,
                    "17": 13.86,
                    "18": 14.4,
                    "19": 14.21,
                    "20": 12.84,
                    "21": 16.24,
                    "22": 14.33,
                    "23": 15.67,
                    "24": 13.67,
                    "25": 13.55,
                    "26": 15.82,
                    "27": 14.01,
                    "28": 14.66,
                    "29": 14.89,
                    "30": 14.18,
                    "31": 15.43,
                    "32": 15.48,
                    "33": 17.93,
                    "34": 19.39,
                    "35": 18.47,
                    "36": 14.73,
                    "37": 12.81,
                    "38": 14.38,
                    "39": 16.47,
                    "40": 12.28,
                    "41": 14.6,
                    "42": 17.36,
                    "43": 16.0,
                    "44": 20.11,
                    "45": 14.03,
                    "46": 15.75,
                    "47": 13.04,
                    "48": 13.86,
                    "49": 18.1
                }
            },
            {
                "summaryType": "stress",
                "minValue": 86.0,
                "maxValue": 94.0,
                "avgValue": 55.0,
                "epochSummaries": {
                    "0": 53.44,
                    "1": 52.89,
                    "2": 54.84,
                    "3": 52.65,
                    "4": 53.49,
                    "5": 53.73,
                    "6": 54.0,
                    "7": 54.35,
                    "8": 53.15,
                    "9": 53.7,
                    "10": 56.62,
                    "11": 53.79,
                    "12": 55.8,
                    "13": 55.43,
                    "14": 57.51,
                    "15": 56.54,
                    "16": 55.02,
                    "17": 54.33,
                    "18": 58.14,
                    "19": 55.44,
                    "20": 54.81,
                    "21": 52.84,
                    "22": 57.62,
                    "23": 57.83,
                    "24": 52.43,
                    "25": 52.83,
                    "26": 56.22,
                    "27": 57.43,
                    "28": 54.98,
                    "29": 54.43,
                    "30": 56.93,
                    "31": 54.27,
                    "32": 56.82,
                    "33": 51.27,
                    "34": 54.41,
                    "35": 55.46,
                    "36": 56.06,
                    "37": 56.68,
                    "38": 54.59,
                    "39": 56.51,
                    "40": 55.03,
                    "41": 56.29,
                    "42": 53.26,
                    "43": 55.66,
                    "44": 56.18,
                    "45": 58.03,
                    "46": 57.35,
                    "47": 52.19,
                    "48": 54.21,
                    "49": 52.52
                }
            },
            {
                "summaryType": "spo2",
                "minValue": 98.0,
                "maxValue": 98.0,
                "avgValue": 98.0,
                "epochSummaries": {
                    "0": 98.0,
                    "1": 98.0,
                    "2": 98.0,
                    "3": 98.0,
                    "4": 98.0,
                    "5": 98.0,
                    "6": 98.0,
                    "7": 98.0,
                    "8": 98.0,
                    "9": 98.0,
                    "10": 98.0,
                    "11": 98.0,
                    "12": 98.0,
                    "13": 98.0,
                    "14": 98.0,
                    "15": 98.0,
                    "16": 98.0,
                    "17": 98.0,
                    "18": 98.0,
                    "19": 98.0,
                    "20": 98.0,
                    "21": 98.0,
                    "22": 98.0,
                    "23": 98.0,
                    "24": 98.0,
                    "25": 98.0,
                    "26": 98.0,
                    "27": 98.0,
                    "28": 98.0,
                    "29": 98.0,
                    "30": 98.0,
                    "31": 98.0,
                    "32": 98.0,
                    "33": 98.0,
                    "34": 98.0,
                    "35": 98.0,
                    "36": 98.0,
                    "37": 98.0,
                    "38": 98.0,
                    "39": 98.0,
                    "40": 98.0,
                    "41": 98.0,
                    "42": 98.0,
                    "43": 98.0,
                    "44": 98.0,
                    "45": 98.0,
                    "46": 98.0,
                    "47": 98.0,
                    "48": 98.0,
                    "49": 98.0,
                    "50": 98.0,
                    "51": 98.0,
                    "52": 98.0,
                    "53": 98.0,
                    "54": 98.0,
                    "55": 98.0,
                    "56": 98.0,
                    "57": 98.0,
                    "58": 98.0,
                    "59": 98.0,
                    "60": 98.0,
                    "61": 98.0,
                    "62": 98.0,
                    "63": 98.0,
                    "64": 98.0,
                    "65": 98.0,
                    "66": 98.0,
                    "67": 98.0,
                    "68": 98.0,
                    "69": 98.0,
                    "70": 98.0,
                    "71": 98.0,
                    "72": 98.0,
                    "73": 98.0,
                    "74": 98.0,
                    "75": 98.0,
                    "76": 98.0,
                    "77": 98.0,
                    "78": 98.0,
                    "79": 98.0,
                    "80": 98.0,
                    "81": 98.0,
                    "82": 98.0,
                    "83": 98.0,
                    "84": 98.0,
                    "85": 98.0,
                    "86": 98.0,
                    "87": 98.0,
                    "88": 98.0,
                    "89": 98.0,
                    "90": 98.0,
                    "91": 98.0,
                    "92": 98.0,
                    "93": 98.0,
                    "94": 98.0,
                    "95": 98.0,
                    "96": 98.0,
                    "97": 98.0,
                    "98": 98.0,
                    "99": 98.0,
                    "100": 98.0,
                    "101": 98.0,
                    "102": 98.0,
                    "103": 98.0,
                    "104": 98.0,
                    "105": 98.0,
                    "106": 98.0,
                    "107": 98.0,
                    "108": 98.0,
                    "109": 98.0,
                    "110": 98.0,
                    "111": 98.0,
                    "112": 98.0,
                    "113": 98.0,
                    "114": 98.0,
                    "115": 98.0,
                    "116": 98.0,
                    "117": 98.0,
                    "118": 98.0,
                    "119": 98.0,
                    "120": 98.0
                }
            },
            {
                "summaryType": "rmssd_hrv",
                "avgValue": 47.0
            },
            {
                "summaryType": "sdrr_hrv",
                "avgValue": 65.0
                
                }
            
        ]
    }
]