[
    {
        "userId": "49d85c6a-b8f8-4787-95fa-f145553e59a9",
        "userAccessToken": "7b64f2c3-1572-407f-ac1a-ea3ef127ff2c",
        "summaryId": "x45dba26-670564e5eb3ab91a-1753-431c-b01c-1a97fe6cfd4878",
        "calendarDate": "2024-10-08",
        "startTimeInSeconds": 1728406757,
        "durationInSeconds": 120,
        "startTimeOffsetInSeconds": 7254,
        "summaries": [
            {
                "summaryType": "heart_rate",
                "minValue": 83.0,
                "maxValue": 106.0,
                "avgValue": 89.0,
                "epochSummaries": {
                    "0": 88.87,
                    "1": 92.38,
                    "2": 88.3,
                    "3": 92.94,
                    "4": 90.38,
                    "5": 89.28,
                    "6": 88.48,
                    "7": 86.99,
                    "8": 89.43,
                    "9": 90.76,
                    "10": 91.2,
                    "11": 85.41,
                    "12": 86.44,
                    "13": 94.29,
                    "14": 85.93,
                    "15": 88.66,
                    "16": 90.81,
                    "17": 87.82,
                    "18": 89.28,
                    "19": 87.51,
                    "20": 88.4,
                    "21": 86.85,
                    "22": 89.3,
                    "23": 88.85,
                    "24": 88.32,
                    "25": 87.75,
                    "26": 86.17,
                    "27": 88.49,
                    "28": 89.3,
                    "29": 90.93,
                    "30": 88.27,
                    "31": 87.75,
                    "32": 89.27,
                    "33": 88.47,
                    "34": 90.11,
                    "35": 88.42,
                    "36": 87.68,
                    "37": 85.05,
                    "38": 86.07,
                    "39": 86.88,
                    "40": 90.87,
                    "41": 88.2,
                    "42": 94.0,
                    "43": 89.69,
                    "44": 91.84,
                    "45": 89.14,
                    "46": 87.33,
                    "47": 88.64,
                    "48": 89.8,
                    "49": 92.99
                }
            },
            {
                "summaryType": "respiration",
                "minValue": 11.420000076293945,
                "maxValue": 15.34000015258789,
                "avgValue": 14.000200000000001,
                "epochSummaries": {
                    "0": 14.67,
                    "1": 15.87,
                    "2": 13.65,
                    "3": 12.28,
                    "4": 13.96,
                    "5": 15.37,
                    "6": 13.69,
                    "7": 15.82,
                    "8": 13.67,
                    "9": 11.62,
                    "10": 7.95,
                    "11": 11.87,
                    "12": 6.87,
                    "13": 13.35,
                    "14": 12.48,
                    "15": 13.86,
                    "16": 18.08,
                    "17": 14.16,
                    "18": 16.95,
                    "19": 17.15,
                    "20": 13.75,
                    "21": 14.54,
                    "22": 14.57,
                    "23": 13.35,
                    "24": 14.47,
                    "25": 14.61,
                    "26": 15.6,
                    "27": 14.58,
                    "28": 11.65,
                    "29": 14.54,
                    "30": 14.83,
                    "31": 13.57,
                    "32": 17.17,
                    "33": 16.69,
                    "34": 13.08,
                    "35": 13.96,
                    "36": 15.46,
                    "37": 14.52,
                    "38": 15.13,
                    "39": 12.75,
                    "40": 13.97,
                    "41": 15.44,
                    "42": 15.46,
                    "43": 15.0,
                    "44": 13.39,
                    "45": 15.0,
                    "46": 10.75,
                    "47": 12.42,
                    "48": 13.22,
                    "49": 13.22
                }
            },
            {
                "summaryType": "stress",
                "minValue": 86.0,
                "maxValue": 94.0,
                "avgValue": 78.0,
                "epochSummaries": {
                    "0": 79.13,
                    "1": 77.3,
                    "2": 76.55,
                    "3": 78.75,
                    "4": 74.82,
                    "5": 77.32,
                    "6": 77.64,
                    "7": 77.57,
                    "8": 76.44,
                    "9": 77.65,
                    "10": 77.44,
                    "11": 77.96,
                    "12": 80.38,
                    "13": 77.03,
                    "14": 78.78,
                    "15": 73.98,
                    "16": 79.99,
                    "17": 79.33,
                    "18": 75.83,
                    "19": 77.14,
                    "20": 80.02,
                    "21": 75.69,
                    "22": 80.0,
                    "23": 80.4,
                    "24": 76.1,
                    "25": 82.14,
                    "26": 76.13,
                    "27": 78.42,
                    "28": 78.03,
                    "29": 74.91,
                    "30": 77.91,
                    "31": 77.65,
                    "32": 80.93,
                    "33": 76.48,
                    "34": 80.27,
                    "35": 78.15,
                    "36": 75.38,
                    "37": 78.15,
                    "38": 78.84,
                    "39": 80.29,
                    "40": 77.98,
                    "41": 78.57,
                    "42": 77.7,
                    "43": 77.89,
                    "44": 73.94,
                    "45": 80.42,
                    "46": 81.11,
                    "47": 78.07,
                    "48": 81.14,
                    "49": 76.26
                }
            },
            {
                "summaryType": "spo2",
                "minValue": 98.0,
                "maxValue": 98.0,
                "avgValue": 98.0,
                "epochSummaries": {
                    "0": 98.0,
                    "1": 98.0,
                    "2": 98.0,
                    "3": 98.0,
                    "4": 98.0,
                    "5": 98.0,
                    "6": 98.0,
                    "7": 98.0,
                    "8": 98.0,
                    "9": 98.0,
                    "10": 98.0,
                    "11": 98.0,
                    "12": 98.0,
                    "13": 98.0,
                    "14": 98.0,
                    "15": 98.0,
                    "16": 98.0,
                    "17": 98.0,
                    "18": 98.0,
                    "19": 98.0,
                    "20": 98.0,
                    "21": 98.0,
                    "22": 98.0,
                    "23": 98.0,
                    "24": 98.0,
                    "25": 98.0,
                    "26": 98.0,
                    "27": 98.0,
                    "28": 98.0,
                    "29": 98.0,
                    "30": 98.0,
                    "31": 98.0,
                    "32": 98.0,
                    "33": 98.0,
                    "34": 98.0,
                    "35": 98.0,
                    "36": 98.0,
                    "37": 98.0,
                    "38": 98.0,
                    "39": 98.0,
                    "40": 98.0,
                    "41": 98.0,
                    "42": 98.0,
                    "43": 98.0,
                    "44": 98.0,
                    "45": 98.0,
                    "46": 98.0,
                    "47": 98.0,
                    "48": 98.0,
                    "49": 98.0,
                    "50": 98.0,
                    "51": 98.0,
                    "52": 98.0,
                    "53": 98.0,
                    "54": 98.0,
                    "55": 98.0,
                    "56": 98.0,
                    "57": 98.0,
                    "58": 98.0,
                    "59": 98.0,
                    "60": 98.0,
                    "61": 98.0,
                    "62": 98.0,
                    "63": 98.0,
                    "64": 98.0,
                    "65": 98.0,
                    "66": 98.0,
                    "67": 98.0,
                    "68": 98.0,
                    "69": 98.0,
                    "70": 98.0,
                    "71": 98.0,
                    "72": 98.0,
                    "73": 98.0,
                    "74": 98.0,
                    "75": 98.0,
                    "76": 98.0,
                    "77": 98.0,
                    "78": 98.0,
                    "79": 98.0,
                    "80": 98.0,
                    "81": 98.0,
                    "82": 98.0,
                    "83": 98.0,
                    "84": 98.0,
                    "85": 98.0,
                    "86": 98.0,
                    "87": 98.0,
                    "88": 98.0,
                    "89": 98.0,
                    "90": 98.0,
                    "91": 98.0,
                    "92": 98.0,
                    "93": 98.0,
                    "94": 98.0,
                    "95": 98.0,
                    "96": 98.0,
                    "97": 98.0,
                    "98": 98.0,
                    "99": 98.0,
                    "100": 98.0,
                    "101": 98.0,
                    "102": 98.0,
                    "103": 98.0,
                    "104": 98.0,
                    "105": 98.0,
                    "106": 98.0,
                    "107": 98.0,
                    "108": 98.0,
                    "109": 98.0,
                    "110": 98.0,
                    "111": 98.0,
                    "112": 98.0,
                    "113": 98.0,
                    "114": 98.0,
                    "115": 98.0,
                    "116": 98.0,
                    "117": 98.0,
                    "118": 98.0,
                    "119": 98.0,
                    "120": 98.0
                }
            },
            {
                "summaryType": "rmssd_hrv",
                "avgValue": 40.0
            },
            {
                "summaryType": "sdrr_hrv",
                "avgValue": null
                
            }
        ]
    }
]