[
    {
        "userId": "49d85c6a-b8f8-4787-95fa-f145553e59a9",
        "userAccessToken": "7b64f2c3-1572-407f-ac1a-ea3ef127ff2c",
        "summaryId": "x45dba26-670564e5eb3ab91a-1753-431c-b01c-1a97fe6cfd4878",
        "calendarDate": "2024-10-08",
        "startTimeInSeconds": 1728406757,
        "durationInSeconds": 120,
        "startTimeOffsetInSeconds": 7254,
        "summaries": [
            {
                "summaryType": "heart_rate",
                "minValue": 83.0,
                "maxValue": 106.0,
                "avgValue": 83.0,
                "epochSummaries": {
                    "0": 83.86,
                    "1": 82.26,
                    "2": 80.19,
                    "3": 82.4,
                    "4": 83.92,
                    "5": 83.19,
                    "6": 86.09,
                    "7": 83.78,
                    "8": 78.28,
                    "9": 86.54,
                    "10": 82.1,
                    "11": 87.71,
                    "12": 80.85,
                    "13": 81.41,
                    "14": 86.41,
                    "15": 85.59,
                    "16": 83.47,
                    "17": 85.11,
                    "18": 83.92,
                    "19": 82.14,
                    "20": 79.78,
                    "21": 82.32,
                    "22": 80.35,
                    "23": 87.52,
                    "24": 85.56,
                    "25": 83.99,
                    "26": 84.06,
                    "27": 82.08,
                    "28": 79.59,
                    "29": 83.71,
                    "30": 85.08,
                    "31": 81.41,
                    "32": 81.23,
                    "33": 80.98,
                    "34": 85.02,
                    "35": 84.89,
                    "36": 79.43,
                    "37": 84.61,
                    "38": 82.49,
                    "39": 85.75,
                    "40": 81.63,
                    "41": 82.38,
                    "42": 80.24,
                    "43": 82.89,
                    "44": 82.22,
                    "45": 83.23,
                    "46": 80.07,
                    "47": 80.83,
                    "48": 83.09,
                    "49": 84.31
                }
            },
            {
                "summaryType": "respiration",
                "minValue": 11.42,
                "maxValue": 15.34,
                "avgValue": 15.0,
                "epochSummaries": {
                    "0": 13.8,
                    "1": 14.46,
                    "2": 16.63,
                    "3": 17.99,
                    "4": 14.43,
                    "5": 14.25,
                    "6": 14.83,
                    "7": 17.45,
                    "8": 16.51,
                    "9": 15.59,
                    "10": 14.59,
                    "11": 14.46,
                    "12": 13.5,
                    "13": 19.76,
                    "14": 13.3,
                    "15": 12.47,
                    "16": 12.06,
                    "17": 14.68,
                    "18": 15.83,
                    "19": 12.09,
                    "20": 15.46,
                    "21": 15.29,
                    "22": 18.87,
                    "23": 13.41,
                    "24": 16.16,
                    "25": 10.63,
                    "26": 14.65,
                    "27": 19.32,
                    "28": 15.23,
                    "29": 16.64,
                    "30": 14.55,
                    "31": 13.21,
                    "32": 11.34,
                    "33": 15.63,
                    "34": 17.89,
                    "35": 12.94,
                    "36": 12.05,
                    "37": 11.92,
                    "38": 12.6,
                    "39": 17.08,
                    "40": 17.97,
                    "41": 17.33,
                    "42": 14.6,
                    "43": 14.81,
                    "44": 13.39,
                    "45": 13.95,
                    "46": 19.27,
                    "47": 14.64,
                    "48": 14.47,
                    "49": 16.01
                }
            },
            {
                "summaryType": "stress",
                "minValue": 86.0,
                "maxValue": 94.0,
                "avgValue": 71.0,
                "epochSummaries": {
                    "0": 69.26,
                    "1": 68.05,
                    "2": 72.61,
                    "3": 72.19,
                    "4": 70.18,
                    "5": 70.25,
                    "6": 71.4,
                    "7": 70.06,
                    "8": 68.09,
                    "9": 72.26,
                    "10": 72.25,
                    "11": 71.44,
                    "12": 72.81,
                    "13": 69.43,
                    "14": 68.16,
                    "15": 71.7,
                    "16": 71.1,
                    "17": 72.79,
                    "18": 70.64,
                    "19": 70.59,
                    "20": 67.21,
                    "21": 70.26,
                    "22": 65.9,
                    "23": 71.36,
                    "24": 71.39,
                    "25": 70.81,
                    "26": 72.79,
                    "27": 70.61,
                    "28": 73.28,
                    "29": 71.3,
                    "30": 72.73,
                    "31": 71.89,
                    "32": 71.98,
                    "33": 72.95,
                    "34": 73.53,
                    "35": 69.27,
                    "36": 72.13,
                    "37": 71.52,
                    "38": 71.2,
                    "39": 69.31,
                    "40": 66.96,
                    "41": 68.9,
                    "42": 73.59,
                    "43": 73.81,
                    "44": 72.1,
                    "45": 73.91,
                    "46": 68.63,
                    "47": 69.31,
                    "48": 75.1,
                    "49": 71.01
                }
            },
            {
                "summaryType": "spo2",
                "minValue": 98.0,
                "maxValue": 98.0,
                "avgValue": 98.0,
                "epochSummaries": {
                    "0": 98.0,
                    "1": 98.0,
                    "2": 98.0,
                    "3": 98.0,
                    "4": 98.0,
                    "5": 98.0,
                    "6": 98.0,
                    "7": 98.0,
                    "8": 98.0,
                    "9": 98.0,
                    "10": 98.0,
                    "11": 98.0,
                    "12": 98.0,
                    "13": 98.0,
                    "14": 98.0,
                    "15": 98.0,
                    "16": 98.0,
                    "17": 98.0,
                    "18": 98.0,
                    "19": 98.0,
                    "20": 98.0,
                    "21": 98.0,
                    "22": 98.0,
                    "23": 98.0,
                    "24": 98.0,
                    "25": 98.0,
                    "26": 98.0,
                    "27": 98.0,
                    "28": 98.0,
                    "29": 98.0,
                    "30": 98.0,
                    "31": 98.0,
                    "32": 98.0,
                    "33": 98.0,
                    "34": 98.0,
                    "35": 98.0,
                    "36": 98.0,
                    "37": 98.0,
                    "38": 98.0,
                    "39": 98.0,
                    "40": 98.0,
                    "41": 98.0,
                    "42": 98.0,
                    "43": 98.0,
                    "44": 98.0,
                    "45": 98.0,
                    "46": 98.0,
                    "47": 98.0,
                    "48": 98.0,
                    "49": 98.0,
                    "50": 98.0,
                    "51": 98.0,
                    "52": 98.0,
                    "53": 98.0,
                    "54": 98.0,
                    "55": 98.0,
                    "56": 98.0,
                    "57": 98.0,
                    "58": 98.0,
                    "59": 98.0,
                    "60": 98.0,
                    "61": 98.0,
                    "62": 98.0,
                    "63": 98.0,
                    "64": 98.0,
                    "65": 98.0,
                    "66": 98.0,
                    "67": 98.0,
                    "68": 98.0,
                    "69": 98.0,
                    "70": 98.0,
                    "71": 98.0,
                    "72": 98.0,
                    "73": 98.0,
                    "74": 98.0,
                    "75": 98.0,
                    "76": 98.0,
                    "77": 98.0,
                    "78": 98.0,
                    "79": 98.0,
                    "80": 98.0,
                    "81": 98.0,
                    "82": 98.0,
                    "83": 98.0,
                    "84": 98.0,
                    "85": 98.0,
                    "86": 98.0,
                    "87": 98.0,
                    "88": 98.0,
                    "89": 98.0,
                    "90": 98.0,
                    "91": 98.0,
                    "92": 98.0,
                    "93": 98.0,
                    "94": 98.0,
                    "95": 98.0,
                    "96": 98.0,
                    "97": 98.0,
                    "98": 98.0,
                    "99": 98.0,
                    "100": 98.0,
                    "101": 98.0,
                    "102": 98.0,
                    "103": 98.0,
                    "104": 98.0,
                    "105": 98.0,
                    "106": 98.0,
                    "107": 98.0,
                    "108": 98.0,
                    "109": 98.0,
                    "110": 98.0,
                    "111": 98.0,
                    "112": 98.0,
                    "113": 98.0,
                    "114": 98.0,
                    "115": 98.0,
                    "116": 98.0,
                    "117": 98.0,
                    "118": 98.0,
                    "119": 98.0,
                    "120": 98.0
                }
            },
            {
                "summaryType": "rmssd_hrv",
                "avgValue": 29.0
            },
            {
                "summaryType": "sdrr_hrv",
                "avgValue": 87.0
            }
        ]
    }
]