[
    {
        "userId": "49d85c6a-b8f8-4787-95fa-f145553e59a9",
        "userAccessToken": "7b64f2c3-1572-407f-ac1a-ea3ef127ff2c",
        "summaryId": "x45dba26-6708cd51375804a6-d26c-499f-ae7c-3e1dd895f5a978",
        "calendarDate": "2024-10-11",
        "startTimeInSeconds": 1728630097,
        "durationInSeconds": 120,
        "startTimeOffsetInSeconds": 7254,
        "summaries": [
            {
                "summaryType": "heart_rate",
                "minValue": 69.0,
                "maxValue": 102.0,
                "avgValue": 82.0,
                "epochSummaries": {
                    "0": 75.0,
                    "1": 75.0,
                    "2": 76.0,
                    "3": 90.0,
                    "4": 90.0,
                    "5": 94.0,
                    "6": 102.0,
                    "7": 102.0,
                    "8": 102.0,
                    "9": 102.0,
                    "10": 102.0,
                    "11": 102.0,
                    "12": 98.0,
                    "13": 94.0,
                    "14": 91.0,
                    "15": 90.0,
                    "16": 88.0,
                    "17": 87.0,
                    "18": 87.0,
                    "19": 87.0,
                    "20": 87.0,
                    "21": 87.0,
                    "22": 87.0,
                    "23": 87.0,
                    "24": 87.0,
                    "25": 87.0,
                    "26": 87.0,
                    "27": 87.0,
                    "28": 87.0,
                    "29": 87.0,
                    "30": 87.0,
                    "31": 87.0,
                    "32": 87.0,
                    "33": 87.0,
                    "34": 87.0,
                    "35": 86.0,
                    "36": 86.0,
                    "37": 86.0,
                    "38": 85.0,
                    "39": 83.0,
                    "40": 81.0,
                    "41": 74.0,
                    "42": 71.0,
                    "43": 70.0,
                    "44": 70.0,
                    "45": 69.0,
                    "46": 69.0,
                    "47": 69.0,
                    "48": 69.0,
                    "49": 70.0,
                    "50": 71.0,
                    "51": 71.0,
                    "52": 74.0,
                    "53": 79.0,
                    "54": 82.0,
                    "55": 82.0,
                    "56": 82.0,
                    "57": 82.0,
                    "58": 82.0,
                    "59": 81.0,
                    "60": 81.0,
                    "61": 81.0,
                    "62": 81.0,
                    "63": 82.0,
                    "64": 84.0,
                    "65": 85.0,
                    "66": 85.0,
                    "67": 85.0,
                    "68": 85.0,
                    "69": 85.0,
                    "70": 85.0,
                    "71": 84.0,
                    "72": 84.0,
                    "73": 84.0,
                    "74": 83.0,
                    "75": 82.0,
                    "76": 81.0,
                    "77": 79.0,
                    "78": 76.0,
                    "79": 74.0,
                    "80": 73.0,
                    "81": 72.0,
                    "82": 72.0,
                    "83": 72.0,
                    "84": 72.0,
                    "85": 74.0,
                    "86": 74.0,
                    "87": 74.0,
                    "88": 74.0,
                    "89": 75.0,
                    "90": 75.0,
                    "91": 75.0,
                    "92": 76.0,
                    "93": 77.0,
                    "94": 77.0,
                    "95": 77.0,
                    "96": 77.0,
                    "97": 76.0,
                    "98": 76.0,
                    "99": 76.0,
                    "100": 75.0,
                    "101": 75.0,
                    "102": 75.0,
                    "103": 76.0,
                    "104": 75.0,
                    "105": 78.0,
                    "106": 81.0,
                    "107": 81.0,
                    "108": 82.0,
                    "109": 83.0,
                    "110": 83.0,
                    "111": 83.0,
                    "112": 83.0,
                    "113": 83.0,
                    "114": 83.0,
                    "115": 84.0,
                    "116": 84.0,
                    "117": 84.0,
                    "118": 83.0,
                    "119": 83.0,
                    "120": 83.0
                }
            },
            {
                "summaryType": "respiration",
                "minValue": 12.59000015258789,
                "maxValue": 14.920000076293945,
                "avgValue": 14.420000076293945,
                "epochSummaries": {
                    "0": 14.319999694824219,
                    "1": 14.319999694824219,
                    "2": 14.319999694824219,
                    "3": 14.319999694824219,
                    "4": 14.319999694824219,
                    "5": 14.390000343322754,
                    "6": 14.390000343322754,
                    "7": 14.390000343322754,
                    "8": 14.569999694824219,
                    "9": 14.569999694824219,
                    "10": 14.569999694824219,
                    "11": 14.770000457763672,
                    "12": 14.770000457763672,
                    "13": 14.770000457763672,
                    "14": 14.770000457763672,
                    "15": 14.920000076293945,
                    "16": 14.920000076293945,
                    "17": 14.920000076293945,
                    "18": 14.920000076293945,
                    "19": 14.920000076293945,
                    "20": 14.920000076293945,
                    "21": 14.649999618530273,
                    "22": 14.649999618530273,
                    "23": 14.649999618530273,
                    "24": 14.649999618530273,
                    "25": 14.649999618530273,
                    "26": 14.649999618530273,
                    "27": 14.649999618530273,
                    "28": 14.649999618530273,
                    "29": 14.649999618530273,
                    "30": 14.649999618530273,
                    "31": 14.649999618530273,
                    "32": 14.5,
                    "33": 14.5,
                    "34": 14.5,
                    "35": 14.5,
                    "36": 14.630000114440918,
                    "37": 14.630000114440918,
                    "38": 14.630000114440918,
                    "39": 14.630000114440918,
                    "40": 14.630000114440918,
                    "41": 14.630000114440918,
                    "42": 14.630000114440918,
                    "43": 14.630000114440918,
                    "44": 14.630000114440918,
                    "45": 14.630000114440918,
                    "46": 14.630000114440918,
                    "47": 14.630000114440918,
                    "48": 14.630000114440918,
                    "49": 14.630000114440918,
                    "50": 14.630000114440918,
                    "51": 14.630000114440918,
                    "52": 14.630000114440918,
                    "53": 14.630000114440918,
                    "54": 14.630000114440918,
                    "55": 14.630000114440918,
                    "56": 14.630000114440918,
                    "57": 14.630000114440918,
                    "58": 14.630000114440918,
                    "59": 14.579999923706055,
                    "60": 14.069999694824219,
                    "61": 14.069999694824219,
                    "62": 14.069999694824219,
                    "63": 13.829999923706055,
                    "64": 13.829999923706055,
                    "65": 13.829999923706055,
                    "66": 13.829999923706055,
                    "67": 13.829999923706055,
                    "68": 13.829999923706055,
                    "69": 14.260000228881836,
                    "70": 14.34000015258789,
                    "71": 14.34000015258789,
                    "72": 14.34000015258789,
                    "73": 14.34000015258789,
                    "74": 14.34000015258789,
                    "75": 14.34000015258789,
                    "76": 14.34000015258789,
                    "77": 14.34000015258789,
                    "78": 14.34000015258789,
                    "79": 14.34000015258789,
                    "80": 14.34000015258789,
                    "81": 14.34000015258789,
                    "82": 14.34000015258789,
                    "83": 14.34000015258789,
                    "84": 14.34000015258789,
                    "85": 14.34000015258789,
                    "86": 14.34000015258789,
                    "87": 14.329999923706055,
                    "88": 14.329999923706055,
                    "89": 14.329999923706055,
                    "90": 14.329999923706055,
                    "91": 14.329999923706055,
                    "92": 14.329999923706055,
                    "93": 14.329999923706055,
                    "94": 14.329999923706055,
                    "95": 14.329999923706055,
                    "96": 14.329999923706055,
                    "97": 14.329999923706055,
                    "98": 14.329999923706055,
                    "99": 14.329999923706055,
                    "100": 14.329999923706055,
                    "101": 14.329999923706055,
                    "102": 14.329999923706055,
                    "103": 14.329999923706055,
                    "104": 14.329999923706055,
                    "105": 14.329999923706055,
                    "106": 14.329999923706055,
                    "107": 14.329999923706055,
                    "108": 14.329999923706055,
                    "109": 14.329999923706055,
                    "110": 14.329999923706055,
                    "111": 14.329999923706055,
                    "112": 14.329999923706055,
                    "113": 14.329999923706055,
                    "114": 14.329999923706055,
                    "115": 14.329999923706055,
                    "116": 14.079999923706055,
                    "117": 13.989999771118164,
                    "118": 13.989999771118164,
                    "119": 13.989999771118164,
                    "120": 12.59000015258789
                }
            },
            {
                "summaryType": "stress",
                "minValue": 36.0,
                "maxValue": 81.0,
                "avgValue": 61.0,
                "epochSummaries": {
                    "0": 36.0,
                    "1": 36.0,
                    "2": 36.0,
                    "3": 36.0,
                    "4": 43.0,
                    "5": 43.0,
                    "6": 43.0,
                    "7": 43.0,
                    "8": 43.0,
                    "9": 55.0,
                    "10": 55.0,
                    "11": 55.0,
                    "12": 55.0,
                    "13": 55.0,
                    "14": 63.0,
                    "15": 63.0,
                    "16": 63.0,
                    "17": 63.0,
                    "18": 63.0,
                    "19": 68.0,
                    "20": 68.0,
                    "21": 68.0,
                    "22": 68.0,
                    "23": 68.0,
                    "24": 69.0,
                    "25": 69.0,
                    "26": 69.0,
                    "27": 69.0,
                    "28": 69.0,
                    "29": 74.0,
                    "30": 74.0,
                    "31": 74.0,
                    "32": 74.0,
                    "33": 74.0,
                    "34": 78.0,
                    "35": 78.0,
                    "36": 78.0,
                    "37": 78.0,
                    "38": 78.0,
                    "39": 81.0,
                    "40": 81.0,
                    "41": 81.0,
                    "42": 81.0,
                    "43": 81.0,
                    "44": 71.0,
                    "45": 71.0,
                    "46": 71.0,
                    "47": 71.0,
                    "48": 71.0,
                    "49": 61.0,
                    "50": 61.0,
                    "51": 61.0,
                    "52": 61.0,
                    "53": 61.0,
                    "54": 60.0,
                    "55": 60.0,
                    "56": 60.0,
                    "57": 60.0,
                    "58": 60.0,
                    "59": 59.0,
                    "60": 59.0,
                    "61": 59.0,
                    "62": 59.0,
                    "63": 59.0,
                    "64": 57.0,
                    "65": 57.0,
                    "66": 57.0,
                    "67": 57.0,
                    "68": 57.0,
                    "69": 57.0,
                    "70": 57.0,
                    "71": 57.0,
                    "72": 57.0,
                    "73": 57.0,
                    "74": 62.0,
                    "75": 62.0,
                    "76": 62.0,
                    "77": 62.0,
                    "78": 62.0,
                    "79": 67.0,
                    "80": 67.0,
                    "81": 67.0,
                    "82": 67.0,
                    "83": 67.0,
                    "84": 64.0,
                    "85": 64.0,
                    "86": 64.0,
                    "87": 64.0,
                    "88": 64.0,
                    "89": 59.0,
                    "90": 59.0,
                    "91": 59.0,
                    "92": 59.0,
                    "93": 59.0,
                    "94": 57.0,
                    "95": 57.0,
                    "96": 57.0,
                    "97": 57.0,
                    "98": 57.0,
                    "99": 55.0,
                    "100": 55.0,
                    "101": 55.0,
                    "102": 55.0,
                    "103": 55.0,
                    "104": 54.0,
                    "105": 54.0,
                    "106": 54.0,
                    "107": 54.0,
                    "108": 54.0,
                    "109": 56.0,
                    "110": 56.0,
                    "111": 56.0,
                    "112": 56.0,
                    "113": 56.0,
                    "114": 60.0,
                    "115": 60.0,
                    "116": 60.0,
                    "117": 60.0,
                    "118": 60.0,
                    "119": 66.0,
                    "120": 66.0
                }
            },
            {
                "summaryType": "spo2",
                "minValue": 95.0,
                "maxValue": 97.0,
                "avgValue": 96.0,
                "epochSummaries": {
                    "1": 97.0,
                    "2": 97.0,
                    "3": 97.0,
                    "4": 97.0,
                    "5": 97.0,
                    "6": 97.0,
                    "7": 97.0,
                    "8": 97.0,
                    "9": 97.0,
                    "10": 97.0,
                    "11": 97.0,
                    "12": 97.0,
                    "13": 97.0,
                    "14": 97.0,
                    "15": 97.0,
                    "16": 97.0,
                    "17": 97.0,
                    "18": 97.0,
                    "19": 97.0,
                    "20": 97.0,
                    "21": 97.0,
                    "22": 97.0,
                    "23": 97.0,
                    "24": 97.0,
                    "25": 97.0,
                    "26": 97.0,
                    "27": 97.0,
                    "28": 97.0,
                    "29": 97.0,
                    "30": 97.0,
                    "31": 97.0,
                    "32": 97.0,
                    "33": 97.0,
                    "34": 97.0,
                    "35": 97.0,
                    "36": 97.0,
                    "37": 97.0,
                    "38": 97.0,
                    "39": 97.0,
                    "40": 97.0,
                    "41": 97.0,
                    "42": 97.0,
                    "43": 97.0,
                    "44": 97.0,
                    "45": 97.0,
                    "46": 97.0,
                    "47": 97.0,
                    "48": 97.0,
                    "49": 97.0,
                    "50": 97.0,
                    "51": 97.0,
                    "52": 97.0,
                    "53": 97.0,
                    "54": 97.0,
                    "55": 97.0,
                    "56": 97.0,
                    "57": 97.0,
                    "58": 97.0,
                    "59": 97.0,
                    "60": 97.0,
                    "61": 97.0,
                    "62": 97.0,
                    "63": 97.0,
                    "64": 97.0,
                    "65": 97.0,
                    "66": 97.0,
                    "67": 97.0,
                    "68": 97.0,
                    "69": 97.0,
                    "70": 97.0,
                    "71": 97.0,
                    "72": 97.0,
                    "73": 97.0,
                    "74": 97.0,
                    "75": 97.0,
                    "76": 97.0,
                    "77": 97.0,
                    "78": 97.0,
                    "79": 96.0,
                    "80": 96.0,
                    "81": 95.0,
                    "82": 95.0,
                    "83": 95.0,
                    "84": 95.0,
                    "85": 95.0,
                    "86": 95.0,
                    "87": 95.0,
                    "88": 95.0,
                    "89": 95.0,
                    "90": 95.0,
                    "91": 95.0,
                    "92": 95.0,
                    "93": 95.0,
                    "94": 95.0,
                    "95": 95.0,
                    "96": 95.0,
                    "97": 95.0,
                    "98": 95.0,
                    "99": 95.0,
                    "100": 95.0,
                    "101": 95.0,
                    "102": 95.0,
                    "103": 95.0,
                    "104": 95.0,
                    "105": 95.0,
                    "106": 95.0,
                    "107": 95.0,
                    "108": 95.0,
                    "109": 95.0,
                    "110": 95.0,
                    "111": 95.0,
                    "112": 95.0,
                    "113": 95.0,
                    "114": 95.0,
                    "115": 95.0,
                    "116": 95.0,
                    "117": 95.0,
                    "118": 95.0,
                    "119": 95.0,
                    "120": 95.0
                }
            },
            {
                "summaryType": "rmssd_hrv",
                "avgValue": 61.0
            },
            {
                "summaryType": "sdrr_hrv",
                "avgValue": 82.0
            }
        ]
    }
]