[
    {
        "userId": "49d85c6a-b8f8-4787-95fa-f145553e59a9",
        "userAccessToken": "7b64f2c3-1572-407f-ac1a-ea3ef127ff2c",
        "summaryId": "x45dba26-670564e5eb3ab91a-1753-431c-b01c-1a97fe6cfd4878",
        "calendarDate": "2024-10-08",
        "startTimeInSeconds": 1728406757,
        "durationInSeconds": 120,
        "startTimeOffsetInSeconds": 7254,
        "summaries": [
            {
                "summaryType": "heart_rate",
                "minValue": 83.0,
                "maxValue": 106.0,
                "avgValue": 129.0,
                "epochSummaries": {
                    "0": 132.68,
                    "1": 128.42,
                    "2": 133.45,
                    "3": 128.94,
                    "4": 127.54,
                    "5": 130.39,
                    "6": 131.65,
                    "7": 128.75,
                    "8": 128.35,
                    "9": 128.59,
                    "10": 130.45,
                    "11": 128.42,
                    "12": 128.89,
                    "13": 128.45,
                    "14": 128.3,
                    "15": 129.56,
                    "16": 125.24,
                    "17": 129.08,
                    "18": 127.48,
                    "19": 127.01,
                    "20": 127.91,
                    "21": 128.93,
                    "22": 131.76,
                    "23": 126.0,
                    "24": 132.67,
                    "25": 128.46,
                    "26": 129.18,
                    "27": 130.82,
                    "28": 128.41,
                    "29": 128.64,
                    "30": 132.55,
                    "31": 124.66,
                    "32": 127.2,
                    "33": 126.02,
                    "34": 128.54,
                    "35": 127.66,
                    "36": 130.03,
                    "37": 128.75,
                    "38": 131.27,
                    "39": 128.3,
                    "40": 126.4,
                    "41": 129.15,
                    "42": 126.12,
                    "43": 129.75,
                    "44": 133.68,
                    "45": 126.51,
                    "46": 128.49,
                    "47": 132.44,
                    "48": 127.42,
                    "49": 130.64
                }
            },
            {
                "summaryType": "respiration",
                "minValue": 11.42,
                "maxValue": 15.34,
                "avgValue": 16.0,
                "epochSummaries": {
                    "0": 14.71,
                    "1": 16.63,
                    "2": 17.11,
                    "3": 17.48,
                    "4": 21.37,
                    "5": 14.49,
                    "6": 12.6,
                    "7": 16.31,
                    "8": 16.49,
                    "9": 16.67,
                    "10": 15.24,
                    "11": 15.59,
                    "12": 14.18,
                    "13": 16.12,
                    "14": 16.91,
                    "15": 15.98,
                    "16": 18.05,
                    "17": 17.24,
                    "18": 19.32,
                    "19": 17.69,
                    "20": 16.64,
                    "21": 15.64,
                    "22": 13.47,
                    "23": 17.83,
                    "24": 14.2,
                    "25": 16.44,
                    "26": 18.24,
                    "27": 17.13,
                    "28": 13.83,
                    "29": 15.98,
                    "30": 13.1,
                    "31": 14.94,
                    "32": 15.44,
                    "33": 16.31,
                    "34": 12.58,
                    "35": 15.45,
                    "36": 15.26,
                    "37": 14.5,
                    "38": 17.14,
                    "39": 15.59,
                    "40": 15.22,
                    "41": 18.67,
                    "42": 16.28,
                    "43": 12.98,
                    "44": 18.83,
                    "45": 16.41,
                    "46": 16.13,
                    "47": 12.86,
                    "48": 16.68,
                    "49": 16.05
                }
            },
            {
                "summaryType": "stress",
                "minValue": 86.0,
                "maxValue": 94.0,
                "avgValue": 98.0,
                "epochSummaries": {
                    "0": 101.45,
                    "1": 97.81,
                    "2": 98.96,
                    "3": 98.99,
                    "4": 96.92,
                    "5": 98.78,
                    "6": 96.65,
                    "7": 98.02,
                    "8": 100.34,
                    "9": 96.88,
                    "10": 99.05,
                    "11": 97.15,
                    "12": 98.79,
                    "13": 98.13,
                    "14": 97.15,
                    "15": 97.07,
                    "16": 96.76,
                    "17": 95.49,
                    "18": 99.33,
                    "19": 98.72,
                    "20": 99.36,
                    "21": 97.37,
                    "22": 101.1,
                    "23": 99.58,
                    "24": 99.97,
                    "25": 97.84,
                    "26": 95.39,
                    "27": 98.43,
                    "28": 98.32,
                    "29": 97.96,
                    "30": 100.69,
                    "31": 99.35,
                    "32": 98.23,
                    "33": 97.22,
                    "34": 95.7,
                    "35": 98.6,
                    "36": 96.7,
                    "37": 96.32,
                    "38": 98.91,
                    "39": 97.54,
                    "40": 96.08,
                    "41": 97.92,
                    "42": 96.36,
                    "43": 96.12,
                    "44": 97.26,
                    "45": 97.99,
                    "46": 100.47,
                    "47": 98.88,
                    "48": 95.72,
                    "49": 96.16
                }
            },
            {
                "summaryType": "spo2",
                "minValue": 98.0,
                "maxValue": 98.0,
                "avgValue": 98.0,
                "epochSummaries": {
                    "0": 98.0,
                    "1": 98.0,
                    "2": 98.0,
                    "3": 98.0,
                    "4": 98.0,
                    "5": 98.0,
                    "6": 98.0,
                    "7": 98.0,
                    "8": 98.0,
                    "9": 98.0,
                    "10": 98.0,
                    "11": 98.0,
                    "12": 98.0,
                    "13": 98.0,
                    "14": 98.0,
                    "15": 98.0,
                    "16": 98.0,
                    "17": 98.0,
                    "18": 98.0,
                    "19": 98.0,
                    "20": 98.0,
                    "21": 98.0,
                    "22": 98.0,
                    "23": 98.0,
                    "24": 98.0,
                    "25": 98.0,
                    "26": 98.0,
                    "27": 98.0,
                    "28": 98.0,
                    "29": 98.0,
                    "30": 98.0,
                    "31": 98.0,
                    "32": 98.0,
                    "33": 98.0,
                    "34": 98.0,
                    "35": 98.0,
                    "36": 98.0,
                    "37": 98.0,
                    "38": 98.0,
                    "39": 98.0,
                    "40": 98.0,
                    "41": 98.0,
                    "42": 98.0,
                    "43": 98.0,
                    "44": 98.0,
                    "45": 98.0,
                    "46": 98.0,
                    "47": 98.0,
                    "48": 98.0,
                    "49": 98.0,
                    "50": 98.0,
                    "51": 98.0,
                    "52": 98.0,
                    "53": 98.0,
                    "54": 98.0,
                    "55": 98.0,
                    "56": 98.0,
                    "57": 98.0,
                    "58": 98.0,
                    "59": 98.0,
                    "60": 98.0,
                    "61": 98.0,
                    "62": 98.0,
                    "63": 98.0,
                    "64": 98.0,
                    "65": 98.0,
                    "66": 98.0,
                    "67": 98.0,
                    "68": 98.0,
                    "69": 98.0,
                    "70": 98.0,
                    "71": 98.0,
                    "72": 98.0,
                    "73": 98.0,
                    "74": 98.0,
                    "75": 98.0,
                    "76": 98.0,
                    "77": 98.0,
                    "78": 98.0,
                    "79": 98.0,
                    "80": 98.0,
                    "81": 98.0,
                    "82": 98.0,
                    "83": 98.0,
                    "84": 98.0,
                    "85": 98.0,
                    "86": 98.0,
                    "87": 98.0,
                    "88": 98.0,
                    "89": 98.0,
                    "90": 98.0,
                    "91": 98.0,
                    "92": 98.0,
                    "93": 98.0,
                    "94": 98.0,
                    "95": 98.0,
                    "96": 98.0,
                    "97": 98.0,
                    "98": 98.0,
                    "99": 98.0,
                    "100": 98.0,
                    "101": 98.0,
                    "102": 98.0,
                    "103": 98.0,
                    "104": 98.0,
                    "105": 98.0,
                    "106": 98.0,
                    "107": 98.0,
                    "108": 98.0,
                    "109": 98.0,
                    "110": 98.0,
                    "111": 98.0,
                    "112": 98.0,
                    "113": 98.0,
                    "114": 98.0,
                    "115": 98.0,
                    "116": 98.0,
                    "117": 98.0,
                    "118": 98.0,
                    "119": 98.0,
                    "120": 98.0
                }
            },
            {
                "summaryType": "rmssd_hrv",
                "avgValue": 22.0
                    
            },
            {
                "summaryType": "sdrr_hrv",
                "avgValue": 20.01
            }
        ]
    }
]