[
    {
        "userId": "49d85c6a-b8f8-4787-95fa-f145553e59a9",
        "userAccessToken": "7b64f2c3-1572-407f-ac1a-ea3ef127ff2c",
        "summaryId": "x45dba26-67030860-11418",
        "startTimeInSeconds": 1728252000,
        "startTimeOffsetInSeconds": 7200,
        "durationInSeconds": 70680,
        "calendarDate": "2024-10-07",
        "timeOffsetStressLevelValues": {
            "0": 11.0,
            "180": 54.0,
            "360": 54.0
        },
        "timeOffsetBodyBatteryValues": {
            "0": 11.0,
            "180": 11.0
        }
    }
]