[
    {
        "userId": "49d85c6a-b8f8-4787-95fa-f145553e59a9",
        "userAccessToken": "7b64f2c3-1572-407f-ac1a-ea3ef127ff2c",
        "summaryId": "x45dba26-6705ab60-14028",
        "startTimeInSeconds": 1728424800,
        "startTimeOffsetInSeconds": 7200,
        "durationInSeconds": 81960,
        "calendarDate": "2024-10-09",
        "timeOffsetStressLevelValues": {
            "0": 52.0,
            "180": -2.0,
            "360": 53.0,
            "540": 53.0
        },
        "timeOffsetBodyBatteryValues": {
            "0": 5.0,
            "180": 5.0
        }
    }
]