[
    {
        "userId": "49d85c6a-b8f8-4787-95fa-f145553e59a9",
        "userAccessToken": "7b64f2c3-1572-407f-ac1a-ea3ef127ff2c",
        "summaryId": "x45dba26-67084e60-8520",
        "startTimeInSeconds": 1728597600,
        "startTimeOffsetInSeconds": 7200,
        "durationInSeconds": 34080,
        "calendarDate": "2024-10-11",
        "timeOffsetStressLevelValues": {
            "0": 70.0,
            "180": 70.0
        },
        "timeOffsetBodyBatteryValues": {
            "0": 5.0,
            "180": 5.0
        }
    }
]