[
    {
        "userId": "49d85c6a-b8f8-4787-95fa-f145553e59a9",
        "userAccessToken": "7b64f2c3-1572-407f-ac1a-ea3ef127ff2c",
        "summaryId": "x45dba26-67099fe0-15180",
        "startTimeInSeconds": 1728684000,
        "startTimeOffsetInSeconds": 7200,
        "durationInSeconds": 86400,
        "calendarDate": "2024-10-12",
        "timeOffsetStressLevelValues": {
            "0": 55.0,
            "180": -1.0,
            "360": -1.0,
            "540": -1.0
        },
        "timeOffsetBodyBatteryValues": {
            "0": 5.0,
            "180": 5.0
        }
    }
]