[
    {
        "userId": "49d85c6a-b8f8-4787-95fa-f145553e59a9",
        "userAccessToken": "7b64f2c3-1572-407f-ac1a-ea3ef127ff2c",
        "summaryId": "x45dba26-670459e0-ed30",
        "startTimeInSeconds": 1728338400,
        "startTimeOffsetInSeconds": 7200,
        "durationInSeconds": 60720,
        "calendarDate": "2024-10-08",
        "timeOffsetStressLevelValues": {
            "0": 58.0,
            "180": 53.0,
            "360": 53.0
        },
        "timeOffsetBodyBatteryValues": {
            "0": 5.0,
            "180": 5.0
        }
    }
]