[
    {
        "userId": "49d85c6a-b8f8-4787-95fa-f145553e59a9",
        "userAccessToken": "7b64f2c3-1572-407f-ac1a-ea3ef127ff2c",
        "summaryId": "x45dba26-67130b5c-6795",
        "calendarDate": "2024-10-19",
        "durationInSeconds": 26517,
        "totalNapDurationInSeconds": 0,
        "startTimeInSeconds": 1729301340,
        "startTimeOffsetInSeconds": 7254,
        "unmeasurableSleepInSeconds": 0,
        "deepSleepDurationInSeconds": 6660,
        "lightSleepDurationInSeconds": 14097,
        "remSleepInSeconds": 5760,
        "awakeDurationInSeconds": 720,
        "sleepLevelsMap": {
            "deep": [
                {
                    "startTimeInSeconds": 1729301580,
                    "endTimeInSeconds": 1729305480
                },
                {
                    "startTimeInSeconds": 1729307100,
                    "endTimeInSeconds": 1729309860
                }
            ],
            "light": [
                {
                    "startTimeInSeconds": 1729301340,
                    "endTimeInSeconds": 1729301580
                },
                {
                    "startTimeInSeconds": 1729305480,
                    "endTimeInSeconds": 1729307100
                },
                {
                    "startTimeInSeconds": 1729309860,
                    "endTimeInSeconds": 1729310460
                },
                {
                    "startTimeInSeconds": 1729311360,
                    "endTimeInSeconds": 1729316040
                },
                {
                    "startTimeInSeconds": 1729316340,
                    "endTimeInSeconds": 1729317360
                },
                {
                    "startTimeInSeconds": 1729318080,
                    "endTimeInSeconds": 1729321860
                },
                {
                    "startTimeInSeconds": 1729326420,
                    "endTimeInSeconds": 1729328577
                }
            ],
            "rem": [
                {
                    "startTimeInSeconds": 1729310460,
                    "endTimeInSeconds": 1729311360
                },
                {
                    "startTimeInSeconds": 1729316040,
                    "endTimeInSeconds": 1729316340
                },
                {
                    "startTimeInSeconds": 1729321860,
                    "endTimeInSeconds": 1729326420
                }
            ],
            "awake": [
                {
                    "startTimeInSeconds": 1729317360,
                    "endTimeInSeconds": 1729318080
                }
            ]
        },
        "validation": "ENHANCED_FINAL",
        "timeOffsetSleepSpo2": {
            "60": 96,
            "120": 96,
            "180": 96,
            "240": 96,
            "300": 96,
            "360": 96,
            "420": 96,
            "480": 96,
            "540": 96,
            "600": 96,
            "660": 96,
            "720": 96,
            "780": 96,
            "840": 96,
            "900": 96,
            "960": 96,
            "1020": 96,
            "1080": 96,
            "1140": 96,
            "1200": 96,
            "1260": 96,
            "1320": 96,
            "1380": 96,
            "1440": 96,
            "1500": 96,
            "1560": 96,
            "1620": 96,
            "1680": 96,
            "1740": 96,
            "1800": 96,
            "1860": 96,
            "1920": 96,
            "1980": 95,
            "2040": 96,
            "2100": 96,
            "2160": 96,
            "2220": 96,
            "2280": 96,
            "2340": 96,
            "2400": 96,
            "2460": 96,
            "2520": 96,
            "2580": 96,
            "2640": 96,
            "2700": 96,
            "2760": 96,
            "2820": 96,
            "2880": 96,
            "2940": 96,
            "3000": 96,
            "3060": 96,
            "3120": 96,
            "3180": 96,
            "3240": 96,
            "3300": 96,
            "3360": 96,
            "3420": 96,
            "3480": 96,
            "3540": 95,
            "3600": 96,
            "3660": 96,
            "3720": 96,
            "3780": 96,
            "3840": 96,
            "3900": 96,
            "3960": 96,
            "4020": 96,
            "4080": 94,
            "4140": 94,
            "4200": 94,
            "4260": 93,
            "4320": 94,
            "4380": 93,
            "4440": 94,
            "4500": 94,
            "4560": 93,
            "4620": 93,
            "4680": 93,
            "4740": 94,
            "4800": 94,
            "4860": 93,
            "4920": 94,
            "4980": 94,
            "5040": 94,
            "5100": 94,
            "5160": 94,
            "5220": 94,
            "5280": 94,
            "5340": 94,
            "5400": 94,
            "5460": 94,
            "5520": 94,
            "5580": 94,
            "5640": 94,
            "5700": 94,
            "5760": 94,
            "5820": 94,
            "5880": 94,
            "5940": 94,
            "6000": 94,
            "6060": 94,
            "6120": 94,
            "6180": 94,
            "6240": 96,
            "6300": 96,
            "6360": 97,
            "6420": 98,
            "8580": 95,
            "8640": 95,
            "8700": 96,
            "8760": 96,
            "8820": 96,
            "8880": 96,
            "8940": 94,
            "9000": 93,
            "9060": 95,
            "9120": 95,
            "9180": 96,
            "9240": 91,
            "9300": 95,
            "9360": 95,
            "9420": 95,
            "9480": 96,
            "9540": 96,
            "9600": 96,
            "9660": 96,
            "9720": 97,
            "9780": 96,
            "9840": 96,
            "9900": 96,
            "9960": 96,
            "10020": 95,
            "10080": 96,
            "10140": 96,
            "10200": 96,
            "10260": 96,
            "10320": 97,
            "10380": 97,
            "10440": 95,
            "10500": 96,
            "10560": 97,
            "10620": 97,
            "10680": 97,
            "10740": 97,
            "10800": 96,
            "10860": 95,
            "10920": 95,
            "10980": 98,
            "11040": 98,
            "11100": 98,
            "11160": 98,
            "11220": 98,
            "11280": 97,
            "11340": 97,
            "11400": 98,
            "11460": 97,
            "11520": 97,
            "11580": 96,
            "11640": 97,
            "11700": 97,
            "11760": 97,
            "11820": 96,
            "11880": 96,
            "11940": 96,
            "12000": 97,
            "12060": 96,
            "12120": 96,
            "12180": 96,
            "12240": 96,
            "12300": 96,
            "12360": 96,
            "12420": 96,
            "12480": 96,
            "12540": 96,
            "12600": 96,
            "12660": 96,
            "12720": 96,
            "12780": 96,
            "12840": 96,
            "12900": 96,
            "12960": 96,
            "13020": 96,
            "13080": 96,
            "13140": 96,
            "13200": 96,
            "13260": 96,
            "13320": 96,
            "13380": 96,
            "13440": 96,
            "13500": 96,
            "13560": 96,
            "13620": 96,
            "13680": 96,
            "13740": 96,
            "13800": 98,
            "13860": 98,
            "13920": 95,
            "13980": 97,
            "14040": 96,
            "14100": 96,
            "14160": 96,
            "14220": 96,
            "14280": 96,
            "14340": 95,
            "14400": 95,
            "14460": 95,
            "14520": 96,
            "14580": 95,
            "14640": 95,
            "14700": 95,
            "14760": 95,
            "14820": 95,
            "14880": 95,
            "14940": 95,
            "15000": 96,
            "15060": 97,
            "15120": 96,
            "15180": 96,
            "15240": 97,
            "15300": 97,
            "15360": 97,
            "15420": 96,
            "15480": 97,
            "15540": 97,
            "15600": 97,
            "15660": 98,
            "15720": 97,
            "15780": 96,
            "15840": 97,
            "15900": 100,
            "15960": 100,
            "16020": 100,
            "16080": 100,
            "16140": 100,
            "16200": 100,
            "16260": 96,
            "16320": 96,
            "16440": 96,
            "16560": 96,
            "16620": 96,
            "16680": 96,
            "16740": 96,
            "16800": 96,
            "16860": 96,
            "16920": 96,
            "16980": 96,
            "17040": 96,
            "17100": 96,
            "17160": 96,
            "17220": 96,
            "17280": 96,
            "17340": 96,
            "17400": 96,
            "17460": 96,
            "17520": 96,
            "17580": 96,
            "17640": 96,
            "17700": 96,
            "17760": 96,
            "17820": 96,
            "17880": 96,
            "17940": 96,
            "18000": 96,
            "18060": 96,
            "18120": 96,
            "18180": 96,
            "18240": 96,
            "18300": 96,
            "18360": 96,
            "18420": 96,
            "18480": 96,
            "18540": 96,
            "18600": 96,
            "18660": 96,
            "18720": 96,
            "18780": 96,
            "18840": 96,
            "18900": 96,
            "18960": 96,
            "19020": 96,
            "19080": 96,
            "19140": 96,
            "19200": 96,
            "19260": 96,
            "19320": 96,
            "19380": 96,
            "19440": 96,
            "19500": 96,
            "19560": 96,
            "19620": 95,
            "19680": 95,
            "19740": 95,
            "19800": 95,
            "19860": 95,
            "19920": 95,
            "19980": 95,
            "20040": 95,
            "20100": 95,
            "20160": 95,
            "20220": 95,
            "20280": 95,
            "20340": 95,
            "20400": 95,
            "20460": 95,
            "20520": 95,
            "20580": 95,
            "20640": 95,
            "20700": 95,
            "20760": 95,
            "20820": 95,
            "20940": 95,
            "21000": 95,
            "21060": 95,
            "21120": 95,
            "21180": 95,
            "21240": 95,
            "21300": 95,
            "21360": 95,
            "21420": 95,
            "21480": 95,
            "21540": 95,
            "21600": 95,
            "21660": 95,
            "21720": 95,
            "21780": 95,
            "21840": 95,
            "21900": 95,
            "21960": 95,
            "22020": 95,
            "22080": 95,
            "22140": 95,
            "22200": 95,
            "22260": 95,
            "22320": 95,
            "22380": 95,
            "22440": 95,
            "22500": 95,
            "22560": 96,
            "22620": 96,
            "22680": 96,
            "22740": 96,
            "22800": 96,
            "22860": 96,
            "22920": 96,
            "22980": 96,
            "23040": 96,
            "23100": 96,
            "23160": 96,
            "23220": 96,
            "23280": 96,
            "23340": 96,
            "23400": 96,
            "23460": 96,
            "23520": 96,
            "23580": 96,
            "23640": 96,
            "23700": 96,
            "23760": 96,
            "23820": 96,
            "23880": 96,
            "23940": 96,
            "24000": 96,
            "24060": 96,
            "24120": 96,
            "24180": 96,
            "24240": 96,
            "24300": 96,
            "24360": 96,
            "24420": 96,
            "24480": 96,
            "24540": 96,
            "24600": 96,
            "24660": 96,
            "24720": 96,
            "24840": 96,
            "24900": 96,
            "24960": 96,
            "25020": 96,
            "25080": 96,
            "25140": 96,
            "25200": 96,
            "25260": 96,
            "25320": 96,
            "25380": 96,
            "25440": 96,
            "25500": 96,
            "25560": 96,
            "25620": 96,
            "25680": 96,
            "25740": 96,
            "25800": 96,
            "25860": 96,
            "25920": 96,
            "25980": 96,
            "26040": 96,
            "26100": 96,
            "26160": 96,
            "26220": 96,
            "26280": 96,
            "26340": 96,
            "26400": 96,
            "26460": 96,
            "26520": 96,
            "26580": 96,
            "26640": 96,
            "26700": 96,
            "26760": 96,
            "26820": 96,
            "26880": 96,
            "26940": 96,
            "27000": 96,
            "27060": 96,
            "27120": 96
        },
        "timeOffsetSleepRespiration": {
            "60": 13.94,
            "120": 15.0,
            "180": 15.08,
            "240": 15.24,
            "300": 16.21,
            "360": 16.48,
            "420": 16.08,
            "480": 15.59,
            "540": 15.61,
            "600": 15.7,
            "660": 15.85,
            "720": 16.5,
            "780": 17.06,
            "840": 16.44,
            "900": 15.87,
            "960": 16.27,
            "1020": 15.83,
            "1080": 15.99,
            "1140": 15.33,
            "1200": 16.0,
            "1260": 15.71,
            "1320": 15.71,
            "1380": 16.02,
            "1440": 16.56,
            "1500": 15.28,
            "1560": 13.88,
            "1620": 15.36,
            "1680": 16.51,
            "1740": 17.31,
            "1800": 16.75,
            "1860": 16.72,
            "1920": 16.12,
            "1980": 15.46,
            "2040": 14.77,
            "2100": 13.97,
            "2160": 13.97,
            "2220": 13.62,
            "2280": 15.04,
            "2340": 16.51,
            "2400": 16.66,
            "2460": 16.52,
            "2520": 16.36,
            "2580": 15.38,
            "2640": 14.53,
            "2700": 13.89,
            "2760": 13.16,
            "2820": 14.19,
            "2880": 15.16,
            "2940": 14.99,
            "3000": 15.38,
            "3060": 15.59,
            "3120": 16.17,
            "3180": 15.46,
            "3240": 15.17,
            "3300": 15.22,
            "3360": 15.11,
            "3420": 15.2,
            "3480": 14.6,
            "3540": 15.41,
            "3600": 14.85,
            "3660": 14.66,
            "3720": 14.47,
            "3780": 14.83,
            "3840": 13.92,
            "3900": 13.14,
            "3960": 12.98,
            "4020": 13.16,
            "4080": 14.17,
            "4140": 13.75,
            "4200": 13.91,
            "4260": 14.58,
            "4320": 14.61,
            "4380": 14.32,
            "4440": 15.23,
            "4500": 14.88,
            "4560": 15.73,
            "4620": 14.89,
            "4680": 14.42,
            "4740": 15.62,
            "4800": 15.76,
            "4860": 16.34,
            "4920": 15.72,
            "4980": 15.11,
            "5040": 15.36,
            "5100": 14.78,
            "5160": 15.22,
            "5220": 15.5,
            "5280": 15.49,
            "5340": 16.43,
            "5400": 16.72,
            "5460": 16.77,
            "5520": 16.87,
            "5580": 16.87,
            "5640": 17.01,
            "5700": 17.49,
            "5760": 17.13,
            "5820": 17.2,
            "5880": 17.42,
            "5940": 17.29,
            "6000": 17.51,
            "6060": 17.33,
            "6120": 17.35,
            "6180": 16.95,
            "6240": 17.08,
            "6300": 16.14,
            "6360": 14.4,
            "6420": 14.31,
            "6480": 14.44,
            "6540": 13.96,
            "6600": 15.44,
            "6660": 15.73,
            "6720": 14.86,
            "6780": 14.46,
            "6840": 13.46,
            "6900": 13.02,
            "6960": 11.49,
            "7020": 10.18,
            "7080": 9.38,
            "7140": 9.9,
            "7200": 9.51,
            "7260": 9.58,
            "7320": 9.78,
            "7380": 10.08,
            "7440": 10.01,
            "7500": 10.51,
            "7560": 10.01,
            "7620": 9.41,
            "7680": 9.61,
            "7740": 8.51,
            "7800": 9.05,
            "7860": 9.24,
            "7920": 9.84,
            "7980": 10.14,
            "8040": 10.13,
            "8100": 10.33,
            "8160": 10.09,
            "8220": 9.51,
            "8280": 9.65,
            "8340": 10.34,
            "8400": 9.95,
            "8460": 10.07,
            "8520": 9.37,
            "8580": 9.4,
            "8640": 11.25,
            "8700": 10.95,
            "8760": 11.15,
            "8820": 11.56,
            "8880": 11.99,
            "8940": 12.89,
            "9000": 12.81,
            "9060": 13.11,
            "9120": 13.0,
            "9180": 13.59,
            "9240": 14.26,
            "9300": 13.65,
            "9360": 13.14,
            "9420": 14.1,
            "9540": 15.72,
            "9600": 14.86,
            "9660": 14.71,
            "9720": 14.89,
            "9780": 14.33,
            "9840": 14.6,
            "9900": 14.93,
            "9960": 14.19,
            "10020": 13.71,
            "10080": 13.82,
            "10140": 13.4,
            "10200": 13.7,
            "10260": 13.43,
            "10380": 12.73,
            "10500": 12.59,
            "10560": 13.14,
            "10680": 14.11,
            "10740": 13.35,
            "10860": 12.58,
            "10920": 12.87,
            "10980": 12.61,
            "11040": 14.01,
            "11100": 14.41,
            "11160": 15.41,
            "11280": 15.74,
            "11340": 14.89,
            "11400": 14.38,
            "11460": 14.58,
            "11520": 14.91,
            "11580": 14.18,
            "11640": 15.1,
            "11700": 14.47,
            "11820": 14.83,
            "11880": 14.79,
            "11940": 14.95,
            "12000": 15.86,
            "12060": 15.34,
            "12120": 14.62,
            "12240": 15.02,
            "12300": 14.99,
            "12360": 13.81,
            "12420": 13.81,
            "12480": 13.25,
            "12540": 13.96,
            "12660": 14.07,
            "12720": 14.61,
            "12780": 14.89,
            "12840": 14.29,
            "12960": 14.58,
            "13020": 14.43,
            "13080": 14.3,
            "13140": 14.96,
            "13200": 15.36,
            "13260": 15.05,
            "13320": 15.35,
            "13380": 15.65,
            "13500": 16.1,
            "13560": 15.19,
            "13620": 15.47,
            "13680": 15.63,
            "13740": 16.36,
            "13800": 16.36,
            "13920": 15.12,
            "13980": 15.02,
            "14040": 14.44,
            "14100": 14.04,
            "14220": 14.39,
            "14280": 13.72,
            "14340": 12.56,
            "14400": 12.88,
            "14460": 13.11,
            "14520": 12.18,
            "14580": 12.38,
            "14640": 13.15,
            "14700": 14.27,
            "14760": 13.79,
            "14820": 13.54,
            "14880": 13.0,
            "14940": 14.13,
            "15000": 14.47,
            "15060": 13.73,
            "15120": 14.15,
            "15180": 13.18,
            "15240": 12.45,
            "15300": 13.25,
            "15360": 14.76,
            "15420": 14.85,
            "15480": 13.66,
            "15540": 14.23,
            "15600": 14.32,
            "15660": 15.56,
            "15720": 15.12,
            "15780": 14.49,
            "15840": 13.5,
            "15900": 13.28,
            "15960": 12.35,
            "16020": 12.67,
            "16080": 13.16,
            "16140": 13.38,
            "16200": 12.89,
            "16260": 12.94,
            "16320": 14.08,
            "16380": 14.01,
            "16500": 13.26,
            "16560": 12.54,
            "16620": 14.11,
            "16680": 13.64,
            "16740": 12.94,
            "16800": 13.02,
            "16860": 13.77,
            "16920": 13.77,
            "16980": 13.72,
            "17040": 13.77,
            "17100": 12.94,
            "17160": 13.0,
            "17220": 13.24,
            "17280": 13.39,
            "17340": 13.47,
            "17400": 13.81,
            "17460": 14.1,
            "17520": 14.45,
            "17580": 12.92,
            "17640": 11.16,
            "17700": 9.76,
            "17760": 9.22,
            "17820": 10.19,
            "17880": 10.36,
            "17940": 9.97,
            "18000": 9.58,
            "18060": 9.3,
            "18120": 9.8,
            "18180": 10.61,
            "18240": 11.62,
            "18300": 12.61,
            "18360": 13.68,
            "18420": 16.02,
            "18480": 15.61,
            "18540": 14.99,
            "18600": 14.86,
            "18660": 14.93,
            "18720": 13.55,
            "18780": 12.58,
            "18840": 13.0,
            "18900": 13.03,
            "18960": 14.15,
            "19020": 13.32,
            "19080": 12.58,
            "19140": 11.97,
            "19200": 10.22,
            "19260": 9.57,
            "19320": 10.28,
            "19380": 10.24,
            "19440": 9.71,
            "19500": 9.74,
            "19560": 9.45,
            "19620": 9.75,
            "19680": 9.99,
            "19740": 10.39,
            "19800": 10.88,
            "19860": 11.19,
            "19920": 10.72,
            "19980": 9.43,
            "20040": 9.2,
            "20100": 9.44,
            "20160": 9.69,
            "20220": 9.46,
            "20280": 9.32,
            "20340": 9.09,
            "20400": 9.78,
            "20460": 9.33,
            "20520": 9.55,
            "20580": 9.38,
            "20640": 10.07,
            "20700": 10.1,
            "20760": 9.73,
            "20820": 11.34,
            "20880": 12.22,
            "20940": 11.88,
            "21000": 12.06,
            "21060": 11.9,
            "21120": 11.59,
            "21180": 11.7,
            "21240": 11.05,
            "21300": 10.42,
            "21360": 9.6,
            "21420": 9.1,
            "21480": 9.49,
            "21540": 9.34,
            "21600": 9.33,
            "21660": 9.44,
            "21720": 9.58,
            "21780": 9.2,
            "21840": 11.32,
            "21900": 12.95,
            "21960": 12.2,
            "22020": 12.08,
            "22080": 11.97,
            "22140": 11.71,
            "22200": 11.07,
            "22260": 10.54,
            "22320": 10.42,
            "22380": 10.1,
            "22440": 10.48,
            "22500": 9.89,
            "22560": 9.97,
            "22620": 11.64,
            "22680": 11.01,
            "22740": 10.75,
            "22800": 10.32,
            "22860": 9.68,
            "22920": 10.21,
            "22980": 10.31,
            "23040": 10.49,
            "23100": 10.57,
            "23160": 11.44,
            "23220": 12.65,
            "23280": 14.61,
            "23340": 15.3,
            "23400": 14.98,
            "23460": 14.69,
            "23520": 16.84,
            "23580": 15.56,
            "23640": 14.94,
            "23700": 13.66,
            "23760": 13.52,
            "23820": 13.46,
            "23880": 13.37,
            "23940": 14.51,
            "24000": 15.69,
            "24060": 14.87,
            "24120": 13.89,
            "24180": 14.01,
            "24240": 13.94,
            "24300": 13.71,
            "24360": 13.94,
            "24420": 13.19,
            "24480": 14.46,
            "24540": 13.49,
            "24600": 12.31,
            "24660": 12.51,
            "24720": 12.69,
            "24780": 12.92,
            "24840": 13.13,
            "24900": 13.75,
            "24960": 12.77,
            "25020": 12.57,
            "25080": 13.27,
            "25140": 12.2,
            "25200": 12.61,
            "25260": 13.29,
            "25320": 13.37,
            "25380": 13.91,
            "25440": 13.55,
            "25500": 14.22,
            "25560": 13.35,
            "25620": 12.77,
            "25680": 12.5,
            "25740": 12.91,
            "25800": 14.07,
            "25860": 13.42,
            "25920": 12.9,
            "25980": 14.32,
            "26040": 14.6,
            "26100": 14.88,
            "26160": 15.08,
            "26220": 14.34,
            "26280": 15.47,
            "26340": 14.94,
            "26400": 15.45,
            "26460": 16.39,
            "26520": 15.98,
            "26580": 15.38,
            "26640": 15.91,
            "26700": 15.93,
            "26760": 16.49,
            "26820": 16.1,
            "26880": 15.92,
            "26940": 15.6,
            "27000": 15.74,
            "27060": 15.23,
            "27120": 15.01,
            "27180": 14.64
        },
        "overallSleepScore": {
            "value": 87,
            "qualifierKey": "GOOD"
        },
        "sleepScores": {
            "totalDuration": {
                "qualifierKey": "GOOD"
            },
            "stress": {
                "qualifierKey": "GOOD"
            },
            "awakeCount": {
                "qualifierKey": "GOOD"
            },
            "remPercentage": {
                "qualifierKey": "GOOD"
            },
            "restlessness": {
                "qualifierKey": "EXCELLENT"
            },
            "lightPercentage": {
                "qualifierKey": "EXCELLENT"
            },
            "deepPercentage": {
                "qualifierKey": "EXCELLENT"
            }
        }
    }
]