[
    {
        "userId": "49d85c6a-b8f8-4787-95fa-f145553e59a9",
        "userAccessToken": "7b64f2c3-1572-407f-ac1a-ea3ef127ff2c",
        "summaryId": "x45dba26-670ee748-6810",
        "calendarDate": "2024-10-16",
        "durationInSeconds": 26640,
        "totalNapDurationInSeconds": 0,
        "startTimeInSeconds": 1729029960,
        "startTimeOffsetInSeconds": 7254,
        "unmeasurableSleepInSeconds": 0,
        "deepSleepDurationInSeconds": 7080,
        "lightSleepDurationInSeconds": 11640,
        "remSleepInSeconds": 7920,
        "awakeDurationInSeconds": 1980,
        "sleepLevelsMap": {
            "deep": [
                {
                    "startTimeInSeconds": 1729030560,
                    "endTimeInSeconds": 1729032780
                },
                {
                    "startTimeInSeconds": 1729033200,
                    "endTimeInSeconds": 1729033500
                },
                {
                    "startTimeInSeconds": 1729036320,
                    "endTimeInSeconds": 1729038780
                },
                {
                    "startTimeInSeconds": 1729042200,
                    "endTimeInSeconds": 1729044300
                }
            ],
            "light": [
                {
                    "startTimeInSeconds": 1729029960,
                    "endTimeInSeconds": 1729030560
                },
                {
                    "startTimeInSeconds": 1729032780,
                    "endTimeInSeconds": 1729033200
                },
                {
                    "startTimeInSeconds": 1729033500,
                    "endTimeInSeconds": 1729034280
                },
                {
                    "startTimeInSeconds": 1729034640,
                    "endTimeInSeconds": 1729036320
                },
                {
                    "startTimeInSeconds": 1729038780,
                    "endTimeInSeconds": 1729039380
                },
                {
                    "startTimeInSeconds": 1729040520,
                    "endTimeInSeconds": 1729042200
                },
                {
                    "startTimeInSeconds": 1729044300,
                    "endTimeInSeconds": 1729044720
                },
                {
                    "startTimeInSeconds": 1729044780,
                    "endTimeInSeconds": 1729045500
                },
                {
                    "startTimeInSeconds": 1729047000,
                    "endTimeInSeconds": 1729050960
                },
                {
                    "startTimeInSeconds": 1729057800,
                    "endTimeInSeconds": 1729058580
                }
            ],
            "rem": [
                {
                    "startTimeInSeconds": 1729034280,
                    "endTimeInSeconds": 1729034640
                },
                {
                    "startTimeInSeconds": 1729039380,
                    "endTimeInSeconds": 1729040340
                },
                {
                    "startTimeInSeconds": 1729045500,
                    "endTimeInSeconds": 1729046940
                },
                {
                    "startTimeInSeconds": 1729050960,
                    "endTimeInSeconds": 1729056120
                }
            ],
            "awake": [
                {
                    "startTimeInSeconds": 1729040340,
                    "endTimeInSeconds": 1729040520
                },
                {
                    "startTimeInSeconds": 1729044720,
                    "endTimeInSeconds": 1729044780
                },
                {
                    "startTimeInSeconds": 1729046940,
                    "endTimeInSeconds": 1729047000
                },
                {
                    "startTimeInSeconds": 1729056120,
                    "endTimeInSeconds": 1729057800
                }
            ]
        },
        "validation": "ENHANCED_FINAL",
        "timeOffsetSleepSpo2": {
            "60": 96,
            "120": 96,
            "180": 96,
            "240": 96,
            "300": 96,
            "360": 96,
            "420": 96,
            "480": 96,
            "540": 96,
            "600": 97,
            "660": 96,
            "720": 96,
            "780": 96,
            "840": 97,
            "900": 96,
            "960": 97,
            "1020": 96,
            "1080": 96,
            "1140": 97,
            "1200": 97,
            "1260": 97,
            "1320": 97,
            "1380": 97,
            "1440": 97,
            "1500": 96,
            "1560": 95,
            "1620": 96,
            "1680": 96,
            "1740": 96,
            "1800": 96,
            "1860": 96,
            "1920": 96,
            "1980": 96,
            "2040": 96,
            "2100": 96,
            "2160": 96,
            "2220": 96,
            "2280": 96,
            "2340": 96,
            "2400": 96,
            "2460": 96,
            "2520": 96,
            "2580": 96,
            "2640": 95,
            "2700": 95,
            "2760": 95,
            "2820": 96,
            "2880": 98,
            "2940": 98,
            "3000": 98,
            "3060": 98,
            "3120": 98,
            "3180": 98,
            "3240": 99,
            "3300": 99,
            "3360": 98,
            "3420": 98,
            "3480": 97,
            "3540": 97,
            "3600": 96,
            "3660": 96,
            "3720": 98,
            "3780": 97,
            "3840": 98,
            "3900": 97,
            "3960": 96,
            "4020": 99,
            "4080": 96,
            "4140": 97,
            "4200": 95,
            "4260": 95,
            "4320": 95,
            "4380": 95,
            "4440": 95,
            "4500": 96,
            "4560": 95,
            "4620": 95,
            "4680": 95,
            "4740": 96,
            "4800": 95,
            "4860": 95,
            "4920": 95,
            "4980": 95,
            "5040": 95,
            "5100": 95,
            "5160": 95,
            "5220": 95,
            "5280": 96,
            "5340": 97,
            "5400": 96,
            "5460": 94,
            "5520": 95,
            "5580": 95,
            "5640": 95,
            "5700": 95,
            "5760": 95,
            "5820": 95,
            "5880": 95,
            "5940": 95,
            "6000": 95,
            "6060": 95,
            "6120": 95,
            "6180": 95,
            "6240": 95,
            "6300": 95,
            "6360": 95,
            "6420": 95,
            "6480": 95,
            "6540": 95,
            "6600": 95,
            "6660": 95,
            "6720": 95,
            "6780": 95,
            "6840": 95,
            "6900": 95,
            "6960": 95,
            "7020": 95,
            "7080": 96,
            "7140": 96,
            "7200": 96,
            "7260": 96,
            "7320": 96,
            "7380": 96,
            "7440": 96,
            "7500": 95,
            "7560": 95,
            "7620": 95,
            "7680": 96,
            "7740": 96,
            "7800": 96,
            "7860": 96,
            "7920": 96,
            "7980": 96,
            "8040": 96,
            "8100": 96,
            "8160": 96,
            "8220": 96,
            "8280": 96,
            "8340": 96,
            "8400": 95,
            "8460": 96,
            "8520": 96,
            "8580": 96,
            "8640": 96,
            "8700": 96,
            "8760": 96,
            "8820": 95,
            "8880": 94,
            "8940": 93,
            "9000": 94,
            "9060": 94,
            "9120": 95,
            "9180": 95,
            "9240": 95,
            "9300": 95,
            "9360": 95,
            "9420": 95,
            "9480": 95,
            "9540": 96,
            "9600": 95,
            "9660": 94,
            "9720": 95,
            "9780": 94,
            "9840": 95,
            "9900": 95,
            "9960": 95,
            "10020": 95,
            "10080": 95,
            "10140": 95,
            "10200": 95,
            "10260": 95,
            "10320": 95,
            "10380": 94,
            "10440": 93,
            "10500": 94,
            "10560": 94,
            "10620": 94,
            "10680": 94,
            "10740": 94,
            "10800": 94,
            "10860": 94,
            "10920": 94,
            "10980": 94,
            "11040": 94,
            "11100": 94,
            "11160": 94,
            "11220": 95,
            "11280": 95,
            "11340": 96,
            "11400": 94,
            "11460": 94,
            "11520": 94,
            "11580": 95,
            "11640": 95,
            "11700": 95,
            "11760": 95,
            "11820": 95,
            "11880": 95,
            "11940": 95,
            "12000": 97,
            "12060": 97,
            "12120": 97,
            "12180": 97,
            "12240": 97,
            "12300": 97,
            "12360": 97,
            "12420": 96,
            "12480": 97,
            "12540": 97,
            "12600": 96,
            "12660": 96,
            "12720": 97,
            "12780": 96,
            "12840": 96,
            "12900": 96,
            "12960": 96,
            "13020": 96,
            "13080": 96,
            "13140": 96,
            "13200": 96,
            "13260": 96,
            "13320": 96,
            "13380": 96,
            "13440": 96,
            "13500": 96,
            "13560": 96,
            "13620": 96,
            "13680": 96,
            "13740": 96,
            "13800": 96,
            "13860": 96,
            "13920": 96,
            "13980": 96,
            "14040": 96,
            "14100": 96,
            "14160": 96,
            "14220": 96,
            "14280": 96,
            "14340": 96,
            "14400": 96,
            "14460": 95,
            "14520": 94,
            "14580": 96,
            "14640": 97,
            "14700": 95,
            "14760": 95,
            "14820": 95,
            "14880": 95,
            "14940": 95,
            "15000": 96,
            "15060": 95,
            "15120": 96,
            "15180": 96,
            "15240": 96,
            "15300": 96,
            "15360": 96,
            "15420": 96,
            "15480": 96,
            "15540": 95,
            "15600": 95,
            "15660": 96,
            "15720": 95,
            "15780": 95,
            "15840": 95,
            "15900": 95,
            "15960": 95,
            "16020": 95,
            "16080": 95,
            "16140": 95,
            "16200": 95,
            "16260": 95,
            "16320": 93,
            "16380": 95,
            "16440": 95,
            "16500": 95,
            "16560": 95,
            "16620": 95,
            "16680": 95,
            "16740": 94,
            "16800": 94,
            "16860": 94,
            "16920": 97,
            "16980": 97,
            "17040": 97,
            "17100": 97,
            "17160": 97,
            "17220": 97,
            "17280": 94,
            "17340": 94,
            "17400": 96,
            "17460": 96,
            "17520": 96,
            "17580": 96,
            "17640": 96,
            "17700": 96,
            "17760": 96,
            "17820": 96,
            "17880": 96,
            "17940": 96,
            "18000": 97,
            "18060": 96,
            "18120": 96,
            "18180": 96,
            "18240": 95,
            "18300": 97,
            "18360": 96,
            "18420": 95,
            "18480": 94,
            "18540": 95,
            "18600": 95,
            "18660": 93,
            "18720": 93,
            "18780": 93,
            "18840": 93,
            "18900": 94,
            "18960": 94,
            "19020": 94,
            "19080": 94,
            "19140": 93,
            "19200": 94,
            "19260": 93,
            "19320": 93,
            "19380": 93,
            "19440": 93,
            "19500": 94,
            "19560": 94,
            "19620": 94,
            "19680": 94,
            "19740": 94,
            "19800": 93,
            "19860": 94,
            "19920": 94,
            "19980": 94,
            "20040": 94,
            "20100": 94,
            "20160": 94,
            "20220": 94,
            "20280": 94,
            "20340": 94,
            "20400": 96,
            "20460": 95,
            "20520": 95,
            "20580": 95,
            "20640": 95,
            "20700": 95,
            "20760": 95,
            "20820": 95,
            "20880": 95,
            "20940": 95,
            "21000": 96,
            "21060": 95,
            "21120": 95,
            "21180": 95,
            "21240": 95,
            "21300": 95,
            "21360": 96,
            "21420": 96,
            "21480": 96,
            "21540": 95,
            "21600": 95,
            "21660": 95,
            "21720": 94,
            "21780": 94,
            "21840": 94,
            "21900": 94,
            "21960": 94,
            "22020": 93,
            "22080": 94,
            "22140": 94,
            "22200": 94,
            "22260": 94,
            "22320": 94,
            "22380": 94,
            "22440": 94,
            "22500": 95,
            "22560": 94,
            "22620": 93,
            "22680": 94,
            "22740": 94,
            "22800": 94,
            "22860": 93,
            "22920": 93,
            "22980": 94,
            "23040": 94,
            "23100": 95,
            "23160": 92,
            "23220": 92,
            "23280": 93,
            "23340": 94,
            "23400": 94,
            "23460": 94,
            "23520": 94,
            "23580": 94,
            "23640": 96,
            "23700": 96,
            "23760": 96,
            "23820": 96,
            "23880": 96,
            "23940": 96,
            "24000": 96,
            "24060": 96,
            "24120": 95,
            "24180": 95,
            "24240": 96,
            "24300": 97,
            "24360": 97,
            "24420": 96,
            "24480": 97,
            "24540": 97,
            "24600": 94,
            "24660": 93,
            "24720": 96,
            "24780": 96,
            "24840": 97,
            "24900": 97,
            "24960": 97,
            "25020": 97,
            "25080": 91,
            "25140": 92,
            "25200": 92,
            "25260": 92,
            "25320": 95,
            "25380": 96,
            "25440": 96,
            "25500": 96,
            "25560": 96,
            "25620": 96,
            "25680": 97,
            "25740": 96,
            "25800": 95,
            "25860": 95,
            "25920": 95,
            "25980": 95,
            "26040": 95,
            "26100": 95,
            "26280": 96,
            "26340": 96,
            "26400": 96,
            "26460": 96,
            "26520": 93,
            "26580": 90,
            "26640": 90,
            "26700": 94,
            "26760": 94,
            "26820": 94,
            "26880": 94,
            "26940": 92,
            "27000": 94,
            "27060": 95,
            "27120": 96,
            "27180": 96,
            "27240": 96,
            "27300": 95,
            "27360": 96,
            "27420": 96,
            "27480": 94,
            "27540": 93,
            "27600": 91,
            "27660": 91,
            "27720": 91,
            "27780": 91,
            "27840": 90,
            "27900": 92,
            "27960": 92,
            "28020": 92,
            "28080": 92,
            "28140": 95,
            "28200": 99,
            "28260": 100,
            "28320": 100,
            "28380": 99,
            "28440": 95,
            "28500": 95,
            "28560": 95
        },
        "timeOffsetSleepRespiration": {
            "60": 13.36,
            "120": 13.83,
            "180": 14.2,
            "240": 15.74,
            "300": 16.33,
            "360": 16.72,
            "420": 16.32,
            "480": 16.21,
            "540": 17.05,
            "600": 16.65,
            "660": 17.09,
            "720": 17.17,
            "780": 17.51,
            "840": 17.57,
            "900": 17.74,
            "960": 17.88,
            "1020": 18.09,
            "1080": 17.71,
            "1140": 17.86,
            "1200": 17.65,
            "1260": 17.57,
            "1320": 17.5,
            "1380": 17.56,
            "1440": 17.7,
            "1500": 17.51,
            "1560": 17.47,
            "1620": 18.05,
            "1680": 19.31,
            "1740": 18.58,
            "1800": 17.05,
            "1860": 15.88,
            "1920": 17.22,
            "1980": 18.85,
            "2040": 20.12,
            "2100": 18.98,
            "2160": 19.94,
            "2220": 20.7,
            "2280": 19.66,
            "2340": 19.48,
            "2400": 18.27,
            "2460": 15.96,
            "2520": 14.63,
            "2580": 13.82,
            "2640": 13.6,
            "2700": 13.11,
            "2760": 13.11,
            "2820": 13.19,
            "2880": 14.47,
            "2940": 13.61,
            "3000": 13.79,
            "3060": 14.99,
            "3120": 15.91,
            "3180": 16.29,
            "3240": 15.19,
            "3300": 14.86,
            "3360": 14.23,
            "3420": 13.99,
            "3480": 13.56,
            "3540": 13.78,
            "3600": 13.49,
            "3660": 13.0,
            "3720": 12.73,
            "3780": 13.31,
            "3840": 13.11,
            "3900": 12.96,
            "3960": 12.96,
            "4020": 13.51,
            "4080": 13.07,
            "4140": 13.78,
            "4200": 13.5,
            "4260": 13.75,
            "4320": 13.54,
            "4380": 13.99,
            "4440": 13.55,
            "4500": 13.33,
            "4560": 12.36,
            "4620": 12.09,
            "4680": 12.6,
            "4740": 13.67,
            "4800": 13.67,
            "4860": 13.98,
            "4920": 13.93,
            "4980": 13.45,
            "5040": 13.22,
            "5100": 13.87,
            "5160": 13.22,
            "5220": 12.13,
            "5280": 12.72,
            "5340": 13.18,
            "5400": 14.81,
            "5460": 14.89,
            "5520": 14.56,
            "5580": 14.56,
            "5640": 16.38,
            "5700": 15.74,
            "5760": 14.39,
            "5820": 14.7,
            "5880": 16.57,
            "5940": 16.18,
            "6000": 15.28,
            "6060": 15.09,
            "6120": 15.33,
            "6180": 16.22,
            "6240": 16.22,
            "6300": 16.53,
            "6360": 16.72,
            "6420": 16.75,
            "6480": 17.51,
            "6540": 16.53,
            "6600": 16.54,
            "6660": 16.47,
            "6720": 16.36,
            "6780": 16.79,
            "6840": 16.93,
            "6900": 17.27,
            "6960": 16.97,
            "7020": 16.25,
            "7080": 15.45,
            "7140": 14.55,
            "7200": 15.34,
            "7260": 15.8,
            "7320": 17.44,
            "7380": 16.68,
            "7440": 15.96,
            "7500": 16.7,
            "7560": 16.5,
            "7620": 16.41,
            "7680": 15.79,
            "7740": 15.55,
            "7800": 15.83,
            "7860": 16.42,
            "7920": 15.94,
            "7980": 16.63,
            "8040": 16.84,
            "8100": 16.93,
            "8160": 16.56,
            "8220": 16.58,
            "8280": 16.8,
            "8340": 17.22,
            "8400": 17.2,
            "8460": 16.79,
            "8520": 16.48,
            "8580": 16.59,
            "8640": 16.51,
            "8700": 17.07,
            "8760": 16.57,
            "8820": 16.94,
            "8880": 16.81,
            "8940": 16.82,
            "9000": 16.5,
            "9060": 15.68,
            "9120": 14.83,
            "9180": 14.04,
            "9240": 13.64,
            "9300": 14.98,
            "9360": 14.89,
            "9420": 15.51,
            "9480": 16.93,
            "9540": 18.79,
            "9600": 19.28,
            "9660": 19.58,
            "9720": 19.43,
            "9780": 18.31,
            "9840": 19.03,
            "9900": 18.3,
            "9960": 17.57,
            "10020": 17.72,
            "10080": 17.69,
            "10140": 17.35,
            "10200": 18.19,
            "10260": 17.83,
            "10320": 18.32,
            "10380": 19.12,
            "10440": 19.2,
            "10500": 18.25,
            "10560": 16.11,
            "10620": 14.89,
            "10680": 15.75,
            "10740": 16.62,
            "10800": 15.83,
            "10860": 15.6,
            "10920": 14.55,
            "10980": 15.55,
            "11040": 16.11,
            "11100": 16.29,
            "11160": 17.32,
            "11220": 17.65,
            "11280": 17.68,
            "11340": 15.39,
            "11400": 14.22,
            "11460": 14.04,
            "11520": 13.73,
            "11580": 13.03,
            "11640": 13.19,
            "11700": 14.07,
            "11760": 14.1,
            "11820": 14.18,
            "11880": 13.52,
            "11940": 13.88,
            "12000": 13.09,
            "12060": 13.61,
            "12120": 15.15,
            "12180": 15.16,
            "12240": 15.26,
            "12300": 15.93,
            "12360": 15.92,
            "12420": 15.42,
            "12480": 16.01,
            "12540": 15.76,
            "12600": 15.67,
            "12660": 14.72,
            "12720": 15.42,
            "12780": 15.74,
            "12840": 15.44,
            "12900": 15.21,
            "12960": 15.71,
            "13020": 15.89,
            "13080": 15.89,
            "13140": 15.79,
            "13200": 15.64,
            "13260": 16.21,
            "13320": 15.66,
            "13380": 15.46,
            "13440": 15.59,
            "13500": 14.67,
            "13560": 14.11,
            "13620": 14.06,
            "13680": 14.56,
            "13740": 13.7,
            "13800": 14.56,
            "13860": 15.02,
            "13920": 15.21,
            "13980": 15.22,
            "14040": 14.61,
            "14100": 14.4,
            "14160": 14.45,
            "14220": 14.8,
            "14280": 14.83,
            "14340": 15.03,
            "14400": 14.86,
            "14460": 14.98,
            "14520": 15.91,
            "14580": 14.84,
            "14640": 13.79,
            "14700": 14.04,
            "14760": 14.15,
            "14820": 13.25,
            "14880": 12.49,
            "14940": 12.64,
            "15000": 11.84,
            "15060": 11.56,
            "15120": 10.61,
            "15180": 9.56,
            "15240": 9.5,
            "15300": 10.0,
            "15360": 9.54,
            "15420": 8.62,
            "15480": 9.23,
            "15540": 9.83,
            "15600": 11.05,
            "15660": 10.98,
            "15720": 11.33,
            "15780": 10.32,
            "15840": 9.68,
            "15900": 9.95,
            "15960": 10.14,
            "16020": 9.96,
            "16080": 10.49,
            "16140": 10.0,
            "16200": 9.85,
            "16260": 10.17,
            "16320": 9.91,
            "16380": 9.72,
            "16440": 8.87,
            "16500": 9.15,
            "16560": 9.92,
            "16620": 10.2,
            "16680": 9.97,
            "16740": 10.25,
            "16800": 9.99,
            "16860": 9.37,
            "16980": 11.51,
            "17040": 11.12,
            "17100": 11.55,
            "17160": 11.32,
            "17220": 12.03,
            "17280": 12.69,
            "17340": 12.7,
            "17400": 12.02,
            "17460": 12.32,
            "17520": 11.85,
            "17580": 11.26,
            "17640": 10.3,
            "17700": 10.09,
            "17760": 10.02,
            "17820": 10.13,
            "17880": 9.23,
            "17940": 8.93,
            "18000": 9.17,
            "18060": 9.8,
            "18120": 9.89,
            "18180": 9.54,
            "18240": 9.91,
            "18300": 9.0,
            "18360": 8.46,
            "18420": 9.18,
            "18480": 10.38,
            "18540": 10.58,
            "18600": 10.33,
            "18660": 10.92,
            "18720": 10.34,
            "18780": 11.7,
            "18840": 11.88,
            "18900": 12.37,
            "18960": 12.47,
            "19020": 12.12,
            "19080": 12.42,
            "19140": 12.39,
            "19200": 12.47,
            "19260": 12.77,
            "19320": 12.98,
            "19380": 14.03,
            "19440": 14.29,
            "19500": 14.7,
            "19560": 14.07,
            "19620": 14.14,
            "19680": 14.73,
            "19740": 14.43,
            "19800": 13.65,
            "19860": 13.94,
            "19920": 14.48,
            "19980": 15.08,
            "20040": 14.94,
            "20100": 13.69,
            "20160": 12.93,
            "20220": 13.55,
            "20280": 13.14,
            "20340": 13.9,
            "20400": 14.42,
            "20460": 14.16,
            "20520": 13.83,
            "20580": 13.27,
            "20640": 13.28,
            "20700": 11.61,
            "20760": 10.97,
            "20820": 11.39,
            "20880": 10.86,
            "20940": 9.71,
            "21000": 9.99,
            "21060": 10.48,
            "21120": 10.67,
            "21180": 12.03,
            "21240": 12.12,
            "21300": 11.82,
            "21360": 12.92,
            "21420": 12.78,
            "21480": 13.39,
            "21540": 13.7,
            "21600": 12.98,
            "21660": 12.69,
            "21720": 11.73,
            "21780": 10.85,
            "21840": 10.55,
            "21900": 10.37,
            "21960": 11.8,
            "22020": 10.83,
            "22080": 10.03,
            "22140": 9.67,
            "22200": 10.11,
            "22260": 11.65,
            "22320": 12.65,
            "22380": 12.48,
            "22440": 13.63,
            "22500": 12.88,
            "22560": 12.77,
            "22620": 13.11,
            "22680": 14.33,
            "22740": 14.29,
            "22800": 14.3,
            "22860": 14.72,
            "22920": 14.68,
            "22980": 15.09,
            "23040": 16.83,
            "23100": 18.48,
            "23160": 18.46,
            "23220": 19.07,
            "23280": 20.26,
            "23340": 20.34,
            "23400": 19.73,
            "23460": 17.55,
            "23520": 17.04,
            "23580": 17.27,
            "23640": 17.45,
            "23700": 17.46,
            "23760": 18.72,
            "23820": 19.67,
            "23880": 19.83,
            "23940": 20.02,
            "24000": 20.49,
            "24060": 20.15,
            "24120": 20.41,
            "24180": 20.61,
            "24240": 19.46,
            "24300": 19.23,
            "24360": 18.27,
            "24420": 19.24,
            "24480": 18.66,
            "24540": 16.93,
            "24600": 14.87,
            "24660": 13.81,
            "24720": 13.56,
            "24780": 13.94,
            "24960": 15.21,
            "25020": 14.05,
            "25080": 13.98,
            "25140": 14.27,
            "25200": 13.98,
            "25260": 14.45,
            "25320": 14.18,
            "25380": 13.05,
            "25440": 12.95,
            "25500": 12.74,
            "25560": 13.18,
            "25620": 13.08,
            "25680": 12.56,
            "25740": 12.45,
            "25860": 13.84,
            "25920": 13.68,
            "25980": 13.25,
            "26040": 12.07,
            "26100": 11.11,
            "26160": 11.57,
            "26220": 11.49,
            "26280": 11.49,
            "26400": 10.68,
            "26460": 10.78,
            "26520": 10.58,
            "26580": 11.06,
            "26640": 11.78,
            "26700": 11.98,
            "26940": 11.21,
            "27000": 10.85,
            "27060": 12.42,
            "27120": 12.52,
            "27180": 11.95,
            "27240": 12.1,
            "27300": 12.73,
            "27360": 14.26,
            "27420": 13.9,
            "27480": 14.52,
            "27540": 15.13,
            "27600": 14.32,
            "27660": 14.08,
            "27720": 14.05,
            "27780": 14.25,
            "27840": 13.54,
            "27900": 13.83,
            "27960": 14.41,
            "28020": 13.93,
            "28080": 14.59,
            "28140": 14.1,
            "28200": 13.83,
            "28260": 14.59,
            "28320": 13.84,
            "28380": 13.59,
            "28440": 14.11,
            "28500": 14.1,
            "28560": 14.44,
            "28620": 14.53
        },
        "overallSleepScore": {
            "value": 87,
            "qualifierKey": "GOOD"
        },
        "sleepScores": {
            "totalDuration": {
                "qualifierKey": "GOOD"
            },
            "stress": {
                "qualifierKey": "EXCELLENT"
            },
            "awakeCount": {
                "qualifierKey": "FAIR"
            },
            "remPercentage": {
                "qualifierKey": "GOOD"
            },
            "restlessness": {
                "qualifierKey": "GOOD"
            },
            "lightPercentage": {
                "qualifierKey": "EXCELLENT"
            },
            "deepPercentage": {
                "qualifierKey": "EXCELLENT"
            }
        }
    }
]