[
    {
        "userId": "49d85c6a-b8f8-4787-95fa-f145553e59a9",
        "userAccessToken": "7b64f2c3-1572-407f-ac1a-ea3ef127ff2c",
        "summaryId": "x45dba26-670c4970-693c",
        "calendarDate": "2024-10-14",
        "durationInSeconds": 26940,
        "totalNapDurationInSeconds": 0,
        "startTimeInSeconds": 1728858480,
        "startTimeOffsetInSeconds": 7254,
        "unmeasurableSleepInSeconds": 0,
        "deepSleepDurationInSeconds": 7080,
        "lightSleepDurationInSeconds": 12600,
        "remSleepInSeconds": 7260,
        "awakeDurationInSeconds": 2100,
        "sleepLevelsMap": {
            "deep": [
                {
                    "startTimeInSeconds": 1728859080,
                    "endTimeInSeconds": 1728861300
                },
                {
                    "startTimeInSeconds": 1728864540,
                    "endTimeInSeconds": 1728866640
                },
                {
                    "startTimeInSeconds": 1728867000,
                    "endTimeInSeconds": 1728868440
                },
                {
                    "startTimeInSeconds": 1728872640,
                    "endTimeInSeconds": 1728873480
                },
                {
                    "startTimeInSeconds": 1728879720,
                    "endTimeInSeconds": 1728880200
                }
            ],
            "light": [
                {
                    "startTimeInSeconds": 1728858480,
                    "endTimeInSeconds": 1728859080
                },
                {
                    "startTimeInSeconds": 1728861660,
                    "endTimeInSeconds": 1728864540
                },
                {
                    "startTimeInSeconds": 1728866700,
                    "endTimeInSeconds": 1728867000
                },
                {
                    "startTimeInSeconds": 1728868440,
                    "endTimeInSeconds": 1728868740
                },
                {
                    "startTimeInSeconds": 1728869160,
                    "endTimeInSeconds": 1728869760
                },
                {
                    "startTimeInSeconds": 1728870720,
                    "endTimeInSeconds": 1728872640
                },
                {
                    "startTimeInSeconds": 1728873480,
                    "endTimeInSeconds": 1728874680
                },
                {
                    "startTimeInSeconds": 1728874980,
                    "endTimeInSeconds": 1728875580
                },
                {
                    "startTimeInSeconds": 1728875640,
                    "endTimeInSeconds": 1728876240
                },
                {
                    "startTimeInSeconds": 1728878100,
                    "endTimeInSeconds": 1728879720
                },
                {
                    "startTimeInSeconds": 1728880200,
                    "endTimeInSeconds": 1728880680
                },
                {
                    "startTimeInSeconds": 1728882300,
                    "endTimeInSeconds": 1728882900
                },
                {
                    "startTimeInSeconds": 1728884100,
                    "endTimeInSeconds": 1728884400
                },
                {
                    "startTimeInSeconds": 1728884460,
                    "endTimeInSeconds": 1728885060
                }
            ],
            "awake": [
                {
                    "startTimeInSeconds": 1728861300,
                    "endTimeInSeconds": 1728861660
                },
                {
                    "startTimeInSeconds": 1728866640,
                    "endTimeInSeconds": 1728866700
                },
                {
                    "startTimeInSeconds": 1728868740,
                    "endTimeInSeconds": 1728869160
                },
                {
                    "startTimeInSeconds": 1728874680,
                    "endTimeInSeconds": 1728874980
                },
                {
                    "startTimeInSeconds": 1728875580,
                    "endTimeInSeconds": 1728875640
                },
                {
                    "startTimeInSeconds": 1728877860,
                    "endTimeInSeconds": 1728878100
                },
                {
                    "startTimeInSeconds": 1728881700,
                    "endTimeInSeconds": 1728882300
                },
                {
                    "startTimeInSeconds": 1728884400,
                    "endTimeInSeconds": 1728884460
                }
            ],
            "rem": [
                {
                    "startTimeInSeconds": 1728869760,
                    "endTimeInSeconds": 1728870720
                },
                {
                    "startTimeInSeconds": 1728876240,
                    "endTimeInSeconds": 1728877860
                },
                {
                    "startTimeInSeconds": 1728880680,
                    "endTimeInSeconds": 1728881700
                },
                {
                    "startTimeInSeconds": 1728882900,
                    "endTimeInSeconds": 1728884100
                },
                {
                    "startTimeInSeconds": 1728885060,
                    "endTimeInSeconds": 1728887520
                }
            ]
        },
        "validation": "ENHANCED_FINAL",
        "timeOffsetSleepSpo2": {
            "60": 94,
            "120": 93,
            "180": 93,
            "240": 94,
            "300": 93,
            "360": 93,
            "420": 94,
            "480": 94,
            "540": 94,
            "600": 93,
            "660": 94,
            "720": 93,
            "780": 93,
            "840": 93,
            "900": 93,
            "960": 93,
            "1020": 93,
            "1080": 93,
            "1140": 97,
            "1200": 97,
            "1260": 96,
            "1320": 97,
            "1380": 97,
            "1440": 97,
            "1500": 96,
            "1560": 97,
            "1620": 97,
            "1680": 97,
            "1740": 97,
            "1800": 96,
            "1860": 96,
            "1920": 96,
            "1980": 96,
            "2040": 95,
            "2100": 95,
            "2160": 92,
            "2220": 95,
            "2280": 96,
            "2340": 96,
            "2400": 96,
            "2460": 95,
            "2520": 95,
            "2580": 95,
            "2640": 94,
            "2700": 94,
            "2760": 94,
            "2820": 95,
            "2880": 96,
            "2940": 97,
            "3000": 96,
            "3060": 96,
            "3120": 96,
            "3180": 96,
            "3240": 97,
            "3300": 96,
            "3360": 96,
            "3420": 95,
            "3480": 96,
            "3540": 97,
            "3600": 96,
            "3660": 97,
            "3720": 97,
            "3780": 95,
            "3840": 96,
            "3900": 96,
            "3960": 96,
            "4020": 96,
            "4080": 96,
            "4140": 96,
            "4200": 96,
            "4260": 96,
            "4320": 96,
            "4380": 97,
            "4440": 96,
            "4500": 96,
            "4560": 96,
            "4620": 96,
            "4680": 96,
            "4740": 96,
            "4800": 96,
            "4860": 96,
            "4920": 96,
            "4980": 96,
            "5040": 96,
            "5100": 96,
            "5160": 96,
            "5220": 96,
            "5280": 96,
            "5340": 96,
            "5400": 96,
            "5460": 96,
            "5520": 97,
            "5580": 97,
            "5640": 98,
            "5700": 98,
            "5760": 98,
            "5820": 98,
            "5880": 98,
            "5940": 98,
            "6000": 98,
            "6060": 98,
            "6120": 98,
            "6180": 98,
            "6240": 98,
            "6300": 97,
            "6360": 97,
            "6420": 97,
            "6480": 97,
            "6540": 98,
            "6600": 97,
            "6660": 97,
            "6720": 97,
            "6780": 97,
            "6840": 97,
            "6900": 97,
            "6960": 97,
            "7020": 97,
            "7080": 97,
            "7140": 97,
            "7200": 97,
            "7260": 97,
            "7320": 97,
            "7380": 97,
            "7440": 97,
            "7500": 95,
            "7560": 94,
            "7620": 96,
            "7680": 95,
            "7740": 95,
            "7800": 96,
            "7860": 95,
            "7920": 95,
            "7980": 95,
            "8040": 95,
            "8100": 95,
            "8160": 96,
            "8220": 96,
            "8280": 96,
            "8340": 96,
            "8400": 96,
            "8460": 96,
            "8520": 96,
            "8580": 96,
            "8640": 96,
            "8700": 96,
            "8760": 96,
            "8820": 96,
            "8880": 97,
            "8940": 96,
            "9000": 96,
            "9060": 96,
            "9120": 97,
            "9180": 96,
            "9240": 96,
            "9300": 96,
            "9360": 96,
            "9420": 96,
            "9480": 96,
            "9540": 96,
            "9600": 96,
            "9660": 96,
            "9720": 96,
            "9780": 97,
            "9840": 97,
            "9900": 98,
            "9960": 97,
            "10020": 97,
            "10080": 96,
            "10140": 96,
            "10200": 96,
            "10260": 97,
            "10320": 97,
            "10380": 98,
            "10440": 98,
            "10500": 99,
            "10560": 99,
            "10620": 97,
            "10680": 96,
            "10740": 97,
            "10800": 96,
            "10860": 95,
            "10920": 96,
            "10980": 97,
            "11040": 96,
            "11100": 96,
            "11160": 96,
            "11220": 97,
            "11280": 96,
            "11340": 96,
            "11400": 96,
            "11460": 96,
            "11520": 96,
            "11580": 97,
            "11640": 98,
            "11700": 98,
            "11760": 98,
            "11820": 98,
            "11880": 98,
            "11940": 98,
            "12000": 98,
            "12060": 98,
            "12120": 96,
            "12180": 96,
            "12240": 97,
            "12300": 96,
            "12360": 95,
            "12420": 97,
            "12480": 96,
            "12540": 95,
            "12600": 95,
            "12660": 94,
            "12720": 95,
            "12780": 95,
            "12840": 96,
            "12900": 96,
            "12960": 96,
            "13020": 96,
            "13080": 96,
            "13140": 96,
            "13200": 95,
            "13260": 96,
            "13320": 96,
            "13380": 96,
            "13440": 96,
            "13500": 96,
            "13560": 96,
            "13620": 96,
            "13680": 95,
            "13740": 96,
            "13800": 96,
            "13860": 96,
            "13920": 96,
            "13980": 95,
            "14040": 95,
            "14100": 95,
            "14160": 95,
            "14220": 95,
            "14280": 95,
            "14340": 95,
            "14400": 95,
            "14460": 95,
            "14520": 95,
            "14580": 95,
            "14640": 95,
            "14700": 95,
            "14760": 95,
            "14820": 95,
            "14880": 95,
            "14940": 95,
            "15000": 97,
            "15060": 95,
            "15120": 95,
            "15180": 96,
            "15240": 96,
            "15300": 96,
            "15360": 96,
            "15420": 96,
            "15480": 97,
            "15540": 96,
            "15600": 96,
            "15660": 97,
            "15720": 96,
            "15780": 97,
            "15840": 97,
            "15900": 97,
            "15960": 97,
            "16020": 97,
            "16080": 96,
            "16140": 96,
            "16200": 97,
            "16260": 97,
            "16320": 97,
            "16380": 97,
            "16440": 95,
            "16500": 96,
            "16560": 96,
            "16620": 96,
            "16680": 96,
            "16740": 95,
            "16800": 96,
            "16860": 95,
            "16920": 95,
            "16980": 96,
            "17040": 96,
            "17100": 97,
            "17160": 97,
            "17220": 97,
            "17280": 97,
            "17340": 96,
            "17400": 96,
            "17460": 97,
            "17520": 97,
            "17580": 97,
            "17640": 97,
            "17700": 97,
            "17760": 97,
            "17820": 97,
            "17880": 97,
            "17940": 96,
            "18000": 91,
            "18060": 93,
            "18120": 93,
            "18180": 96,
            "18240": 96,
            "18300": 95,
            "18360": 96,
            "18420": 94,
            "18480": 96,
            "18540": 96,
            "18600": 97,
            "18660": 97,
            "18720": 97,
            "18780": 97,
            "18840": 96,
            "18900": 97,
            "18960": 97,
            "19020": 98,
            "19080": 97,
            "19140": 97,
            "19200": 96,
            "19260": 96,
            "19320": 97,
            "19380": 95,
            "19440": 95,
            "19500": 96,
            "19560": 96,
            "19620": 96,
            "19680": 96,
            "19740": 95,
            "19800": 95,
            "19860": 95,
            "19920": 95,
            "19980": 95,
            "20040": 95,
            "20100": 95,
            "20160": 95,
            "20220": 95,
            "20280": 95,
            "20340": 95,
            "20400": 95,
            "20460": 95,
            "20520": 95,
            "20580": 95,
            "20640": 95,
            "20700": 95,
            "20760": 95,
            "20820": 95,
            "20880": 95,
            "20940": 95,
            "21000": 95,
            "21060": 95,
            "21120": 95,
            "21180": 95,
            "21240": 95,
            "21300": 95,
            "21360": 95,
            "21420": 95,
            "21480": 95,
            "21540": 95,
            "21600": 95,
            "21660": 95,
            "21720": 95,
            "21780": 94,
            "21840": 94,
            "21900": 95,
            "21960": 94,
            "22020": 94,
            "22080": 94,
            "22140": 92,
            "22200": 93,
            "22260": 94,
            "22320": 96,
            "22380": 95,
            "22440": 96,
            "22500": 96,
            "22560": 96,
            "22620": 96,
            "22680": 96,
            "22740": 96,
            "22800": 96,
            "22860": 95,
            "22920": 96,
            "22980": 98,
            "23040": 97,
            "23100": 95,
            "23160": 95,
            "23220": 96,
            "23280": 96,
            "23340": 95,
            "23400": 96,
            "23460": 96,
            "23520": 96,
            "23580": 95,
            "23640": 96,
            "23700": 96,
            "23760": 97,
            "23820": 97,
            "23880": 97,
            "23940": 96,
            "24000": 98,
            "24060": 97,
            "24120": 97,
            "24180": 96,
            "24240": 97,
            "24300": 97,
            "24360": 97,
            "24420": 97,
            "24480": 97,
            "24540": 96,
            "24600": 95,
            "24660": 96,
            "24720": 96,
            "24780": 96,
            "24840": 97,
            "24900": 96,
            "24960": 96,
            "25020": 96,
            "25080": 97,
            "25140": 97,
            "25200": 96,
            "25260": 97,
            "25320": 95,
            "25380": 95,
            "25440": 95,
            "25500": 96,
            "25560": 96,
            "25620": 95,
            "25680": 95,
            "25740": 95,
            "25800": 95,
            "25860": 96,
            "25920": 96,
            "25980": 97,
            "26040": 97,
            "26100": 97,
            "26160": 97,
            "26220": 97,
            "26280": 97,
            "26340": 97,
            "26400": 97,
            "26460": 97,
            "26520": 97,
            "26580": 97,
            "26640": 97,
            "26700": 96,
            "26760": 97,
            "26820": 97,
            "26880": 96,
            "26940": 97,
            "27000": 97,
            "27060": 97,
            "27120": 97,
            "27180": 97,
            "27240": 97,
            "27300": 97,
            "27360": 97,
            "27420": 97,
            "27480": 97,
            "27540": 97,
            "27600": 97,
            "27660": 97,
            "27720": 97,
            "27780": 97,
            "27840": 97,
            "27900": 97,
            "27960": 97,
            "28020": 97,
            "28080": 97,
            "28140": 97,
            "28200": 97,
            "28260": 97,
            "28320": 97,
            "28380": 97,
            "28440": 97,
            "28500": 97,
            "28560": 97,
            "28680": 97,
            "28740": 97,
            "28800": 97,
            "28860": 97,
            "28920": 97,
            "28980": 97
        },
        "timeOffsetSleepRespiration": {
            "60": 13.86,
            "120": 14.67,
            "180": 14.94,
            "240": 15.15,
            "300": 15.83,
            "360": 15.95,
            "420": 15.67,
            "480": 16.04,
            "540": 15.57,
            "600": 16.44,
            "660": 16.19,
            "720": 16.06,
            "780": 16.62,
            "840": 16.75,
            "900": 16.55,
            "960": 16.06,
            "1020": 16.23,
            "1080": 16.81,
            "1140": 16.36,
            "1200": 15.59,
            "1260": 14.69,
            "1320": 16.22,
            "1380": 15.84,
            "1440": 16.19,
            "1500": 15.5,
            "1560": 15.64,
            "1620": 16.02,
            "1680": 15.19,
            "1740": 15.11,
            "1800": 14.57,
            "1860": 14.81,
            "1920": 14.24,
            "1980": 14.38,
            "2040": 13.82,
            "2100": 12.88,
            "2160": 12.56,
            "2220": 13.17,
            "2280": 13.37,
            "2340": 12.75,
            "2400": 11.99,
            "2460": 12.62,
            "2520": 13.8,
            "2580": 13.95,
            "2640": 14.9,
            "2700": 14.6,
            "2760": 14.62,
            "2820": 15.46,
            "2880": 14.72,
            "2940": 14.68,
            "3000": 13.49,
            "3060": 13.2,
            "3120": 13.59,
            "3180": 13.8,
            "3240": 14.3,
            "3300": 14.77,
            "3360": 15.09,
            "3420": 14.73,
            "3480": 14.16,
            "3540": 12.53,
            "3600": 13.25,
            "3660": 14.61,
            "3720": 15.59,
            "3780": 14.77,
            "3840": 13.8,
            "3900": 14.12,
            "3960": 13.37,
            "4020": 14.69,
            "4080": 13.85,
            "4140": 14.35,
            "4200": 14.53,
            "4260": 13.64,
            "4320": 13.11,
            "4380": 12.79,
            "4440": 12.99,
            "4500": 12.1,
            "4560": 12.04,
            "4620": 10.39,
            "4680": 10.21,
            "4740": 12.05,
            "4800": 13.04,
            "4860": 12.52,
            "4920": 11.37,
            "4980": 11.88,
            "5040": 11.43,
            "5100": 12.49,
            "5160": 13.6,
            "5220": 14.6,
            "5280": 13.91,
            "5340": 13.74,
            "5400": 13.57,
            "5460": 15.21,
            "5520": 15.18,
            "5580": 14.95,
            "5640": 15.26,
            "5700": 15.18,
            "5760": 15.48,
            "5820": 15.43,
            "5880": 15.64,
            "5940": 15.54,
            "6000": 15.35,
            "6060": 15.13,
            "6120": 15.62,
            "6180": 15.89,
            "6240": 15.55,
            "6300": 14.79,
            "6360": 15.68,
            "6420": 15.84,
            "6480": 15.81,
            "6540": 15.53,
            "6600": 15.66,
            "6660": 15.33,
            "6720": 16.05,
            "6780": 15.5,
            "6840": 15.26,
            "6900": 15.49,
            "6960": 15.77,
            "7020": 15.75,
            "7080": 15.24,
            "7140": 15.54,
            "7200": 15.41,
            "7260": 14.75,
            "7320": 15.32,
            "7380": 16.05,
            "7440": 15.64,
            "7500": 14.7,
            "7560": 14.31,
            "7620": 14.03,
            "7680": 14.27,
            "7740": 13.78,
            "7800": 13.33,
            "7860": 12.84,
            "7920": 12.4,
            "7980": 12.33,
            "8040": 12.44,
            "8100": 13.86,
            "8160": 13.79,
            "8220": 13.56,
            "8280": 13.63,
            "8340": 13.31,
            "8400": 13.34,
            "8460": 15.18,
            "8520": 15.03,
            "8580": 15.34,
            "8640": 16.35,
            "8700": 16.52,
            "8760": 16.18,
            "8820": 16.56,
            "8880": 16.2,
            "8940": 15.9,
            "9000": 15.49,
            "9060": 15.13,
            "9120": 15.54,
            "9180": 15.39,
            "9240": 15.11,
            "9300": 14.93,
            "9360": 14.23,
            "9420": 13.96,
            "9480": 13.76,
            "9540": 13.52,
            "9600": 13.57,
            "9660": 13.53,
            "9720": 13.68,
            "9780": 13.98,
            "9840": 13.53,
            "9900": 13.09,
            "9960": 13.27,
            "10020": 12.78,
            "10080": 13.03,
            "10140": 14.43,
            "10200": 13.74,
            "10260": 14.29,
            "10320": 13.83,
            "10380": 13.76,
            "10440": 14.17,
            "10500": 14.0,
            "10560": 13.61,
            "10620": 13.74,
            "10680": 14.19,
            "10740": 13.97,
            "10800": 13.72,
            "10860": 14.7,
            "10920": 13.92,
            "10980": 13.27,
            "11040": 13.4,
            "11100": 14.1,
            "11160": 14.31,
            "11220": 14.03,
            "11280": 14.29,
            "11340": 13.51,
            "11400": 13.79,
            "11460": 13.59,
            "11520": 14.11,
            "11580": 14.29,
            "11640": 13.91,
            "11700": 13.63,
            "11760": 12.87,
            "11820": 12.26,
            "11880": 12.73,
            "11940": 13.33,
            "12000": 13.28,
            "12060": 12.1,
            "12120": 12.21,
            "12180": 13.41,
            "12240": 14.28,
            "12300": 13.54,
            "12360": 13.25,
            "12420": 12.43,
            "12480": 13.57,
            "12540": 13.68,
            "12600": 12.58,
            "12660": 12.63,
            "12720": 13.84,
            "12780": 13.98,
            "12840": 14.61,
            "12900": 14.2,
            "12960": 13.0,
            "13020": 13.12,
            "13080": 14.24,
            "13140": 15.32,
            "13200": 15.16,
            "13260": 16.29,
            "13320": 15.87,
            "13380": 15.57,
            "13440": 14.59,
            "13500": 15.82,
            "13560": 15.38,
            "13620": 15.74,
            "13680": 16.18,
            "13740": 16.51,
            "13800": 16.22,
            "13860": 16.42,
            "13920": 16.28,
            "13980": 15.33,
            "14040": 14.92,
            "14100": 16.05,
            "14160": 15.88,
            "14220": 16.02,
            "14280": 16.24,
            "14340": 16.25,
            "14400": 16.91,
            "14460": 16.85,
            "14520": 16.75,
            "14580": 17.23,
            "14640": 16.36,
            "14700": 16.16,
            "14760": 16.28,
            "14820": 15.93,
            "14880": 15.96,
            "14940": 15.68,
            "15000": 16.34,
            "15060": 14.99,
            "15120": 14.34,
            "15180": 14.56,
            "15240": 13.83,
            "15300": 13.5,
            "15360": 13.62,
            "15420": 14.48,
            "15480": 15.96,
            "15540": 15.92,
            "15600": 16.02,
            "15660": 16.39,
            "15720": 15.7,
            "15780": 15.29,
            "15840": 14.9,
            "15900": 15.22,
            "15960": 15.29,
            "16020": 15.48,
            "16080": 15.62,
            "16140": 14.42,
            "16200": 14.34,
            "16260": 14.29,
            "16320": 14.53,
            "16380": 14.11,
            "16440": 13.86,
            "16500": 14.03,
            "16560": 13.87,
            "16620": 13.6,
            "16680": 13.88,
            "16740": 13.59,
            "16800": 13.43,
            "16860": 13.93,
            "16920": 13.54,
            "16980": 13.45,
            "17040": 13.87,
            "17100": 13.93,
            "17160": 13.88,
            "17220": 13.32,
            "17280": 13.03,
            "17340": 13.56,
            "17400": 14.58,
            "17460": 14.72,
            "17520": 14.81,
            "17580": 14.0,
            "17640": 13.36,
            "17700": 13.52,
            "17760": 13.81,
            "17820": 13.43,
            "17880": 13.01,
            "17940": 12.58,
            "18000": 13.2,
            "18060": 13.49,
            "18120": 14.1,
            "18180": 14.28,
            "18240": 13.28,
            "18300": 13.29,
            "18360": 12.85,
            "18420": 13.37,
            "18480": 13.05,
            "18540": 13.04,
            "18600": 12.79,
            "18660": 12.94,
            "18720": 15.37,
            "18780": 15.97,
            "18840": 15.17,
            "18900": 14.35,
            "18960": 15.19,
            "19020": 14.04,
            "19080": 14.0,
            "19140": 15.44,
            "19200": 15.14,
            "19260": 14.48,
            "19320": 14.49,
            "19440": 14.27,
            "19500": 13.32,
            "19560": 13.49,
            "19620": 14.78,
            "19680": 14.21,
            "19740": 13.19,
            "19800": 13.39,
            "19860": 13.69,
            "19920": 13.95,
            "19980": 14.55,
            "20040": 14.19,
            "20100": 14.23,
            "20160": 13.95,
            "20220": 14.77,
            "20280": 14.75,
            "20340": 14.19,
            "20400": 15.07,
            "20460": 15.91,
            "20520": 16.04,
            "20580": 15.56,
            "20640": 15.62,
            "20700": 15.27,
            "20760": 14.89,
            "20820": 14.95,
            "20880": 14.9,
            "20940": 14.84,
            "21000": 15.29,
            "21060": 15.0,
            "21120": 14.55,
            "21180": 14.88,
            "21240": 15.12,
            "21300": 15.19,
            "21360": 15.05,
            "21420": 15.9,
            "21480": 15.85,
            "21540": 15.55,
            "21600": 15.39,
            "21660": 15.18,
            "21720": 14.1,
            "21780": 13.98,
            "21840": 13.35,
            "21900": 12.89,
            "21960": 12.9,
            "22020": 13.26,
            "22080": 12.97,
            "22140": 14.47,
            "22200": 13.92,
            "22260": 13.51,
            "22320": 13.59,
            "22380": 13.5,
            "22440": 13.7,
            "22500": 15.18,
            "22560": 14.75,
            "22620": 14.11,
            "22680": 13.92,
            "22740": 13.74,
            "22800": 13.22,
            "22860": 14.29,
            "22920": 13.48,
            "22980": 13.15,
            "23040": 12.77,
            "23100": 12.67,
            "23160": 12.57,
            "23220": 12.67,
            "23280": 14.0,
            "23340": 15.52,
            "23400": 15.38,
            "23460": 15.42,
            "23520": 15.2,
            "23580": 15.65,
            "23640": 15.28,
            "23700": 15.52,
            "23760": 15.82,
            "23820": 14.95,
            "23880": 14.49,
            "23940": 14.29,
            "24000": 14.65,
            "24060": 14.31,
            "24120": 14.16,
            "24180": 13.13,
            "24240": 12.96,
            "24300": 12.77,
            "24360": 14.05,
            "24420": 14.13,
            "24480": 13.62,
            "24540": 13.46,
            "24600": 12.23,
            "24660": 12.56,
            "24720": 12.58,
            "24780": 13.62,
            "24840": 13.99,
            "24900": 14.61,
            "24960": 14.75,
            "25020": 15.51,
            "25080": 14.98,
            "25140": 14.25,
            "25200": 13.89,
            "25260": 13.43,
            "25320": 13.48,
            "25380": 13.96,
            "25440": 14.56,
            "25500": 14.91,
            "25560": 14.79,
            "25620": 15.37,
            "25680": 14.09,
            "25740": 14.17,
            "25800": 13.88,
            "25860": 14.59,
            "25920": 14.45,
            "25980": 14.69,
            "26040": 14.28,
            "26100": 14.45,
            "26160": 14.45,
            "26220": 14.69,
            "26280": 15.52,
            "26340": 14.92,
            "26400": 15.51,
            "26460": 15.62,
            "26520": 15.34,
            "26580": 14.76,
            "26640": 15.56,
            "26700": 15.5,
            "26760": 15.57,
            "26820": 14.14,
            "26880": 13.77,
            "26940": 14.24,
            "27000": 13.06,
            "27060": 11.57,
            "27120": 10.57,
            "27180": 10.4,
            "27240": 10.92,
            "27300": 11.15,
            "27360": 10.73,
            "27420": 9.68,
            "27480": 9.88,
            "27540": 10.53,
            "27600": 9.67,
            "27660": 8.98,
            "27720": 9.02,
            "27780": 9.73,
            "27840": 9.73,
            "27900": 9.42,
            "27960": 9.29,
            "28020": 9.18,
            "28080": 9.3,
            "28140": 9.34,
            "28200": 9.84,
            "28260": 9.58,
            "28320": 10.89,
            "28380": 11.03,
            "28440": 10.77,
            "28500": 10.23,
            "28560": 9.98,
            "28620": 11.1,
            "28680": 13.02,
            "28740": 13.33,
            "28800": 13.78,
            "28860": 16.05,
            "28920": 15.25,
            "28980": 14.37,
            "29040": 14.21
        },
        "overallSleepScore": {
            "value": 80,
            "qualifierKey": "GOOD"
        },
        "sleepScores": {
            "totalDuration": {
                "qualifierKey": "FAIR"
            },
            "stress": {
                "qualifierKey": "EXCELLENT"
            },
            "awakeCount": {
                "qualifierKey": "FAIR"
            },
            "remPercentage": {
                "qualifierKey": "EXCELLENT"
            },
            "restlessness": {
                "qualifierKey": "FAIR"
            },
            "lightPercentage": {
                "qualifierKey": "EXCELLENT"
            },
            "deepPercentage": {
                "qualifierKey": "EXCELLENT"
            }
        }
    }
]