[
    {
        "userId": "49d85c6a-b8f8-4787-95fa-f145553e59a9",
        "userAccessToken": "7b64f2c3-1572-407f-ac1a-ea3ef127ff2c",
        "summaryId": "x45dba26-670d976c-6504",
        "calendarDate": "2024-10-15",
        "durationInSeconds": 25860,
        "totalNapDurationInSeconds": 0,
        "startTimeInSeconds": 1728943980,
        "startTimeOffsetInSeconds": 7254,
        "unmeasurableSleepInSeconds": 1320,
        "deepSleepDurationInSeconds": 6540,
        "lightSleepDurationInSeconds": 13200,
        "remSleepInSeconds": 4800,
        "awakeDurationInSeconds": 240,
        "sleepLevelsMap": {
            "deep": [
                {
                    "startTimeInSeconds": 1728945180,
                    "endTimeInSeconds": 1728947160
                },
                {
                    "startTimeInSeconds": 1728948900,
                    "endTimeInSeconds": 1728949980
                },
                {
                    "startTimeInSeconds": 1728954900,
                    "endTimeInSeconds": 1728957480
                },
                {
                    "startTimeInSeconds": 1728960060,
                    "endTimeInSeconds": 1728960960
                }
            ],
            "light": [
                {
                    "startTimeInSeconds": 1728943980,
                    "endTimeInSeconds": 1728945180
                },
                {
                    "startTimeInSeconds": 1728947160,
                    "endTimeInSeconds": 1728948900
                },
                {
                    "startTimeInSeconds": 1728949980,
                    "endTimeInSeconds": 1728950700
                },
                {
                    "startTimeInSeconds": 1728952020,
                    "endTimeInSeconds": 1728953160
                },
                {
                    "startTimeInSeconds": 1728953460,
                    "endTimeInSeconds": 1728954900
                },
                {
                    "startTimeInSeconds": 1728957480,
                    "endTimeInSeconds": 1728960060
                },
                {
                    "startTimeInSeconds": 1728961140,
                    "endTimeInSeconds": 1728961740
                },
                {
                    "startTimeInSeconds": 1728963000,
                    "endTimeInSeconds": 1728966180
                },
                {
                    "startTimeInSeconds": 1728968280,
                    "endTimeInSeconds": 1728968880
                }
            ],
            "rem": [
                {
                    "startTimeInSeconds": 1728953160,
                    "endTimeInSeconds": 1728953460
                },
                {
                    "startTimeInSeconds": 1728961740,
                    "endTimeInSeconds": 1728963000
                },
                {
                    "startTimeInSeconds": 1728966180,
                    "endTimeInSeconds": 1728968220
                },
                {
                    "startTimeInSeconds": 1728968880,
                    "endTimeInSeconds": 1728970080
                }
            ],
            "awake": [
                {
                    "startTimeInSeconds": 1728960960,
                    "endTimeInSeconds": 1728961140
                },
                {
                    "startTimeInSeconds": 1728968220,
                    "endTimeInSeconds": 1728968280
                }
            ],
            "unmeasurable": [
                {
                    "startTimeInSeconds": 1728950700,
                    "endTimeInSeconds": 1728952020
                }
            ]
        },
        "validation": "ENHANCED_FINAL",
        "timeOffsetSleepSpo2": {
            "60": 96,
            "120": 96,
            "180": 96,
            "240": 96,
            "300": 96,
            "360": 97,
            "420": 97,
            "480": 97,
            "540": 97,
            "600": 97,
            "660": 98,
            "720": 98,
            "780": 98,
            "840": 97,
            "900": 99,
            "960": 99,
            "1020": 100,
            "1080": 100,
            "1140": 100,
            "1200": 100,
            "1260": 100,
            "1320": 100,
            "1380": 100,
            "1440": 100,
            "1500": 99,
            "1560": 98,
            "1620": 99,
            "1680": 98,
            "1740": 98,
            "1800": 98,
            "1860": 99,
            "1920": 98,
            "1980": 98,
            "2040": 99,
            "2100": 99,
            "2160": 99,
            "2220": 98,
            "2280": 99,
            "2340": 97,
            "2400": 98,
            "2460": 98,
            "2520": 98,
            "2580": 99,
            "2640": 99,
            "2700": 98,
            "2760": 99,
            "2820": 99,
            "2880": 99,
            "2940": 97,
            "3000": 96,
            "3060": 95,
            "3120": 95,
            "3180": 97,
            "3240": 97,
            "3300": 94,
            "3360": 95,
            "3420": 97,
            "3480": 98,
            "3540": 97,
            "3600": 97,
            "3660": 96,
            "3720": 99,
            "3780": 98,
            "3840": 99,
            "3900": 93,
            "3960": 94,
            "4020": 95,
            "4080": 95,
            "4140": 95,
            "4200": 93,
            "4260": 96,
            "4320": 94,
            "4380": 95,
            "4440": 95,
            "4500": 95,
            "4560": 92,
            "4620": 94,
            "4680": 93,
            "4740": 94,
            "4800": 94,
            "4860": 93,
            "4920": 94,
            "4980": 93,
            "5040": 93,
            "5100": 94,
            "5160": 92,
            "5220": 92,
            "5280": 92,
            "5340": 93,
            "5400": 93,
            "5460": 93,
            "5520": 93,
            "5580": 92,
            "5640": 93,
            "5700": 92,
            "5760": 92,
            "5820": 93,
            "5880": 94,
            "5940": 96,
            "6000": 97,
            "6060": 96,
            "6120": 96,
            "6180": 96,
            "6240": 96,
            "6300": 96,
            "6360": 96,
            "6420": 97,
            "6480": 97,
            "6540": 96,
            "6600": 96,
            "6660": 96,
            "6720": 97,
            "6780": 97,
            "6840": 96,
            "6900": 96,
            "6960": 96,
            "7020": 98,
            "7080": 97,
            "7140": 96,
            "7200": 95,
            "7260": 95,
            "7320": 96,
            "7380": 97,
            "7440": 93,
            "7500": 94,
            "7560": 98,
            "7620": 98,
            "7680": 98,
            "7740": 97,
            "7800": 99,
            "7860": 95,
            "7920": 96,
            "7980": 99,
            "8040": 96,
            "8100": 96,
            "8160": 97,
            "8220": 97,
            "8280": 99,
            "8340": 98,
            "8400": 98,
            "8460": 99,
            "8520": 98,
            "8580": 98,
            "8640": 97,
            "8700": 97,
            "8760": 98,
            "8820": 98,
            "8880": 98,
            "8940": 99,
            "9000": 98,
            "9060": 98,
            "9120": 98,
            "9180": 97,
            "9240": 97,
            "9300": 97,
            "9360": 94,
            "9420": 95,
            "9480": 96,
            "9540": 96,
            "9600": 95,
            "9660": 96,
            "9720": 96,
            "9780": 96,
            "9840": 97,
            "9900": 99,
            "9960": 99,
            "10020": 98,
            "10080": 96,
            "10140": 94,
            "10200": 90,
            "10260": 89,
            "10320": 89,
            "10380": 90,
            "10440": 93,
            "10500": 95,
            "10560": 96,
            "10620": 96,
            "10680": 96,
            "10740": 96,
            "10800": 96,
            "10860": 96,
            "10920": 96,
            "10980": 96,
            "11040": 96,
            "11100": 96,
            "11160": 96,
            "11220": 95,
            "11280": 95,
            "11340": 95,
            "11400": 95,
            "11460": 95,
            "11520": 95,
            "11580": 95,
            "11640": 95,
            "11700": 94,
            "11760": 94,
            "11820": 95,
            "11880": 95,
            "11940": 95,
            "12000": 95,
            "12060": 95,
            "12120": 95,
            "12180": 95,
            "12240": 95,
            "12300": 95,
            "12360": 95,
            "12420": 95,
            "12480": 95,
            "12540": 95,
            "12600": 95,
            "12660": 95,
            "12720": 95,
            "12780": 95,
            "12840": 95,
            "12900": 95,
            "12960": 95,
            "13020": 95,
            "13080": 95,
            "13140": 95,
            "13200": 95,
            "13260": 95,
            "13320": 95,
            "13380": 95,
            "13440": 95,
            "13500": 99,
            "13560": 100,
            "13620": 100,
            "13680": 100,
            "13740": 100,
            "13800": 100,
            "13860": 95,
            "13920": 96,
            "13980": 97,
            "14040": 98,
            "14100": 98,
            "14160": 98,
            "14220": 97,
            "14280": 97,
            "14340": 97,
            "14400": 97,
            "14460": 94,
            "14520": 94,
            "14580": 95,
            "14640": 96,
            "14700": 95,
            "14760": 95,
            "14820": 95,
            "14880": 95,
            "14940": 96,
            "15000": 96,
            "15060": 95,
            "15120": 96,
            "15180": 96,
            "15240": 95,
            "15300": 96,
            "15360": 96,
            "15420": 95,
            "15480": 95,
            "15540": 95,
            "15600": 96,
            "15660": 96,
            "15720": 95,
            "15780": 96,
            "15840": 96,
            "15900": 96,
            "15960": 97,
            "16020": 97,
            "16080": 96,
            "16140": 97,
            "16200": 97,
            "16260": 97,
            "16320": 98,
            "16380": 98,
            "16440": 98,
            "16500": 98,
            "16560": 97,
            "16620": 96,
            "16680": 98,
            "16740": 98,
            "16800": 95,
            "16860": 96,
            "16920": 96,
            "16980": 92,
            "17040": 89,
            "17100": 91,
            "17160": 93,
            "17220": 96,
            "17280": 94,
            "17340": 96,
            "17400": 99,
            "17460": 98,
            "17520": 95,
            "17580": 96,
            "17640": 93,
            "17700": 93,
            "17760": 94,
            "17820": 96,
            "17880": 94,
            "17940": 93,
            "18000": 93,
            "18060": 97,
            "18120": 97,
            "18180": 97,
            "18240": 96,
            "18300": 96,
            "18360": 97,
            "18420": 97,
            "18480": 97,
            "18540": 97,
            "18600": 97,
            "18660": 97,
            "18720": 97,
            "18780": 97,
            "18840": 97,
            "18900": 97,
            "18960": 97,
            "19020": 98,
            "19080": 97,
            "19140": 98,
            "19200": 97,
            "19260": 98,
            "19320": 98,
            "19380": 93,
            "19440": 97,
            "19500": 97,
            "19560": 97,
            "19620": 97,
            "19680": 97,
            "19740": 97,
            "19800": 97,
            "19860": 97,
            "19920": 97,
            "19980": 97,
            "20040": 97,
            "20100": 97,
            "20160": 97,
            "20220": 97,
            "20280": 97,
            "20340": 97,
            "20400": 97,
            "20460": 97,
            "20520": 97,
            "20580": 96,
            "20640": 96,
            "20700": 100,
            "20760": 100,
            "20820": 100,
            "20880": 100,
            "20940": 100,
            "21000": 100,
            "21060": 100,
            "21120": 100,
            "21180": 100,
            "21240": 95,
            "21300": 95,
            "21360": 95,
            "21420": 95,
            "21480": 96,
            "21540": 96,
            "21600": 97,
            "21660": 97,
            "21720": 97,
            "21780": 97,
            "21840": 97,
            "21900": 97,
            "21960": 98,
            "22020": 97,
            "22080": 99,
            "22140": 96,
            "22200": 98,
            "22260": 96,
            "22320": 97,
            "22380": 97,
            "22440": 98,
            "22500": 99,
            "22560": 99,
            "22620": 99,
            "22680": 97,
            "22740": 99,
            "22800": 99,
            "22860": 97,
            "22920": 97,
            "22980": 98,
            "23040": 98,
            "23100": 100,
            "23160": 99,
            "23220": 97,
            "23280": 97,
            "23340": 99,
            "23400": 98,
            "23460": 97,
            "23520": 98,
            "23580": 99,
            "23640": 98,
            "23700": 99,
            "23760": 99,
            "23820": 98,
            "23880": 98,
            "23940": 98,
            "24000": 98,
            "24060": 99,
            "24120": 99,
            "24180": 95,
            "24240": 96,
            "24300": 96,
            "24360": 97,
            "24420": 96,
            "24480": 95,
            "24540": 95,
            "24600": 95,
            "24660": 95,
            "24720": 93,
            "24780": 95,
            "24840": 96,
            "24900": 95,
            "24960": 97,
            "25020": 97,
            "25080": 94,
            "25140": 94,
            "25200": 96,
            "25260": 96,
            "25320": 95,
            "25380": 96,
            "25440": 96,
            "25500": 96,
            "25560": 96,
            "25620": 95,
            "25680": 97,
            "25740": 98,
            "25800": 97,
            "25860": 96,
            "25920": 96,
            "25980": 94,
            "26040": 93
        },
        "timeOffsetSleepRespiration": {
            "60": 19.14,
            "120": 19.14,
            "180": 18.92,
            "240": 19.98,
            "300": 20.14,
            "360": 20.58,
            "420": 20.59,
            "480": 20.96,
            "540": 20.57,
            "600": 21.18,
            "660": 21.52,
            "720": 21.6,
            "780": 21.13,
            "840": 20.27,
            "900": 20.68,
            "960": 18.69,
            "1020": 17.48,
            "1080": 17.19,
            "1140": 17.18,
            "1200": 17.61,
            "1260": 17.22,
            "1320": 16.87,
            "1380": 17.96,
            "1440": 17.91,
            "1500": 18.15,
            "1560": 17.9,
            "1620": 18.37,
            "1680": 17.0,
            "1740": 16.88,
            "1800": 17.14,
            "1860": 16.74,
            "1920": 17.32,
            "1980": 17.4,
            "2040": 17.2,
            "2100": 17.42,
            "2160": 17.04,
            "2220": 16.73,
            "2280": 16.31,
            "2340": 14.99,
            "2400": 14.91,
            "2460": 15.32,
            "2520": 16.93,
            "2580": 18.55,
            "2640": 18.07,
            "2700": 18.53,
            "2760": 19.47,
            "2820": 20.57,
            "2880": 21.03,
            "2940": 21.26,
            "3000": 20.71,
            "3060": 19.79,
            "3120": 19.52,
            "3180": 18.85,
            "3240": 19.05,
            "3300": 19.23,
            "3360": 19.65,
            "3420": 18.0,
            "3480": 17.56,
            "3540": 17.41,
            "3600": 18.06,
            "3660": 18.04,
            "3720": 18.56,
            "3780": 18.1,
            "3840": 17.67,
            "3900": 18.86,
            "3960": 20.02,
            "4020": 18.41,
            "4080": 16.84,
            "4140": 16.28,
            "4200": 16.42,
            "4260": 16.63,
            "4320": 16.79,
            "4380": 16.67,
            "4440": 17.47,
            "4500": 17.56,
            "4560": 18.01,
            "4620": 17.93,
            "4680": 17.55,
            "4740": 17.8,
            "4800": 18.25,
            "4860": 17.73,
            "4920": 17.27,
            "4980": 16.37,
            "5040": 16.59,
            "5100": 16.43,
            "5160": 16.59,
            "5220": 15.88,
            "5280": 16.17,
            "5340": 16.65,
            "5400": 17.72,
            "5460": 17.26,
            "5520": 17.6,
            "5580": 16.53,
            "5640": 16.36,
            "5700": 16.78,
            "5760": 17.91,
            "5820": 17.73,
            "5880": 17.04,
            "5940": 17.45,
            "6000": 16.38,
            "6060": 15.6,
            "6120": 15.16,
            "6180": 16.02,
            "6240": 16.39,
            "6300": 16.74,
            "6360": 17.19,
            "6420": 17.24,
            "6480": 17.66,
            "6540": 17.54,
            "6600": 18.45,
            "6660": 18.24,
            "6720": 17.15,
            "6780": 16.7,
            "6840": 17.17,
            "6900": 16.67,
            "6960": 17.17,
            "7020": 16.9,
            "7080": 17.83,
            "7140": 17.86,
            "7200": 17.19,
            "7260": 17.27,
            "7320": 16.32,
            "7380": 17.12,
            "7440": 17.07,
            "7500": 18.29,
            "7560": 17.72,
            "7620": 16.35,
            "7680": 16.16,
            "7740": 17.59,
            "7800": 17.39,
            "7860": 17.67,
            "7920": 17.39,
            "7980": 15.8,
            "8040": 14.81,
            "8100": 13.55,
            "8160": 13.63,
            "8220": 13.42,
            "8280": 14.38,
            "8340": 14.08,
            "8400": 14.91,
            "8460": 15.87,
            "8520": 14.92,
            "8580": 14.06,
            "8640": 13.05,
            "8700": 12.88,
            "8760": 13.07,
            "8820": 12.43,
            "8880": 12.04,
            "8940": 12.44,
            "9000": 12.32,
            "9060": 12.65,
            "9120": 13.72,
            "9180": 16.27,
            "9240": 14.97,
            "9300": 14.83,
            "9360": 14.41,
            "9420": 14.57,
            "9480": 14.76,
            "9540": 15.46,
            "9600": 15.08,
            "9660": 14.5,
            "9720": 13.94,
            "9780": 13.77,
            "9840": 13.33,
            "9900": 14.28,
            "9960": 13.75,
            "10020": 14.7,
            "10080": 15.49,
            "10140": 15.21,
            "10200": 15.54,
            "10260": 16.39,
            "10320": 17.08,
            "10380": 17.2,
            "10440": 16.01,
            "10500": 15.71,
            "10560": 15.05,
            "10620": 15.5,
            "10680": 15.78,
            "10740": 15.14,
            "10800": 15.13,
            "10860": 15.45,
            "10920": 15.21,
            "10980": 15.19,
            "11040": 15.2,
            "11100": 15.08,
            "11160": 15.47,
            "11220": 15.3,
            "11280": 14.1,
            "11340": 13.41,
            "11400": 14.15,
            "11460": 14.78,
            "11520": 15.67,
            "11580": 15.8,
            "11640": 16.13,
            "11700": 15.81,
            "11760": 15.49,
            "11820": 15.26,
            "11880": 15.39,
            "11940": 15.27,
            "12000": 16.05,
            "12060": 15.49,
            "12120": 13.97,
            "12180": 14.61,
            "12240": 15.63,
            "12300": 15.44,
            "12360": 15.48,
            "12420": 16.12,
            "12480": 16.55,
            "12540": 16.12,
            "12600": 16.12,
            "12660": 15.22,
            "12720": 15.06,
            "12780": 14.93,
            "12840": 15.56,
            "12900": 14.66,
            "12960": 14.67,
            "13020": 15.52,
            "13080": 15.36,
            "13140": 15.33,
            "13200": 14.13,
            "13260": 12.71,
            "13320": 12.73,
            "13380": 14.02,
            "13440": 14.56,
            "13500": 14.58,
            "13560": 14.53,
            "13620": 14.43,
            "13680": 13.93,
            "13740": 13.0,
            "13800": 12.2,
            "13860": 12.72,
            "13920": 13.0,
            "13980": 13.17,
            "14040": 12.98,
            "14100": 13.6,
            "14160": 13.77,
            "14220": 12.86,
            "14280": 13.95,
            "14340": 14.38,
            "14400": 14.04,
            "14460": 14.41,
            "14520": 13.87,
            "14580": 14.16,
            "14640": 14.21,
            "14700": 14.4,
            "14760": 14.28,
            "14820": 15.48,
            "14880": 14.87,
            "14940": 14.65,
            "15000": 15.0,
            "15060": 14.56,
            "15120": 14.54,
            "15180": 14.04,
            "15240": 13.22,
            "15300": 14.13,
            "15360": 14.85,
            "15420": 16.08,
            "15480": 15.76,
            "15540": 14.95,
            "15600": 14.72,
            "15660": 15.37,
            "15720": 14.99,
            "15780": 15.4,
            "15840": 14.58,
            "15900": 13.63,
            "15960": 14.25,
            "16020": 15.77,
            "16080": 14.76,
            "16140": 14.81,
            "16200": 15.33,
            "16260": 15.0,
            "16320": 14.62,
            "16380": 15.17,
            "16440": 13.6,
            "16500": 12.57,
            "16560": 12.19,
            "16620": 13.42,
            "16680": 14.32,
            "16740": 13.45,
            "16800": 13.37,
            "16860": 13.69,
            "17040": 13.53,
            "17100": 13.4,
            "17160": 14.04,
            "17220": 13.37,
            "17280": 13.41,
            "17340": 13.81,
            "17400": 14.12,
            "17460": 14.14,
            "17520": 13.78,
            "17580": 14.14,
            "17640": 13.94,
            "17700": 13.84,
            "17760": 13.72,
            "17820": 13.82,
            "17880": 13.4,
            "17940": 14.72,
            "18000": 14.01,
            "18060": 12.87,
            "18120": 12.92,
            "18180": 13.65,
            "18240": 13.42,
            "18300": 12.99,
            "18360": 13.24,
            "18420": 14.21,
            "18480": 13.9,
            "18540": 15.26,
            "18600": 15.08,
            "18660": 15.01,
            "18720": 14.4,
            "18780": 13.34,
            "18840": 13.24,
            "18900": 13.77,
            "18960": 14.21,
            "19020": 14.13,
            "19080": 15.36,
            "19140": 15.06,
            "19200": 14.87,
            "19260": 15.74,
            "19320": 15.82,
            "19380": 15.02,
            "19440": 14.82,
            "19500": 14.69,
            "19560": 14.62,
            "19620": 15.82,
            "19680": 16.35,
            "19740": 16.38,
            "19800": 16.27,
            "19860": 16.22,
            "19920": 15.73,
            "19980": 15.33,
            "20040": 15.39,
            "20100": 16.31,
            "20160": 15.85,
            "20220": 15.58,
            "20280": 15.38,
            "20340": 16.4,
            "20400": 16.08,
            "20460": 15.78,
            "20520": 16.21,
            "20580": 16.48,
            "20640": 16.11,
            "20700": 15.19,
            "20760": 14.01,
            "20820": 13.68,
            "20880": 13.21,
            "20940": 13.88,
            "21000": 13.87,
            "21060": 14.67,
            "21120": 15.22,
            "21180": 14.58,
            "21240": 13.96,
            "21300": 14.02,
            "21360": 14.4,
            "21420": 14.02,
            "21480": 14.17,
            "21540": 14.12,
            "21600": 14.52,
            "21660": 14.56,
            "21720": 14.72,
            "21780": 14.92,
            "21840": 15.3,
            "21900": 14.95,
            "21960": 15.5,
            "22020": 15.49,
            "22080": 15.29,
            "22140": 14.42,
            "22200": 14.11,
            "22260": 13.88,
            "22320": 15.15,
            "22380": 15.64,
            "22440": 15.33,
            "22500": 15.02,
            "22560": 14.52,
            "22620": 14.13,
            "22680": 13.53,
            "22740": 14.19,
            "22800": 14.95,
            "22860": 15.32,
            "22920": 15.45,
            "22980": 15.11,
            "23040": 14.22,
            "23100": 13.99,
            "23160": 13.51,
            "23220": 14.14,
            "23280": 14.02,
            "23340": 13.19,
            "23400": 13.52,
            "23460": 14.23,
            "23520": 13.9,
            "23580": 14.51,
            "23640": 13.88,
            "23700": 12.72,
            "23760": 12.45,
            "23820": 13.68,
            "23880": 13.07,
            "23940": 13.13,
            "24000": 12.65,
            "24060": 13.13,
            "24120": 13.48,
            "24180": 13.92,
            "24240": 14.09,
            "24300": 14.65,
            "24360": 14.64,
            "24420": 14.83,
            "24480": 14.32,
            "24540": 14.4,
            "24600": 14.1,
            "24660": 14.65,
            "24720": 14.44,
            "24780": 14.48,
            "24840": 14.52,
            "24900": 14.33,
            "24960": 14.82,
            "25020": 15.39,
            "25080": 15.57,
            "25140": 15.68,
            "25200": 15.63,
            "25260": 15.0,
            "25320": 15.55,
            "25380": 15.84,
            "25440": 15.6,
            "25500": 16.1,
            "25560": 15.5,
            "25620": 15.41,
            "25680": 14.54,
            "25740": 15.34,
            "25800": 15.51,
            "25860": 14.79,
            "25920": 14.93,
            "25980": 14.24,
            "26040": 14.11,
            "26100": 13.6
        },
        "overallSleepScore": {
            "value": 83,
            "qualifierKey": "GOOD"
        },
        "sleepScores": {
            "totalDuration": {
                "qualifierKey": "FAIR"
            },
            "stress": {
                "qualifierKey": "EXCELLENT"
            },
            "awakeCount": {
                "qualifierKey": "EXCELLENT"
            },
            "remPercentage": {
                "qualifierKey": "FAIR"
            },
            "restlessness": {
                "qualifierKey": "EXCELLENT"
            },
            "lightPercentage": {
                "qualifierKey": "EXCELLENT"
            },
            "deepPercentage": {
                "qualifierKey": "EXCELLENT"
            }
        }
    }
]