[
    {
        "userId": "49d85c6a-b8f8-4787-95fa-f145553e59a9",
        "userAccessToken": "7b64f2c3-1572-407f-ac1a-ea3ef127ff2c",
        "summaryId": "x45dba26-67103ee0-639c",
        "calendarDate": "2024-10-17",
        "durationInSeconds": 25500,
        "totalNapDurationInSeconds": 0,
        "startTimeInSeconds": 1729117920,
        "startTimeOffsetInSeconds": 7254,
        "unmeasurableSleepInSeconds": 0,
        "deepSleepDurationInSeconds": 7260,
        "lightSleepDurationInSeconds": 11640,
        "remSleepInSeconds": 6600,
        "awakeDurationInSeconds": 1440,
        "sleepLevelsMap": {
            "deep": [
                {
                    "startTimeInSeconds": 1729120260,
                    "endTimeInSeconds": 1729123260
                },
                {
                    "startTimeInSeconds": 1729125420,
                    "endTimeInSeconds": 1729128240
                },
                {
                    "startTimeInSeconds": 1729128600,
                    "endTimeInSeconds": 1729128960
                },
                {
                    "startTimeInSeconds": 1729132620,
                    "endTimeInSeconds": 1729133700
                }
            ],
            "light": [
                {
                    "startTimeInSeconds": 1729117920,
                    "endTimeInSeconds": 1729118880
                },
                {
                    "startTimeInSeconds": 1729119660,
                    "endTimeInSeconds": 1729120260
                },
                {
                    "startTimeInSeconds": 1729123260,
                    "endTimeInSeconds": 1729125420
                },
                {
                    "startTimeInSeconds": 1729128240,
                    "endTimeInSeconds": 1729128600
                },
                {
                    "startTimeInSeconds": 1729128960,
                    "endTimeInSeconds": 1729129680
                },
                {
                    "startTimeInSeconds": 1729131240,
                    "endTimeInSeconds": 1729132620
                },
                {
                    "startTimeInSeconds": 1729133700,
                    "endTimeInSeconds": 1729134480
                },
                {
                    "startTimeInSeconds": 1729137840,
                    "endTimeInSeconds": 1729140840
                },
                {
                    "startTimeInSeconds": 1729143180,
                    "endTimeInSeconds": 1729144860
                }
            ],
            "awake": [
                {
                    "startTimeInSeconds": 1729118880,
                    "endTimeInSeconds": 1729119660
                },
                {
                    "startTimeInSeconds": 1729130580,
                    "endTimeInSeconds": 1729131240
                }
            ],
            "rem": [
                {
                    "startTimeInSeconds": 1729129680,
                    "endTimeInSeconds": 1729130580
                },
                {
                    "startTimeInSeconds": 1729134480,
                    "endTimeInSeconds": 1729137840
                },
                {
                    "startTimeInSeconds": 1729140840,
                    "endTimeInSeconds": 1729143180
                }
            ]
        },
        "validation": "ENHANCED_FINAL",
        "timeOffsetSleepSpo2": {
            "60": 94,
            "120": 95,
            "180": 96,
            "240": 96,
            "300": 96,
            "360": 97,
            "420": 97,
            "480": 96,
            "540": 95,
            "600": 95,
            "660": 92,
            "720": 96,
            "780": 96,
            "840": 96,
            "900": 97,
            "960": 96,
            "1020": 95,
            "1080": 95,
            "1140": 95,
            "1200": 97,
            "1260": 97,
            "1320": 97,
            "1380": 97,
            "1440": 98,
            "1500": 98,
            "1560": 98,
            "1620": 97,
            "1680": 98,
            "1740": 98,
            "1800": 98,
            "1860": 98,
            "1920": 98,
            "1980": 98,
            "2040": 97,
            "2100": 95,
            "2160": 95,
            "2220": 95,
            "2280": 95,
            "2340": 95,
            "2400": 95,
            "2460": 95,
            "2520": 95,
            "2580": 96,
            "2640": 95,
            "2700": 95,
            "2760": 95,
            "2820": 95,
            "2880": 95,
            "2940": 95,
            "3000": 95,
            "3060": 95,
            "3120": 95,
            "3180": 95,
            "3240": 95,
            "3300": 96,
            "3360": 96,
            "3420": 96,
            "3480": 95,
            "3540": 95,
            "3600": 96,
            "3660": 96,
            "3720": 96,
            "3780": 96,
            "3840": 96,
            "3900": 96,
            "3960": 96,
            "4020": 96,
            "4080": 96,
            "4140": 96,
            "4200": 96,
            "4260": 96,
            "4320": 96,
            "4380": 96,
            "4440": 96,
            "4500": 96,
            "4560": 96,
            "4620": 95,
            "4680": 96,
            "4740": 96,
            "4800": 96,
            "4860": 96,
            "4920": 96,
            "4980": 96,
            "5040": 95,
            "5100": 95,
            "5160": 95,
            "5220": 95,
            "5280": 96,
            "5340": 96,
            "5400": 95,
            "5460": 94,
            "5520": 95,
            "5580": 95,
            "5640": 95,
            "5700": 95,
            "5760": 95,
            "5820": 95,
            "5880": 95,
            "5940": 95,
            "6000": 96,
            "6060": 96,
            "6120": 96,
            "6180": 96,
            "6240": 96,
            "6300": 97,
            "6360": 96,
            "6420": 96,
            "6480": 97,
            "6540": 97,
            "6600": 97,
            "6660": 96,
            "6720": 97,
            "6780": 96,
            "6840": 96,
            "6900": 96,
            "6960": 95,
            "7020": 96,
            "7080": 97,
            "7140": 97,
            "7200": 96,
            "7260": 96,
            "7320": 96,
            "7380": 96,
            "7440": 96,
            "7500": 96,
            "7560": 96,
            "7620": 96,
            "7680": 96,
            "7740": 96,
            "7800": 96,
            "7860": 96,
            "7920": 95,
            "7980": 95,
            "8040": 96,
            "8100": 96,
            "8160": 96,
            "8220": 96,
            "8280": 96,
            "8340": 96,
            "8400": 96,
            "8460": 96,
            "8520": 96,
            "8580": 96,
            "8640": 96,
            "8700": 96,
            "8760": 96,
            "8820": 96,
            "8880": 96,
            "8940": 97,
            "9000": 97,
            "9060": 97,
            "9120": 97,
            "9180": 97,
            "9240": 97,
            "9300": 96,
            "9360": 96,
            "9420": 96,
            "9480": 96,
            "9540": 96,
            "9600": 96,
            "9660": 96,
            "9720": 96,
            "9780": 96,
            "9840": 96,
            "9900": 96,
            "9960": 96,
            "10020": 96,
            "10080": 96,
            "10140": 96,
            "10200": 96,
            "10260": 96,
            "10320": 96,
            "10380": 96,
            "10440": 96,
            "10500": 96,
            "10560": 96,
            "10620": 96,
            "10680": 96,
            "10740": 96,
            "10800": 96,
            "10860": 96,
            "10920": 96,
            "10980": 96,
            "11040": 95,
            "11100": 95,
            "11160": 96,
            "11220": 96,
            "11280": 96,
            "11340": 97,
            "11400": 96,
            "11460": 97,
            "11520": 96,
            "11580": 96,
            "11640": 96,
            "11700": 96,
            "11760": 96,
            "11820": 97,
            "11880": 97,
            "11940": 96,
            "12000": 96,
            "12060": 97,
            "12120": 97,
            "12180": 97,
            "12240": 97,
            "12300": 97,
            "12360": 97,
            "12420": 97,
            "12480": 98,
            "12540": 97,
            "12600": 96,
            "12660": 96,
            "12720": 97,
            "12780": 97,
            "12840": 97,
            "12900": 98,
            "12960": 98,
            "13020": 99,
            "13080": 99,
            "13140": 99,
            "13200": 97,
            "13260": 97,
            "13320": 97,
            "13380": 97,
            "13440": 97,
            "13500": 98,
            "13560": 97,
            "13620": 97,
            "13680": 98,
            "13740": 97,
            "13800": 97,
            "13860": 97,
            "13920": 97,
            "13980": 97,
            "14040": 97,
            "14100": 96,
            "14160": 96,
            "14220": 96,
            "14280": 96,
            "14340": 96,
            "14400": 96,
            "14460": 96,
            "14520": 96,
            "14580": 95,
            "14640": 95,
            "14700": 95,
            "14760": 95,
            "14820": 95,
            "14880": 95,
            "14940": 95,
            "15000": 95,
            "15060": 96,
            "15120": 95,
            "15180": 95,
            "15240": 95,
            "15300": 94,
            "15360": 95,
            "15420": 95,
            "15480": 95,
            "15540": 95,
            "15600": 95,
            "15660": 95,
            "15720": 94,
            "15780": 96,
            "15840": 96,
            "15900": 96,
            "15960": 96,
            "16020": 96,
            "16080": 96,
            "16140": 96,
            "16200": 96,
            "16260": 96,
            "16320": 96,
            "16380": 95,
            "16440": 95,
            "16500": 96,
            "16560": 96,
            "16620": 96,
            "16680": 95,
            "16740": 95,
            "16800": 94,
            "16860": 95,
            "16920": 96,
            "16980": 97,
            "17040": 98,
            "17100": 97,
            "17160": 98,
            "17220": 98,
            "17280": 97,
            "17340": 98,
            "17400": 98,
            "17460": 97,
            "17520": 98,
            "17580": 98,
            "17640": 98,
            "17700": 98,
            "17760": 97,
            "17820": 96,
            "17880": 97,
            "17940": 97,
            "18000": 97,
            "18060": 97,
            "18120": 97,
            "18180": 97,
            "18240": 97,
            "18300": 97,
            "18360": 97,
            "18420": 97,
            "18480": 97,
            "18540": 97,
            "18600": 98,
            "18660": 97,
            "18720": 97,
            "18780": 97,
            "18840": 97,
            "18900": 97,
            "18960": 96,
            "19020": 97,
            "19080": 97,
            "19140": 97,
            "19200": 97,
            "19260": 97,
            "19320": 97,
            "19380": 97,
            "19440": 98,
            "19500": 97,
            "19560": 97,
            "19620": 97,
            "19680": 97,
            "19740": 97,
            "19800": 95,
            "19860": 96,
            "19920": 96,
            "19980": 96,
            "20040": 97,
            "20100": 96,
            "20160": 96,
            "20220": 97,
            "20280": 96,
            "20340": 97,
            "20400": 97,
            "20460": 96,
            "20520": 96,
            "20580": 96,
            "20640": 96,
            "20700": 96,
            "20760": 96,
            "20820": 96,
            "20880": 96,
            "20940": 96,
            "21000": 96,
            "21060": 97,
            "21120": 96,
            "21180": 96,
            "21240": 96,
            "21300": 96,
            "21360": 96,
            "21420": 96,
            "21480": 96,
            "21540": 96,
            "21600": 96,
            "21660": 96,
            "21720": 97,
            "21780": 97,
            "21840": 97,
            "21900": 97,
            "21960": 97,
            "22020": 97,
            "22080": 96,
            "22140": 97,
            "22200": 97,
            "22260": 97,
            "22320": 97,
            "22380": 97,
            "22440": 97,
            "22500": 97,
            "22560": 97,
            "22620": 97,
            "22680": 97,
            "22740": 97,
            "22800": 97,
            "22860": 97,
            "22920": 97,
            "22980": 97,
            "23040": 96,
            "23100": 97,
            "23160": 97,
            "23220": 98,
            "23280": 98,
            "23340": 97,
            "23400": 97,
            "23460": 97,
            "23520": 98,
            "23580": 98,
            "23640": 98,
            "23700": 98,
            "23760": 98,
            "23820": 98,
            "23880": 98,
            "23940": 98,
            "24000": 98,
            "24060": 97,
            "24120": 98,
            "24180": 98,
            "24240": 99,
            "24300": 98,
            "24360": 98,
            "24420": 98,
            "24480": 98,
            "24540": 98,
            "24600": 98,
            "24660": 98,
            "24720": 97,
            "24780": 98,
            "24840": 99,
            "24900": 96,
            "24960": 96,
            "25020": 96,
            "25080": 96,
            "25140": 95,
            "25200": 95,
            "25260": 95,
            "25320": 95,
            "25380": 95,
            "25440": 95,
            "25500": 95,
            "25560": 95,
            "25620": 96,
            "25680": 96,
            "25740": 95,
            "25800": 94,
            "25860": 94,
            "25920": 94,
            "25980": 93,
            "26040": 94,
            "26100": 92,
            "26160": 91,
            "26220": 96,
            "26280": 96,
            "26340": 96,
            "26400": 96,
            "26460": 97,
            "26520": 97,
            "26580": 97,
            "26640": 97,
            "26700": 97,
            "26760": 97,
            "26820": 97,
            "26880": 97
        },
        "timeOffsetSleepRespiration": {
            "60": 18.42,
            "120": 15.84,
            "180": 15.46,
            "240": 14.35,
            "300": 14.17,
            "360": 13.77,
            "420": 13.05,
            "480": 13.28,
            "540": 12.92,
            "600": 12.69,
            "660": 12.71,
            "720": 13.59,
            "780": 13.27,
            "840": 13.46,
            "900": 13.7,
            "1020": 14.32,
            "1080": 14.18,
            "1140": 14.35,
            "1200": 14.63,
            "1260": 14.43,
            "1320": 14.3,
            "1380": 14.77,
            "1440": 14.39,
            "1500": 14.91,
            "1560": 14.8,
            "1620": 15.57,
            "1680": 14.67,
            "1740": 14.68,
            "1800": 14.45,
            "1860": 15.92,
            "1920": 16.51,
            "1980": 16.8,
            "2040": 16.57,
            "2100": 17.25,
            "2160": 16.89,
            "2220": 15.92,
            "2280": 16.01,
            "2340": 16.01,
            "2400": 16.63,
            "2460": 16.47,
            "2520": 15.48,
            "2580": 14.99,
            "2640": 15.51,
            "2700": 16.78,
            "2760": 17.28,
            "2820": 17.7,
            "2880": 18.03,
            "2940": 18.53,
            "3000": 18.17,
            "3060": 18.35,
            "3120": 18.67,
            "3180": 16.58,
            "3240": 14.99,
            "3300": 15.34,
            "3360": 16.44,
            "3420": 16.99,
            "3480": 17.86,
            "3540": 17.75,
            "3600": 16.6,
            "3660": 15.08,
            "3720": 15.17,
            "3780": 14.82,
            "3840": 14.36,
            "3900": 16.72,
            "3960": 17.69,
            "4020": 18.36,
            "4080": 18.31,
            "4140": 19.28,
            "4200": 20.28,
            "4260": 20.04,
            "4320": 19.44,
            "4380": 19.95,
            "4440": 20.03,
            "4500": 20.9,
            "4560": 19.55,
            "4620": 19.19,
            "4680": 17.82,
            "4740": 17.65,
            "4800": 17.04,
            "4860": 14.74,
            "4920": 15.66,
            "4980": 16.18,
            "5040": 16.21,
            "5100": 15.82,
            "5160": 16.4,
            "5220": 16.78,
            "5280": 16.91,
            "5340": 17.96,
            "5400": 18.9,
            "5460": 18.73,
            "5520": 19.49,
            "5580": 17.65,
            "5640": 17.87,
            "5700": 17.92,
            "5760": 18.11,
            "5820": 18.07,
            "5880": 19.44,
            "5940": 19.93,
            "6000": 19.72,
            "6060": 20.88,
            "6120": 20.7,
            "6180": 20.49,
            "6240": 19.7,
            "6300": 19.25,
            "6360": 18.31,
            "6420": 19.17,
            "6480": 20.52,
            "6540": 19.64,
            "6600": 19.09,
            "6660": 19.05,
            "6720": 18.26,
            "6780": 18.56,
            "6840": 17.98,
            "6900": 16.93,
            "6960": 15.0,
            "7020": 14.55,
            "7080": 14.98,
            "7140": 14.88,
            "7200": 14.55,
            "7260": 14.1,
            "7320": 13.43,
            "7380": 14.32,
            "7440": 14.93,
            "7500": 15.4,
            "7560": 15.5,
            "7620": 14.84,
            "7680": 15.0,
            "7740": 14.93,
            "7800": 15.72,
            "7860": 15.81,
            "7920": 15.9,
            "7980": 15.16,
            "8040": 13.85,
            "8100": 14.2,
            "8160": 14.75,
            "8220": 15.29,
            "8280": 15.86,
            "8340": 15.66,
            "8400": 16.18,
            "8460": 15.43,
            "8520": 15.28,
            "8580": 15.43,
            "8640": 15.62,
            "8700": 15.75,
            "8760": 15.27,
            "8820": 15.29,
            "8880": 14.31,
            "8940": 14.32,
            "9000": 15.36,
            "9060": 15.14,
            "9120": 14.98,
            "9180": 15.41,
            "9240": 14.83,
            "9300": 15.34,
            "9360": 15.88,
            "9420": 15.15,
            "9480": 14.5,
            "9540": 14.11,
            "9600": 13.97,
            "9660": 14.52,
            "9720": 15.01,
            "9780": 14.8,
            "9840": 14.87,
            "9900": 15.03,
            "9960": 15.86,
            "10020": 15.93,
            "10080": 15.9,
            "10140": 15.61,
            "10200": 15.72,
            "10260": 16.48,
            "10320": 15.74,
            "10380": 15.93,
            "10440": 16.79,
            "10500": 18.75,
            "10560": 17.84,
            "10620": 17.37,
            "10680": 17.91,
            "10740": 17.85,
            "10800": 17.42,
            "10860": 18.82,
            "10920": 19.88,
            "10980": 19.68,
            "11040": 19.82,
            "11100": 19.41,
            "11160": 18.14,
            "11220": 17.74,
            "11280": 18.24,
            "11340": 18.53,
            "11400": 20.04,
            "11460": 21.38,
            "11520": 21.09,
            "11580": 20.65,
            "11640": 20.16,
            "11700": 20.04,
            "11760": 19.65,
            "11820": 20.34,
            "11880": 21.4,
            "11940": 21.76,
            "12000": 20.82,
            "12060": 22.58,
            "12120": 22.6,
            "12180": 21.2,
            "12240": 21.17,
            "12300": 20.6,
            "12360": 20.11,
            "12420": 19.89,
            "12480": 19.27,
            "12540": 19.38,
            "12600": 19.29,
            "12660": 18.83,
            "12720": 18.07,
            "12780": 18.66,
            "12840": 19.74,
            "12900": 20.14,
            "12960": 20.2,
            "13020": 19.87,
            "13080": 19.3,
            "13140": 19.11,
            "13200": 18.54,
            "13260": 19.52,
            "13320": 19.4,
            "13380": 19.27,
            "13440": 17.76,
            "13500": 16.71,
            "13560": 16.77,
            "13620": 15.93,
            "13680": 15.49,
            "13740": 15.86,
            "13800": 15.83,
            "13860": 15.18,
            "13920": 14.7,
            "13980": 14.72,
            "14040": 15.68,
            "14100": 15.45,
            "14160": 15.39,
            "14220": 15.53,
            "14280": 15.99,
            "14340": 16.37,
            "14400": 17.39,
            "14460": 16.91,
            "14520": 16.5,
            "14580": 15.85,
            "14640": 16.33,
            "14700": 16.82,
            "14760": 16.94,
            "14820": 16.74,
            "14880": 16.21,
            "14940": 16.73,
            "15000": 16.7,
            "15060": 16.78,
            "15120": 17.35,
            "15180": 17.41,
            "15240": 17.41,
            "15300": 17.44,
            "15360": 17.86,
            "15420": 17.53,
            "15480": 17.57,
            "15540": 17.19,
            "15600": 17.16,
            "15660": 17.43,
            "15720": 17.37,
            "15780": 18.02,
            "15840": 18.25,
            "15900": 18.35,
            "15960": 18.94,
            "16020": 19.18,
            "16080": 18.95,
            "16140": 18.57,
            "16200": 16.89,
            "16260": 16.06,
            "16320": 14.98,
            "16380": 14.19,
            "16440": 14.63,
            "16500": 15.15,
            "16560": 16.1,
            "16620": 17.88,
            "16680": 19.29,
            "16740": 20.46,
            "16800": 20.33,
            "16860": 20.8,
            "16920": 20.74,
            "16980": 19.59,
            "17040": 19.49,
            "17100": 19.45,
            "17160": 20.18,
            "17220": 20.25,
            "17280": 20.75,
            "17340": 20.82,
            "17400": 19.32,
            "17460": 19.77,
            "17520": 20.2,
            "17580": 20.91,
            "17640": 21.25,
            "17700": 20.9,
            "17760": 21.3,
            "17820": 20.63,
            "17880": 20.46,
            "17940": 19.54,
            "18000": 20.29,
            "18060": 22.55,
            "18120": 20.21,
            "18180": 16.32,
            "18240": 15.07,
            "18300": 15.23,
            "18360": 14.61,
            "18420": 13.75,
            "18480": 14.13,
            "18540": 13.99,
            "18600": 14.95,
            "18660": 16.11,
            "18720": 16.59,
            "18780": 16.39,
            "18840": 15.51,
            "18900": 15.05,
            "18960": 16.64,
            "19020": 16.29,
            "19080": 15.18,
            "19140": 14.7,
            "19200": 15.2,
            "19260": 16.53,
            "19320": 16.12,
            "19380": 17.86,
            "19440": 16.89,
            "19500": 16.92,
            "19560": 16.52,
            "19620": 16.61,
            "19680": 15.96,
            "19740": 16.36,
            "19800": 16.78,
            "19860": 16.23,
            "19920": 16.63,
            "19980": 16.22,
            "20040": 16.11,
            "20100": 15.87,
            "20160": 16.31,
            "20220": 17.36,
            "20280": 18.38,
            "20340": 18.53,
            "20400": 18.56,
            "20460": 18.2,
            "20520": 18.89,
            "20580": 19.49,
            "20640": 19.65,
            "20700": 19.18,
            "20760": 19.16,
            "20820": 19.68,
            "20880": 19.59,
            "20940": 17.77,
            "21000": 16.45,
            "21060": 16.45,
            "21120": 16.16,
            "21180": 16.05,
            "21240": 15.83,
            "21300": 15.53,
            "21360": 15.99,
            "21420": 15.59,
            "21480": 15.78,
            "21540": 15.27,
            "21600": 15.02,
            "21660": 14.45,
            "21720": 14.06,
            "21780": 13.08,
            "21840": 12.79,
            "21900": 13.57,
            "21960": 14.06,
            "22020": 14.03,
            "22080": 13.14,
            "22140": 12.97,
            "22200": 13.44,
            "22260": 14.49,
            "22320": 14.01,
            "22380": 14.34,
            "22440": 13.65,
            "22500": 14.51,
            "22560": 14.62,
            "22620": 14.92,
            "22680": 14.73,
            "22740": 14.35,
            "22800": 13.91,
            "22860": 14.25,
            "22920": 14.22,
            "22980": 14.09,
            "23040": 13.29,
            "23100": 13.29,
            "23160": 14.06,
            "23220": 14.07,
            "23280": 14.68,
            "23340": 14.22,
            "23400": 14.07,
            "23460": 14.0,
            "23520": 12.73,
            "23580": 13.27,
            "23640": 13.4,
            "23700": 13.14,
            "23760": 13.03,
            "23820": 12.64,
            "23880": 12.91,
            "23940": 13.24,
            "24000": 14.26,
            "24060": 14.27,
            "24120": 14.49,
            "24180": 16.78,
            "24240": 16.24,
            "24300": 15.37,
            "24360": 14.34,
            "24420": 14.35,
            "24480": 12.93,
            "24540": 12.53,
            "24600": 13.19,
            "24660": 13.54,
            "24720": 14.14,
            "24780": 13.94,
            "24840": 14.2,
            "24900": 13.99,
            "24960": 14.23,
            "25020": 14.29,
            "25080": 15.21,
            "25140": 15.81,
            "25200": 15.51,
            "25260": 14.84,
            "25320": 15.41,
            "25380": 15.15,
            "25440": 15.44,
            "25500": 15.42,
            "25560": 14.84,
            "25620": 14.94,
            "25680": 15.05,
            "25740": 14.64,
            "25800": 15.22,
            "25860": 15.33,
            "25920": 15.43,
            "25980": 15.99,
            "26040": 15.91,
            "26100": 16.01,
            "26160": 15.85,
            "26220": 16.85,
            "26280": 15.81,
            "26340": 15.44,
            "26400": 15.51,
            "26460": 16.05,
            "26520": 15.55,
            "26580": 14.97,
            "26640": 13.91,
            "26700": 15.05,
            "26760": 15.47,
            "26820": 15.09,
            "26880": 15.02,
            "26940": 14.86
        },
        "overallSleepScore": {
            "value": 84,
            "qualifierKey": "GOOD"
        },
        "sleepScores": {
            "totalDuration": {
                "qualifierKey": "FAIR"
            },
            "stress": {
                "qualifierKey": "EXCELLENT"
            },
            "awakeCount": {
                "qualifierKey": "FAIR"
            },
            "remPercentage": {
                "qualifierKey": "EXCELLENT"
            },
            "restlessness": {
                "qualifierKey": "FAIR"
            },
            "lightPercentage": {
                "qualifierKey": "EXCELLENT"
            },
            "deepPercentage": {
                "qualifierKey": "EXCELLENT"
            }
        }
    }
]