[
    {
        "userId": "49d85c6a-b8f8-4787-95fa-f145553e59a9",
        "userAccessToken": "7b64f2c3-1572-407f-ac1a-ea3ef127ff2c",
        "summaryId": "x45dba26-67118f70-625e",
        "calendarDate": "2024-10-18",
        "durationInSeconds": 25182,
        "totalNapDurationInSeconds": 0,
        "startTimeInSeconds": 1729204080,
        "startTimeOffsetInSeconds": 7254,
        "unmeasurableSleepInSeconds": 0,
        "deepSleepDurationInSeconds": 7560,
        "lightSleepDurationInSeconds": 11340,
        "remSleepInSeconds": 6282,
        "awakeDurationInSeconds": 180,
        "sleepLevelsMap": {
            "deep": [
                {
                    "startTimeInSeconds": 1729205040,
                    "endTimeInSeconds": 1729207860
                },
                {
                    "startTimeInSeconds": 1729209840,
                    "endTimeInSeconds": 1729210980
                },
                {
                    "startTimeInSeconds": 1729211280,
                    "endTimeInSeconds": 1729212720
                },
                {
                    "startTimeInSeconds": 1729215600,
                    "endTimeInSeconds": 1729217760
                }
            ],
            "light": [
                {
                    "startTimeInSeconds": 1729204080,
                    "endTimeInSeconds": 1729205040
                },
                {
                    "startTimeInSeconds": 1729207860,
                    "endTimeInSeconds": 1729208940
                },
                {
                    "startTimeInSeconds": 1729209240,
                    "endTimeInSeconds": 1729209840
                },
                {
                    "startTimeInSeconds": 1729210980,
                    "endTimeInSeconds": 1729211280
                },
                {
                    "startTimeInSeconds": 1729212720,
                    "endTimeInSeconds": 1729213620
                },
                {
                    "startTimeInSeconds": 1729213680,
                    "endTimeInSeconds": 1729214520
                },
                {
                    "startTimeInSeconds": 1729214880,
                    "endTimeInSeconds": 1729215600
                },
                {
                    "startTimeInSeconds": 1729217820,
                    "endTimeInSeconds": 1729218420
                },
                {
                    "startTimeInSeconds": 1729220040,
                    "endTimeInSeconds": 1729223100
                },
                {
                    "startTimeInSeconds": 1729226040,
                    "endTimeInSeconds": 1729228320
                }
            ],
            "rem": [
                {
                    "startTimeInSeconds": 1729208940,
                    "endTimeInSeconds": 1729209240
                },
                {
                    "startTimeInSeconds": 1729214520,
                    "endTimeInSeconds": 1729214880
                },
                {
                    "startTimeInSeconds": 1729218420,
                    "endTimeInSeconds": 1729219980
                },
                {
                    "startTimeInSeconds": 1729223100,
                    "endTimeInSeconds": 1729226040
                },
                {
                    "startTimeInSeconds": 1729228320,
                    "endTimeInSeconds": 1729229442
                }
            ],
            "awake": [
                {
                    "startTimeInSeconds": 1729213620,
                    "endTimeInSeconds": 1729213680
                },
                {
                    "startTimeInSeconds": 1729217760,
                    "endTimeInSeconds": 1729217820
                },
                {
                    "startTimeInSeconds": 1729219980,
                    "endTimeInSeconds": 1729220040
                }
            ]
        },
        "validation": "ENHANCED_FINAL",
        "timeOffsetSleepSpo2": {
            "60": 95,
            "120": 95,
            "180": 95,
            "240": 96,
            "300": 96,
            "360": 96,
            "420": 96,
            "480": 96,
            "540": 93,
            "600": 95,
            "660": 95,
            "720": 95,
            "780": 95,
            "840": 95,
            "900": 95,
            "960": 95,
            "1020": 95,
            "1080": 95,
            "1140": 94,
            "1200": 94,
            "1260": 94,
            "1320": 94,
            "1380": 95,
            "1440": 95,
            "1500": 95,
            "1560": 95,
            "1620": 95,
            "1680": 95,
            "1740": 95,
            "1800": 95,
            "1860": 95,
            "1920": 95,
            "1980": 95,
            "2040": 95,
            "2100": 95,
            "2160": 93,
            "2220": 94,
            "2280": 94,
            "2340": 95,
            "2400": 95,
            "2460": 94,
            "2520": 94,
            "2580": 94,
            "2640": 95,
            "2700": 95,
            "2760": 95,
            "2820": 95,
            "2880": 94,
            "2940": 95,
            "3000": 95,
            "3060": 95,
            "3120": 95,
            "3180": 95,
            "3240": 95,
            "3300": 95,
            "3360": 95,
            "3420": 95,
            "3480": 95,
            "3540": 95,
            "3600": 95,
            "3660": 95,
            "3720": 95,
            "3780": 94,
            "3840": 93,
            "3900": 93,
            "3960": 93,
            "4020": 95,
            "4080": 94,
            "4140": 95,
            "4200": 95,
            "4260": 95,
            "4320": 93,
            "4380": 95,
            "4440": 94,
            "4500": 94,
            "4560": 95,
            "4620": 95,
            "4680": 94,
            "4740": 95,
            "4800": 95,
            "4860": 96,
            "4920": 95,
            "4980": 95,
            "5040": 95,
            "5100": 95,
            "5160": 95,
            "5220": 95,
            "5280": 95,
            "5340": 95,
            "5400": 95,
            "5460": 95,
            "5520": 95,
            "5580": 95,
            "5640": 95,
            "5700": 95,
            "5760": 95,
            "5820": 95,
            "5880": 95,
            "5940": 95,
            "6000": 95,
            "6060": 95,
            "6120": 95,
            "6180": 95,
            "6240": 95,
            "6300": 95,
            "6360": 94,
            "6420": 94,
            "6480": 95,
            "6540": 95,
            "6600": 95,
            "6660": 95,
            "6720": 95,
            "6780": 95,
            "6840": 97,
            "6900": 97,
            "6960": 97,
            "7020": 97,
            "7080": 97,
            "7140": 98,
            "7200": 98,
            "7260": 98,
            "7320": 98,
            "7380": 97,
            "7440": 97,
            "7500": 97,
            "7560": 97,
            "7620": 97,
            "7680": 98,
            "7740": 98,
            "7800": 98,
            "7860": 98,
            "7920": 98,
            "7980": 98,
            "8040": 98,
            "8100": 98,
            "8160": 98,
            "8220": 98,
            "8280": 97,
            "8340": 98,
            "8400": 98,
            "8460": 98,
            "8520": 95,
            "8580": 97,
            "8640": 97,
            "8700": 97,
            "8760": 97,
            "8820": 97,
            "8880": 96,
            "8940": 97,
            "9000": 96,
            "9060": 96,
            "9120": 96,
            "9180": 97,
            "9240": 97,
            "9300": 96,
            "9360": 97,
            "9420": 97,
            "9480": 94,
            "9540": 100,
            "9600": 100,
            "9660": 100,
            "9720": 100,
            "9780": 100,
            "9840": 100,
            "9900": 99,
            "9960": 99,
            "10020": 99,
            "10080": 99,
            "10140": 99,
            "10200": 98,
            "10260": 99,
            "10320": 99,
            "10380": 99,
            "10440": 99,
            "10500": 99,
            "10560": 98,
            "10620": 98,
            "10680": 98,
            "10740": 98,
            "10800": 98,
            "10860": 99,
            "10920": 99,
            "10980": 96,
            "11040": 97,
            "11100": 98,
            "11160": 98,
            "11220": 98,
            "11280": 98,
            "11340": 98,
            "11400": 99,
            "11460": 99,
            "11520": 98,
            "11580": 98,
            "11640": 99,
            "11700": 98,
            "11760": 98,
            "11820": 98,
            "11880": 98,
            "11940": 98,
            "12000": 98,
            "12060": 98,
            "12120": 98,
            "12180": 99,
            "12240": 98,
            "12300": 99,
            "12360": 98,
            "12420": 98,
            "12480": 98,
            "12540": 99,
            "12600": 98,
            "12660": 98,
            "12720": 98,
            "12780": 98,
            "12840": 98,
            "12900": 99,
            "12960": 97,
            "13020": 98,
            "13080": 98,
            "13140": 98,
            "13200": 98,
            "13260": 98,
            "13320": 97,
            "13380": 97,
            "13440": 97,
            "13500": 97,
            "13560": 97,
            "13620": 95,
            "13680": 97,
            "13740": 98,
            "13800": 98,
            "13860": 98,
            "13920": 98,
            "13980": 99,
            "14040": 99,
            "14100": 99,
            "14160": 99,
            "14220": 99,
            "14280": 99,
            "14340": 99,
            "14400": 99,
            "14460": 98,
            "14520": 98,
            "14580": 97,
            "14640": 97,
            "14700": 98,
            "14760": 97,
            "14820": 97,
            "14880": 98,
            "14940": 97,
            "15000": 97,
            "15060": 97,
            "15120": 98,
            "15180": 97,
            "15240": 97,
            "15300": 97,
            "15360": 98,
            "15420": 98,
            "15480": 98,
            "15540": 98,
            "15600": 98,
            "15660": 96,
            "15720": 96,
            "15780": 96,
            "15840": 97,
            "15900": 96,
            "15960": 95,
            "16020": 95,
            "16080": 97,
            "16140": 97,
            "16200": 97,
            "16260": 96,
            "16320": 96,
            "16380": 96,
            "16440": 96,
            "16500": 95,
            "16560": 97,
            "16620": 96,
            "16680": 96,
            "16740": 96,
            "16800": 94,
            "16860": 96,
            "16920": 96,
            "16980": 96,
            "17040": 95,
            "17100": 96,
            "17160": 96,
            "17220": 96,
            "17280": 96,
            "17340": 96,
            "17400": 95,
            "17460": 96,
            "17520": 95,
            "17580": 96,
            "17640": 97,
            "17700": 98,
            "17760": 98,
            "17820": 98,
            "17880": 98,
            "17940": 98,
            "18000": 98,
            "18060": 98,
            "18120": 98,
            "18180": 98,
            "18240": 98,
            "18300": 98,
            "18360": 98,
            "18420": 98,
            "18480": 98,
            "18540": 98,
            "18600": 98,
            "18660": 98,
            "18720": 99,
            "18780": 98,
            "18840": 98,
            "18900": 97,
            "18960": 96,
            "19020": 96,
            "19080": 96,
            "19140": 96,
            "19200": 96,
            "19260": 97,
            "19320": 97,
            "19380": 96,
            "19440": 96,
            "19500": 96,
            "19560": 96,
            "19620": 96,
            "19680": 96,
            "19740": 96,
            "19800": 97,
            "19860": 94,
            "19920": 98,
            "19980": 99,
            "20040": 98,
            "20100": 97,
            "20160": 97,
            "20220": 98,
            "20280": 93,
            "20340": 94,
            "20400": 94,
            "20460": 94,
            "20520": 97,
            "20580": 93,
            "20640": 90,
            "20700": 91,
            "20760": 90,
            "20820": 91,
            "20880": 91,
            "20940": 91,
            "21000": 91,
            "21060": 90,
            "21120": 93,
            "21180": 91,
            "21240": 95,
            "21300": 94,
            "21360": 94,
            "21420": 94,
            "21480": 94,
            "21540": 94,
            "21600": 94,
            "21660": 94,
            "21720": 94,
            "21780": 94,
            "21840": 94,
            "21900": 94,
            "21960": 94,
            "22020": 95,
            "22080": 96,
            "22140": 97,
            "22200": 97,
            "22260": 96,
            "22320": 97,
            "22380": 97,
            "22440": 97,
            "22500": 97,
            "22560": 97,
            "22620": 97,
            "22680": 96,
            "22740": 97,
            "22800": 97,
            "22860": 97,
            "22920": 97,
            "22980": 98,
            "23040": 97,
            "23100": 98,
            "23160": 97,
            "23220": 97,
            "23280": 97,
            "23340": 96,
            "23400": 97,
            "23460": 96,
            "23520": 96,
            "23580": 96,
            "23640": 96,
            "23700": 97,
            "23760": 96,
            "23820": 96,
            "23880": 96,
            "23940": 95,
            "24000": 94,
            "24060": 95,
            "24120": 94,
            "24180": 94,
            "24240": 95,
            "24300": 96,
            "24360": 97,
            "24420": 97,
            "24480": 97,
            "24540": 97,
            "24600": 97,
            "24660": 97,
            "24720": 98,
            "24780": 98,
            "24840": 98,
            "24900": 98,
            "24960": 98,
            "25020": 96,
            "25080": 94,
            "25140": 94,
            "25200": 94,
            "25260": 95
        },
        "timeOffsetSleepRespiration": {
            "60": 12.94,
            "120": 13.51,
            "180": 13.39,
            "240": 13.21,
            "300": 13.41,
            "360": 13.3,
            "420": 13.4,
            "480": 13.09,
            "540": 13.23,
            "600": 13.24,
            "660": 12.68,
            "720": 12.92,
            "780": 14.13,
            "840": 14.49,
            "900": 15.09,
            "960": 15.14,
            "1020": 14.41,
            "1080": 14.78,
            "1140": 16.3,
            "1200": 15.59,
            "1260": 15.19,
            "1320": 15.25,
            "1380": 15.48,
            "1440": 15.01,
            "1500": 13.88,
            "1560": 13.22,
            "1620": 13.96,
            "1680": 13.7,
            "1740": 13.52,
            "1800": 13.53,
            "1860": 13.63,
            "1920": 13.76,
            "1980": 13.87,
            "2040": 14.76,
            "2100": 15.09,
            "2160": 14.13,
            "2220": 13.29,
            "2280": 12.72,
            "2340": 13.42,
            "2400": 14.43,
            "2460": 14.9,
            "2520": 14.79,
            "2580": 14.96,
            "2640": 15.43,
            "2700": 16.05,
            "2760": 16.16,
            "2820": 16.44,
            "2880": 16.68,
            "2940": 16.25,
            "3000": 15.38,
            "3060": 15.28,
            "3120": 15.21,
            "3180": 16.68,
            "3240": 16.53,
            "3300": 16.63,
            "3360": 16.18,
            "3420": 15.89,
            "3480": 16.16,
            "3540": 15.76,
            "3600": 15.45,
            "3660": 14.93,
            "3720": 14.64,
            "3780": 14.15,
            "3840": 13.51,
            "3900": 13.6,
            "3960": 14.26,
            "4020": 14.26,
            "4080": 14.61,
            "4140": 14.13,
            "4200": 14.48,
            "4260": 14.75,
            "4320": 14.44,
            "4380": 13.91,
            "4440": 14.19,
            "4500": 14.56,
            "4560": 14.46,
            "4620": 15.28,
            "4680": 16.34,
            "4740": 15.92,
            "4800": 15.55,
            "4860": 15.47,
            "4920": 14.75,
            "4980": 14.25,
            "5040": 13.95,
            "5100": 13.44,
            "5160": 12.86,
            "5220": 12.9,
            "5280": 13.17,
            "5340": 13.14,
            "5400": 13.12,
            "5460": 13.75,
            "5520": 14.05,
            "5580": 14.21,
            "5640": 14.45,
            "5700": 14.21,
            "5760": 14.55,
            "5820": 14.84,
            "5880": 14.86,
            "5940": 14.68,
            "6000": 15.12,
            "6060": 15.08,
            "6120": 14.1,
            "6180": 13.66,
            "6240": 14.37,
            "6300": 14.79,
            "6360": 14.63,
            "6420": 14.31,
            "6480": 14.54,
            "6540": 15.08,
            "6600": 15.11,
            "6660": 15.43,
            "6720": 14.79,
            "6780": 13.63,
            "6840": 14.01,
            "6900": 13.79,
            "6960": 12.88,
            "7020": 13.18,
            "7080": 14.67,
            "7140": 15.04,
            "7200": 15.46,
            "7260": 16.51,
            "7320": 15.93,
            "7380": 15.69,
            "7440": 15.4,
            "7500": 14.52,
            "7560": 14.25,
            "7620": 14.95,
            "7680": 15.12,
            "7740": 15.69,
            "7800": 15.57,
            "7860": 14.74,
            "7920": 14.86,
            "7980": 15.51,
            "8040": 15.17,
            "8100": 15.04,
            "8160": 14.18,
            "8220": 14.88,
            "8280": 15.23,
            "8340": 16.25,
            "8400": 15.17,
            "8460": 15.27,
            "8520": 15.85,
            "8580": 15.81,
            "8640": 14.44,
            "8700": 13.7,
            "8760": 14.72,
            "8820": 14.23,
            "8880": 13.48,
            "8940": 13.8,
            "9000": 14.08,
            "9060": 14.31,
            "9120": 14.08,
            "9180": 14.05,
            "9240": 14.66,
            "9300": 15.47,
            "9360": 15.6,
            "9420": 16.16,
            "9480": 15.58,
            "9540": 15.82,
            "9600": 15.37,
            "9660": 16.04,
            "9720": 16.54,
            "9780": 15.92,
            "9840": 14.46,
            "9900": 14.33,
            "9960": 15.77,
            "10020": 16.48,
            "10080": 15.74,
            "10140": 14.82,
            "10200": 14.13,
            "10260": 13.56,
            "10320": 14.45,
            "10380": 14.76,
            "10440": 14.41,
            "10500": 14.38,
            "10560": 14.85,
            "10620": 14.36,
            "10680": 14.78,
            "10740": 14.68,
            "10800": 14.09,
            "10860": 14.0,
            "10920": 14.91,
            "10980": 14.81,
            "11040": 13.68,
            "11100": 13.2,
            "11160": 13.31,
            "11220": 14.08,
            "11280": 13.66,
            "11340": 14.12,
            "11400": 14.48,
            "11460": 14.72,
            "11520": 15.01,
            "11580": 15.01,
            "11640": 14.43,
            "11700": 14.34,
            "11760": 14.89,
            "11820": 14.9,
            "11880": 14.98,
            "11940": 15.16,
            "12000": 15.05,
            "12060": 15.25,
            "12120": 14.63,
            "12180": 15.19,
            "12240": 15.72,
            "12300": 15.71,
            "12360": 15.19,
            "12420": 16.08,
            "12480": 15.55,
            "12540": 15.48,
            "12600": 16.12,
            "12660": 15.21,
            "12720": 15.43,
            "12780": 16.4,
            "12840": 16.49,
            "12900": 16.14,
            "12960": 15.63,
            "13020": 15.89,
            "13080": 15.33,
            "13140": 15.0,
            "13200": 15.83,
            "13260": 15.98,
            "13320": 15.66,
            "13380": 16.11,
            "13440": 16.28,
            "13500": 15.92,
            "13560": 15.68,
            "13620": 15.85,
            "13680": 15.59,
            "13740": 14.6,
            "13800": 13.84,
            "13860": 13.67,
            "13920": 13.58,
            "13980": 14.96,
            "14040": 14.63,
            "14100": 14.88,
            "14160": 14.53,
            "14220": 14.87,
            "14280": 14.79,
            "14340": 14.83,
            "14400": 14.9,
            "14460": 14.51,
            "14520": 13.88,
            "14580": 13.15,
            "14640": 12.7,
            "14700": 12.91,
            "14760": 13.89,
            "14820": 13.64,
            "14880": 14.29,
            "14940": 13.92,
            "15000": 13.93,
            "15060": 14.12,
            "15120": 13.94,
            "15180": 13.2,
            "15240": 12.88,
            "15300": 13.19,
            "15360": 13.94,
            "15420": 13.57,
            "15480": 13.0,
            "15540": 14.19,
            "15600": 13.57,
            "15660": 13.66,
            "15720": 13.61,
            "15780": 13.7,
            "15840": 14.04,
            "15900": 13.8,
            "15960": 13.75,
            "16020": 13.9,
            "16080": 13.68,
            "16140": 14.26,
            "16200": 13.97,
            "16260": 14.97,
            "16320": 14.98,
            "16380": 14.55,
            "16440": 14.17,
            "16500": 15.18,
            "16560": 15.34,
            "16620": 14.89,
            "16680": 14.3,
            "16740": 14.45,
            "16800": 14.69,
            "16860": 14.67,
            "16920": 14.83,
            "16980": 14.21,
            "17040": 14.31,
            "17100": 14.98,
            "17160": 14.99,
            "17220": 14.4,
            "17280": 15.11,
            "17340": 14.19,
            "17400": 14.39,
            "17460": 14.53,
            "17520": 15.02,
            "17580": 14.6,
            "17640": 14.76,
            "17700": 14.38,
            "17760": 14.1,
            "17820": 13.44,
            "17880": 13.94,
            "17940": 14.47,
            "18000": 14.31,
            "18060": 14.17,
            "18120": 14.51,
            "18180": 13.55,
            "18240": 13.58,
            "18300": 13.9,
            "18360": 14.31,
            "18420": 13.12,
            "18480": 12.55,
            "18540": 12.45,
            "18600": 13.43,
            "18660": 12.8,
            "18720": 12.16,
            "18780": 12.53,
            "18840": 13.04,
            "18900": 12.93,
            "18960": 12.88,
            "19020": 13.03,
            "19080": 13.29,
            "19140": 13.62,
            "19200": 13.91,
            "19260": 13.73,
            "19320": 13.9,
            "19380": 14.29,
            "19440": 14.48,
            "19500": 13.85,
            "19560": 13.19,
            "19620": 13.07,
            "19680": 12.75,
            "19740": 12.01,
            "19800": 12.04,
            "19860": 13.3,
            "19920": 13.9,
            "19980": 13.5,
            "20040": 13.39,
            "20100": 14.64,
            "20160": 14.41,
            "20220": 14.31,
            "20280": 14.78,
            "20340": 14.51,
            "20400": 13.97,
            "20460": 13.38,
            "20520": 13.41,
            "20580": 13.38,
            "20640": 13.26,
            "20700": 13.43,
            "20820": 14.83,
            "20880": 15.59,
            "20940": 15.92,
            "21000": 15.76,
            "21060": 16.22,
            "21120": 15.4,
            "21180": 15.59,
            "21240": 15.15,
            "21300": 14.19,
            "21360": 13.43,
            "21420": 13.71,
            "21480": 14.74,
            "21540": 16.06,
            "21600": 16.2,
            "21660": 15.66,
            "21720": 16.29,
            "21780": 15.58,
            "21840": 15.72,
            "21900": 15.37,
            "21960": 16.13,
            "22020": 15.55,
            "22080": 15.76,
            "22140": 16.26,
            "22200": 16.21,
            "22260": 15.3,
            "22320": 15.35,
            "22380": 14.9,
            "22440": 15.81,
            "22500": 15.71,
            "22560": 16.26,
            "22620": 15.91,
            "22680": 14.66,
            "22740": 14.25,
            "22800": 15.55,
            "22860": 15.88,
            "22920": 15.93,
            "22980": 16.56,
            "23040": 16.35,
            "23100": 15.63,
            "23160": 14.91,
            "23220": 14.31,
            "23280": 15.33,
            "23340": 15.29,
            "23400": 15.16,
            "23460": 14.95,
            "23520": 15.97,
            "23580": 16.31,
            "23640": 15.18,
            "23700": 14.78,
            "23760": 14.47,
            "23820": 14.98,
            "23880": 14.57,
            "23940": 14.57,
            "24000": 14.55,
            "24060": 14.07,
            "24120": 12.67,
            "24180": 13.22,
            "24240": 13.36,
            "24300": 14.19,
            "24360": 14.24,
            "24420": 13.3,
            "24480": 12.46,
            "24540": 13.32,
            "24600": 13.36,
            "24660": 13.22,
            "24720": 13.61,
            "24780": 13.34,
            "24840": 12.65,
            "24900": 12.68,
            "24960": 12.9,
            "25020": 14.47,
            "25080": 14.46,
            "25140": 14.11,
            "25200": 13.19,
            "25260": 13.69,
            "25320": 14.2
        },
        "overallSleepScore": {
            "value": 88,
            "qualifierKey": "GOOD"
        },
        "sleepScores": {
            "totalDuration": {
                "qualifierKey": "FAIR"
            },
            "stress": {
                "qualifierKey": "EXCELLENT"
            },
            "awakeCount": {
                "qualifierKey": "EXCELLENT"
            },
            "remPercentage": {
                "qualifierKey": "EXCELLENT"
            },
            "restlessness": {
                "qualifierKey": "EXCELLENT"
            },
            "lightPercentage": {
                "qualifierKey": "EXCELLENT"
            },
            "deepPercentage": {
                "qualifierKey": "EXCELLENT"
            }
        }
    }
]