[
    {
        "userId": "49d85c6a-b8f8-4787-95fa-f145553e59a9",
        "userAccessToken": "7b64f2c3-1572-407f-ac1a-ea3ef127ff2c",
        "summaryId": "x45dba26-6711f283905027b6-c686-49d6-bcd7-82124211876678",
        "calendarDate": "2024-10-18",
        "startTimeInSeconds": 1729229443,
        "durationInSeconds": 120,
        "startTimeOffsetInSeconds": 7254,
        "summaries": [
            {
                "summaryType": "heart_rate",
                "minValue": 58.0,
                "maxValue": 89.0,
                "avgValue": 71.0,
                "epochSummaries": {
                    "0": 61.0,
                    "1": 61.0,
                    "2": 62.0,
                    "4": 63.0,
                    "5": 63.0,
                    "6": 64.0,
                    "7": 64.0,
                    "8": 63.0,
                    "9": 62.0,
                    "10": 61.0,
                    "11": 61.0,
                    "12": 62.0,
                    "13": 62.0,
                    "14": 61.0,
                    "15": 61.0,
                    "16": 60.0,
                    "17": 60.0,
                    "18": 60.0,
                    "19": 60.0,
                    "20": 60.0,
                    "21": 59.0,
                    "22": 59.0,
                    "23": 59.0,
                    "24": 59.0,
                    "25": 68.0,
                    "26": 75.0,
                    "27": 73.0,
                    "28": 65.0,
                    "29": 60.0,
                    "30": 59.0,
                    "31": 59.0,
                    "32": 60.0,
                    "33": 60.0,
                    "34": 61.0,
                    "35": 61.0,
                    "36": 62.0,
                    "37": 61.0,
                    "38": 61.0,
                    "39": 66.0,
                    "40": 70.0,
                    "41": 68.0,
                    "42": 62.0,
                    "43": 60.0,
                    "44": 60.0,
                    "45": 60.0,
                    "46": 60.0,
                    "47": 59.0,
                    "48": 58.0,
                    "49": 58.0,
                    "50": 59.0,
                    "51": 59.0,
                    "52": 61.0,
                    "53": 72.0,
                    "54": 78.0,
                    "55": 81.0,
                    "56": 82.0,
                    "57": 82.0,
                    "58": 81.0,
                    "59": 81.0,
                    "60": 78.0,
                    "61": 73.0,
                    "62": 73.0,
                    "63": 64.0,
                    "64": 64.0,
                    "65": 64.0,
                    "66": 63.0,
                    "67": 64.0,
                    "68": 63.0,
                    "69": 64.0,
                    "70": 73.0,
                    "71": 84.0,
                    "72": 87.0,
                    "73": 87.0,
                    "74": 86.0,
                    "75": 85.0,
                    "76": 84.0,
                    "77": 84.0,
                    "78": 84.0,
                    "79": 84.0,
                    "80": 84.0,
                    "81": 84.0,
                    "82": 84.0,
                    "83": 67.0,
                    "84": 66.0,
                    "85": 67.0,
                    "86": 67.0,
                    "87": 70.0,
                    "88": 74.0,
                    "89": 79.0,
                    "90": 78.0,
                    "91": 80.0,
                    "92": 78.0,
                    "93": 80.0,
                    "94": 81.0,
                    "95": 76.0,
                    "96": 73.0,
                    "97": 64.0,
                    "98": 64.0,
                    "99": 64.0,
                    "100": 65.0,
                    "101": 65.0,
                    "102": 65.0,
                    "103": 65.0,
                    "104": 72.0,
                    "105": 77.0,
                    "106": 80.0,
                    "107": 83.0,
                    "108": 85.0,
                    "109": 86.0,
                    "110": 88.0,
                    "111": 89.0,
                    "112": 89.0,
                    "113": 89.0,
                    "114": 89.0,
                    "115": 89.0,
                    "116": 89.0,
                    "117": 89.0,
                    "118": 88.0,
                    "119": 88.0,
                    "120": 86.0,
                    "121": 84.0
                }
            },
            {
                "summaryType": "respiration",
                "minValue": 13.8100004196167,
                "maxValue": 15.1899995803833,
                "avgValue": 14.600000381469727,
                "epochSummaries": {
                    "0": 14.800000190734863,
                    "1": 14.800000190734863,
                    "2": 14.800000190734863,
                    "4": 14.800000190734863,
                    "5": 14.800000190734863,
                    "6": 14.800000190734863,
                    "7": 14.800000190734863,
                    "8": 14.800000190734863,
                    "9": 14.399999618530273,
                    "10": 14.399999618530273,
                    "11": 14.399999618530273,
                    "12": 14.399999618530273,
                    "13": 14.539999961853027,
                    "14": 14.539999961853027,
                    "15": 14.539999961853027,
                    "16": 14.65999984741211,
                    "17": 14.65999984741211,
                    "18": 14.65999984741211,
                    "19": 14.65999984741211,
                    "20": 14.65999984741211,
                    "21": 14.65999984741211,
                    "22": 14.65999984741211,
                    "23": 14.65999984741211,
                    "24": 14.609999656677246,
                    "25": 14.640000343322754,
                    "26": 14.640000343322754,
                    "27": 14.640000343322754,
                    "28": 14.829999923706055,
                    "29": 14.829999923706055,
                    "30": 14.829999923706055,
                    "31": 14.970000267028809,
                    "32": 14.970000267028809,
                    "33": 14.970000267028809,
                    "34": 14.970000267028809,
                    "35": 14.970000267028809,
                    "36": 14.970000267028809,
                    "37": 14.970000267028809,
                    "38": 14.970000267028809,
                    "39": 14.970000267028809,
                    "40": 14.619999885559082,
                    "41": 14.619999885559082,
                    "42": 14.680000305175781,
                    "43": 14.680000305175781,
                    "44": 14.680000305175781,
                    "45": 14.680000305175781,
                    "46": 14.8100004196167,
                    "47": 14.8100004196167,
                    "48": 14.8100004196167,
                    "49": 14.8100004196167,
                    "50": 14.869999885559082,
                    "51": 14.869999885559082,
                    "52": 14.869999885559082,
                    "53": 14.869999885559082,
                    "54": 14.869999885559082,
                    "55": 14.869999885559082,
                    "56": 15.0,
                    "57": 15.0,
                    "58": 15.149999618530273,
                    "59": 15.149999618530273,
                    "60": 15.1899995803833,
                    "61": 15.1899995803833,
                    "62": 15.1899995803833,
                    "63": 15.1899995803833,
                    "64": 15.1899995803833,
                    "65": 15.1899995803833,
                    "66": 15.1899995803833,
                    "67": 15.1899995803833,
                    "68": 15.1899995803833,
                    "69": 15.1899995803833,
                    "70": 15.1899995803833,
                    "71": 14.6899995803833,
                    "72": 14.6899995803833,
                    "73": 14.6899995803833,
                    "74": 14.6899995803833,
                    "75": 14.6899995803833,
                    "76": 14.6899995803833,
                    "77": 14.770000457763672,
                    "78": 14.770000457763672,
                    "79": 14.770000457763672,
                    "80": 14.350000381469727,
                    "81": 14.350000381469727,
                    "82": 14.350000381469727,
                    "83": 14.350000381469727,
                    "84": 14.350000381469727,
                    "85": 14.350000381469727,
                    "86": 14.350000381469727,
                    "87": 14.350000381469727,
                    "88": 14.479999542236328,
                    "89": 14.329999923706055,
                    "90": 14.329999923706055,
                    "91": 14.329999923706055,
                    "92": 14.329999923706055,
                    "93": 14.329999923706055,
                    "94": 14.329999923706055,
                    "95": 14.300000190734863,
                    "96": 14.300000190734863,
                    "97": 14.300000190734863,
                    "98": 14.300000190734863,
                    "99": 14.300000190734863,
                    "100": 14.300000190734863,
                    "101": 14.300000190734863,
                    "102": 14.039999961853027,
                    "103": 14.039999961853027,
                    "104": 14.039999961853027,
                    "105": 14.039999961853027,
                    "106": 14.039999961853027,
                    "107": 14.039999961853027,
                    "108": 14.039999961853027,
                    "109": 14.039999961853027,
                    "110": 14.039999961853027,
                    "111": 14.039999961853027,
                    "112": 14.039999961853027,
                    "113": 14.039999961853027,
                    "114": 14.039999961853027,
                    "115": 14.039999961853027,
                    "116": 14.109999656677246,
                    "117": 14.109999656677246,
                    "118": 14.109999656677246,
                    "119": 14.109999656677246,
                    "120": 14.109999656677246,
                    "121": 13.8100004196167
                }
            },
            {
                "summaryType": "stress",
                "minValue": 15.0,
                "maxValue": 48.0,
                "avgValue": 26.0,
                "epochSummaries": {
                    "0": 17.0,
                    "1": 17.0,
                    "2": 15.0,
                    "4": 15.0,
                    "5": 15.0,
                    "6": 15.0,
                    "7": 15.0,
                    "8": 16.0,
                    "9": 16.0,
                    "10": 16.0,
                    "11": 16.0,
                    "12": 16.0,
                    "13": 16.0,
                    "14": 16.0,
                    "15": 16.0,
                    "16": 16.0,
                    "17": 16.0,
                    "18": 18.0,
                    "19": 18.0,
                    "20": 18.0,
                    "21": 18.0,
                    "22": 18.0,
                    "23": 18.0,
                    "24": 18.0,
                    "25": 18.0,
                    "26": 18.0,
                    "27": 18.0,
                    "28": 19.0,
                    "29": 19.0,
                    "30": 19.0,
                    "31": 19.0,
                    "32": 19.0,
                    "33": 19.0,
                    "34": 19.0,
                    "35": 19.0,
                    "36": 19.0,
                    "37": 19.0,
                    "38": 21.0,
                    "39": 21.0,
                    "40": 21.0,
                    "41": 21.0,
                    "42": 21.0,
                    "43": 23.0,
                    "44": 23.0,
                    "45": 23.0,
                    "46": 23.0,
                    "47": 23.0,
                    "48": 24.0,
                    "49": 24.0,
                    "50": 24.0,
                    "51": 24.0,
                    "52": 24.0,
                    "53": 23.0,
                    "54": 23.0,
                    "55": 23.0,
                    "56": 23.0,
                    "57": 23.0,
                    "58": 30.0,
                    "59": 30.0,
                    "60": 30.0,
                    "61": 30.0,
                    "62": 30.0,
                    "63": 32.0,
                    "64": 32.0,
                    "65": 32.0,
                    "66": 32.0,
                    "67": 32.0,
                    "68": 31.0,
                    "69": 31.0,
                    "70": 31.0,
                    "71": 31.0,
                    "72": 31.0,
                    "73": 25.0,
                    "74": 25.0,
                    "75": 25.0,
                    "76": 25.0,
                    "77": 25.0,
                    "78": 36.0,
                    "79": 36.0,
                    "80": 36.0,
                    "81": 36.0,
                    "82": 36.0,
                    "83": 36.0,
                    "84": 41.0,
                    "85": 41.0,
                    "86": 41.0,
                    "87": 41.0,
                    "88": 41.0,
                    "89": 32.0,
                    "90": 32.0,
                    "91": 32.0,
                    "92": 32.0,
                    "93": 32.0,
                    "94": 26.0,
                    "95": 26.0,
                    "96": 26.0,
                    "97": 26.0,
                    "98": 26.0,
                    "99": 26.0,
                    "100": 26.0,
                    "101": 26.0,
                    "102": 26.0,
                    "103": 26.0,
                    "104": 31.0,
                    "105": 31.0,
                    "106": 31.0,
                    "107": 31.0,
                    "108": 31.0,
                    "109": 30.0,
                    "110": 30.0,
                    "111": 30.0,
                    "112": 30.0,
                    "113": 30.0,
                    "114": 39.0,
                    "115": 39.0,
                    "116": 39.0,
                    "117": 39.0,
                    "118": 39.0,
                    "119": 48.0,
                    "120": 48.0,
                    "121": 48.0
                }
            },
            {
                "summaryType": "spo2",
                "minValue": 97.0,
                "maxValue": 100.0,
                "avgValue": 98.0,
                "epochSummaries": {
                    "0": 98.0,
                    "1": 98.0,
                    "2": 98.0,
                    "4": 98.0,
                    "5": 98.0,
                    "6": 98.0,
                    "7": 98.0,
                    "8": 98.0,
                    "9": 98.0,
                    "10": 98.0,
                    "11": 98.0,
                    "12": 98.0,
                    "13": 98.0,
                    "14": 98.0,
                    "15": 98.0,
                    "16": 98.0,
                    "17": 98.0,
                    "18": 98.0,
                    "19": 98.0,
                    "20": 98.0,
                    "21": 98.0,
                    "22": 98.0,
                    "23": 98.0,
                    "24": 98.0,
                    "25": 98.0,
                    "26": 98.0,
                    "27": 98.0,
                    "28": 98.0,
                    "29": 99.0,
                    "30": 99.0,
                    "31": 99.0,
                    "32": 99.0,
                    "33": 99.0,
                    "34": 99.0,
                    "35": 100.0,
                    "36": 100.0,
                    "37": 100.0,
                    "38": 100.0,
                    "39": 100.0,
                    "40": 100.0,
                    "41": 99.0,
                    "42": 99.0,
                    "43": 100.0,
                    "44": 100.0,
                    "45": 100.0,
                    "46": 100.0,
                    "47": 100.0,
                    "48": 100.0,
                    "49": 99.0,
                    "50": 99.0,
                    "51": 99.0,
                    "52": 99.0,
                    "53": 99.0,
                    "54": 99.0,
                    "55": 99.0,
                    "56": 99.0,
                    "57": 98.0,
                    "58": 98.0,
                    "59": 97.0,
                    "60": 97.0,
                    "61": 97.0,
                    "62": 97.0,
                    "63": 98.0,
                    "64": 98.0,
                    "65": 98.0,
                    "66": 98.0,
                    "67": 98.0,
                    "68": 98.0,
                    "69": 98.0,
                    "70": 98.0,
                    "71": 98.0,
                    "72": 98.0,
                    "73": 98.0,
                    "74": 98.0,
                    "75": 98.0,
                    "76": 98.0,
                    "77": 98.0,
                    "78": 98.0,
                    "79": 98.0,
                    "80": 98.0,
                    "81": 98.0,
                    "82": 98.0,
                    "83": 98.0,
                    "84": 98.0,
                    "85": 98.0,
                    "86": 98.0,
                    "87": 98.0,
                    "88": 98.0,
                    "89": 98.0,
                    "90": 98.0,
                    "91": 98.0,
                    "92": 98.0,
                    "93": 98.0,
                    "94": 98.0,
                    "95": 98.0,
                    "96": 98.0,
                    "97": 98.0,
                    "98": 98.0,
                    "99": 98.0,
                    "100": 98.0,
                    "101": 98.0,
                    "102": 98.0,
                    "103": 98.0,
                    "104": 98.0,
                    "105": 98.0,
                    "106": 98.0,
                    "107": 98.0,
                    "108": 98.0,
                    "109": 98.0,
                    "110": 98.0,
                    "111": 98.0,
                    "112": 98.0,
                    "113": 98.0,
                    "114": 98.0,
                    "115": 98.0,
                    "116": 98.0,
                    "117": 99.0,
                    "118": 99.0,
                    "119": 99.0,
                    "120": 99.0,
                    "121": 99.0
                }
            },
            {
                "summaryType": "rmssd_hrv",
                "avgValue": 85.0
            },
            {
                "summaryType": "sdrr_hrv",
                "avgValue": 105.0
            }
        ]
    },
    {
        "userId": "49d85c6a-b8f8-4787-95fa-f145553e59a9",
        "userAccessToken": "7b64f2c3-1572-407f-ac1a-ea3ef127ff2c",
        "summaryId": "x45dba26-67124c9c90da4119-85c7-4bbc-b7d0-e5a26a78ccfa78",
        "calendarDate": "2024-10-18",
        "startTimeInSeconds": 1729252508,
        "durationInSeconds": 120,
        "startTimeOffsetInSeconds": 7254,
        "summaries": [
            {
                "summaryType": "heart_rate",
                "minValue": 54.0,
                "maxValue": 63.0,
                "avgValue": 59.0,
                "epochSummaries": {
                    "0": 61.0,
                    "1": 61.0,
                    "2": 61.0,
                    "3": 61.0,
                    "4": 61.0,
                    "5": 61.0,
                    "6": 61.0,
                    "7": 62.0,
                    "8": 63.0,
                    "9": 63.0,
                    "10": 63.0,
                    "11": 63.0,
                    "12": 62.0,
                    "13": 60.0,
                    "14": 59.0,
                    "15": 59.0,
                    "16": 60.0,
                    "17": 60.0,
                    "18": 61.0,
                    "19": 61.0,
                    "20": 60.0,
                    "21": 60.0,
                    "22": 60.0,
                    "23": 60.0,
                    "24": 59.0,
                    "25": 59.0,
                    "26": 59.0,
                    "27": 59.0,
                    "28": 58.0,
                    "29": 58.0,
                    "30": 58.0,
                    "31": 58.0,
                    "32": 58.0,
                    "33": 58.0,
                    "34": 57.0,
                    "35": 57.0,
                    "36": 57.0,
                    "37": 57.0,
                    "38": 58.0,
                    "39": 58.0,
                    "40": 58.0,
                    "41": 58.0,
                    "42": 59.0,
                    "43": 59.0,
                    "44": 59.0,
                    "45": 58.0,
                    "46": 59.0,
                    "47": 59.0,
                    "48": 59.0,
                    "49": 59.0,
                    "50": 59.0,
                    "51": 58.0,
                    "52": 58.0,
                    "53": 57.0,
                    "54": 56.0,
                    "55": 56.0,
                    "56": 56.0,
                    "57": 57.0,
                    "58": 57.0,
                    "59": 58.0,
                    "60": 58.0,
                    "61": 59.0,
                    "62": 60.0,
                    "63": 59.0,
                    "64": 59.0,
                    "65": 58.0,
                    "66": 57.0,
                    "67": 57.0,
                    "68": 55.0,
                    "69": 54.0,
                    "70": 55.0,
                    "71": 56.0,
                    "72": 57.0,
                    "73": 57.0,
                    "74": 57.0,
                    "75": 57.0,
                    "76": 57.0,
                    "77": 58.0,
                    "78": 59.0,
                    "79": 59.0,
                    "80": 59.0,
                    "81": 56.0,
                    "82": 56.0,
                    "83": 56.0,
                    "84": 60.0,
                    "85": 63.0,
                    "86": 63.0,
                    "87": 63.0,
                    "88": 63.0,
                    "89": 62.0,
                    "90": 62.0,
                    "91": 61.0,
                    "92": 60.0,
                    "93": 60.0,
                    "94": 60.0,
                    "95": 60.0,
                    "96": 60.0,
                    "97": 60.0,
                    "98": 61.0,
                    "99": 61.0,
                    "100": 62.0,
                    "101": 62.0,
                    "102": 62.0,
                    "103": 62.0,
                    "104": 62.0,
                    "105": 62.0,
                    "106": 62.0,
                    "107": 62.0,
                    "108": 61.0,
                    "109": 60.0,
                    "110": 60.0,
                    "111": 60.0,
                    "112": 60.0,
                    "113": 60.0,
                    "114": 60.0,
                    "115": 59.0,
                    "116": 59.0,
                    "117": 59.0,
                    "118": 59.0,
                    "119": 59.0,
                    "120": 59.0
                }
            },
            {
                "summaryType": "respiration",
                "minValue": 11.649999618530273,
                "maxValue": 13.680000305175781,
                "avgValue": 13.3100004196167,
                "epochSummaries": {
                    "0": 13.34000015258789,
                    "1": 13.5,
                    "2": 13.5,
                    "3": 13.5,
                    "4": 13.5,
                    "5": 13.5,
                    "6": 13.5,
                    "7": 13.5,
                    "8": 13.5,
                    "9": 13.34000015258789,
                    "10": 13.34000015258789,
                    "11": 13.34000015258789,
                    "12": 13.020000457763672,
                    "13": 13.020000457763672,
                    "14": 13.020000457763672,
                    "15": 13.020000457763672,
                    "16": 13.020000457763672,
                    "17": 13.020000457763672,
                    "18": 13.020000457763672,
                    "19": 13.020000457763672,
                    "20": 13.020000457763672,
                    "21": 13.020000457763672,
                    "22": 13.020000457763672,
                    "23": 13.020000457763672,
                    "24": 13.020000457763672,
                    "25": 12.600000381469727,
                    "26": 12.600000381469727,
                    "27": 12.600000381469727,
                    "28": 12.600000381469727,
                    "29": 12.600000381469727,
                    "30": 12.600000381469727,
                    "31": 12.460000038146973,
                    "32": 12.460000038146973,
                    "33": 12.460000038146973,
                    "34": 12.579999923706055,
                    "35": 12.579999923706055,
                    "36": 12.579999923706055,
                    "37": 12.890000343322754,
                    "38": 12.890000343322754,
                    "39": 12.890000343322754,
                    "40": 12.890000343322754,
                    "41": 13.140000343322754,
                    "42": 13.140000343322754,
                    "43": 13.5,
                    "44": 13.5,
                    "45": 13.5,
                    "46": 13.5,
                    "47": 13.600000381469727,
                    "48": 13.600000381469727,
                    "49": 13.600000381469727,
                    "50": 13.600000381469727,
                    "51": 13.600000381469727,
                    "52": 13.640000343322754,
                    "53": 13.640000343322754,
                    "54": 13.640000343322754,
                    "55": 13.640000343322754,
                    "56": 13.640000343322754,
                    "57": 13.640000343322754,
                    "58": 13.510000228881836,
                    "59": 13.510000228881836,
                    "60": 13.510000228881836,
                    "61": 13.510000228881836,
                    "62": 13.510000228881836,
                    "63": 13.510000228881836,
                    "64": 13.510000228881836,
                    "65": 13.470000267028809,
                    "66": 13.470000267028809,
                    "67": 13.470000267028809,
                    "68": 13.34000015258789,
                    "69": 13.34000015258789,
                    "70": 13.34000015258789,
                    "71": 13.34000015258789,
                    "72": 13.34000015258789,
                    "73": 13.399999618530273,
                    "74": 13.399999618530273,
                    "75": 13.399999618530273,
                    "76": 13.399999618530273,
                    "77": 13.3100004196167,
                    "78": 13.3100004196167,
                    "79": 13.3100004196167,
                    "80": 13.3100004196167,
                    "81": 13.390000343322754,
                    "82": 13.390000343322754,
                    "83": 13.390000343322754,
                    "84": 13.600000381469727,
                    "85": 13.600000381469727,
                    "86": 13.600000381469727,
                    "87": 13.600000381469727,
                    "88": 13.600000381469727,
                    "89": 13.680000305175781,
                    "90": 13.680000305175781,
                    "91": 13.680000305175781,
                    "92": 13.680000305175781,
                    "93": 13.680000305175781,
                    "94": 13.579999923706055,
                    "95": 13.579999923706055,
                    "96": 13.579999923706055,
                    "97": 13.579999923706055,
                    "98": 13.579999923706055,
                    "99": 13.579999923706055,
                    "100": 13.630000114440918,
                    "101": 13.630000114440918,
                    "102": 13.630000114440918,
                    "103": 13.630000114440918,
                    "104": 13.630000114440918,
                    "105": 13.630000114440918,
                    "106": 13.520000457763672,
                    "107": 13.520000457763672,
                    "108": 13.5,
                    "109": 13.5,
                    "110": 13.5,
                    "111": 13.5,
                    "112": 13.5,
                    "113": 13.260000228881836,
                    "114": 13.260000228881836,
                    "115": 13.260000228881836,
                    "116": 13.260000228881836,
                    "117": 13.260000228881836,
                    "118": 13.260000228881836,
                    "119": 13.260000228881836,
                    "120": 11.649999618530273
                }
            },
            {
                "summaryType": "stress",
                "minValue": 16.0,
                "maxValue": 29.0,
                "avgValue": 20.0,
                "epochSummaries": {
                    "0": 27.0,
                    "1": 27.0,
                    "2": 28.0,
                    "3": 28.0,
                    "4": 28.0,
                    "5": 28.0,
                    "6": 28.0,
                    "7": 29.0,
                    "8": 29.0,
                    "9": 29.0,
                    "10": 29.0,
                    "11": 29.0,
                    "12": 25.0,
                    "13": 25.0,
                    "14": 25.0,
                    "15": 25.0,
                    "16": 25.0,
                    "17": 24.0,
                    "18": 24.0,
                    "19": 24.0,
                    "20": 24.0,
                    "21": 24.0,
                    "22": 22.0,
                    "23": 22.0,
                    "24": 22.0,
                    "25": 22.0,
                    "26": 22.0,
                    "27": 21.0,
                    "28": 21.0,
                    "29": 21.0,
                    "30": 21.0,
                    "31": 21.0,
                    "32": 19.0,
                    "33": 19.0,
                    "34": 19.0,
                    "35": 19.0,
                    "36": 19.0,
                    "37": 18.0,
                    "38": 18.0,
                    "39": 18.0,
                    "40": 18.0,
                    "41": 18.0,
                    "42": 18.0,
                    "43": 18.0,
                    "44": 18.0,
                    "45": 18.0,
                    "46": 18.0,
                    "47": 18.0,
                    "48": 18.0,
                    "49": 18.0,
                    "50": 18.0,
                    "51": 18.0,
                    "52": 18.0,
                    "53": 18.0,
                    "54": 18.0,
                    "55": 18.0,
                    "56": 18.0,
                    "57": 18.0,
                    "58": 18.0,
                    "59": 18.0,
                    "60": 18.0,
                    "61": 18.0,
                    "62": 18.0,
                    "63": 18.0,
                    "64": 18.0,
                    "65": 18.0,
                    "66": 18.0,
                    "67": 18.0,
                    "68": 18.0,
                    "69": 18.0,
                    "70": 18.0,
                    "71": 18.0,
                    "72": 18.0,
                    "73": 18.0,
                    "74": 18.0,
                    "75": 18.0,
                    "76": 18.0,
                    "77": 18.0,
                    "78": 18.0,
                    "79": 18.0,
                    "80": 18.0,
                    "81": 18.0,
                    "82": 19.0,
                    "83": 19.0,
                    "84": 19.0,
                    "85": 19.0,
                    "86": 19.0,
                    "87": 19.0,
                    "88": 19.0,
                    "89": 19.0,
                    "90": 19.0,
                    "91": 19.0,
                    "92": 19.0,
                    "93": 19.0,
                    "94": 19.0,
                    "95": 19.0,
                    "96": 19.0,
                    "97": 19.0,
                    "98": 19.0,
                    "99": 19.0,
                    "100": 19.0,
                    "101": 19.0,
                    "102": 18.0,
                    "103": 18.0,
                    "104": 18.0,
                    "105": 18.0,
                    "106": 18.0,
                    "107": 18.0,
                    "108": 18.0,
                    "109": 18.0,
                    "110": 18.0,
                    "111": 18.0,
                    "112": 17.0,
                    "113": 17.0,
                    "114": 17.0,
                    "115": 17.0,
                    "116": 17.0,
                    "117": 16.0,
                    "118": 16.0,
                    "119": 16.0,
                    "120": 16.0
                }
            },
            {
                "summaryType": "spo2",
                "minValue": 96.0,
                "maxValue": 98.0,
                "avgValue": 97.0,
                "epochSummaries": {
                    "0": 96.0,
                    "1": 96.0,
                    "2": 96.0,
                    "3": 96.0,
                    "4": 96.0,
                    "5": 96.0,
                    "6": 96.0,
                    "7": 96.0,
                    "8": 96.0,
                    "9": 96.0,
                    "10": 96.0,
                    "11": 96.0,
                    "12": 96.0,
                    "13": 96.0,
                    "14": 96.0,
                    "15": 96.0,
                    "16": 96.0,
                    "17": 97.0,
                    "18": 97.0,
                    "19": 97.0,
                    "20": 97.0,
                    "21": 97.0,
                    "22": 97.0,
                    "23": 97.0,
                    "24": 97.0,
                    "25": 97.0,
                    "26": 97.0,
                    "27": 97.0,
                    "28": 97.0,
                    "29": 97.0,
                    "30": 97.0,
                    "31": 97.0,
                    "32": 97.0,
                    "33": 97.0,
                    "34": 97.0,
                    "35": 97.0,
                    "36": 97.0,
                    "37": 97.0,
                    "38": 97.0,
                    "39": 98.0,
                    "40": 98.0,
                    "41": 98.0,
                    "42": 98.0,
                    "43": 98.0,
                    "44": 98.0,
                    "45": 98.0,
                    "46": 98.0,
                    "47": 98.0,
                    "48": 98.0,
                    "49": 98.0,
                    "50": 98.0,
                    "51": 98.0,
                    "52": 98.0,
                    "53": 98.0,
                    "54": 98.0,
                    "55": 98.0,
                    "56": 98.0,
                    "57": 97.0,
                    "58": 97.0,
                    "59": 97.0,
                    "60": 97.0,
                    "61": 97.0,
                    "62": 97.0,
                    "63": 97.0,
                    "64": 97.0,
                    "65": 97.0,
                    "66": 97.0,
                    "67": 97.0,
                    "68": 97.0,
                    "69": 97.0,
                    "70": 97.0,
                    "71": 97.0,
                    "72": 97.0,
                    "73": 97.0,
                    "74": 97.0,
                    "75": 97.0,
                    "76": 97.0,
                    "77": 97.0,
                    "78": 97.0,
                    "79": 97.0,
                    "80": 97.0,
                    "81": 97.0,
                    "82": 97.0,
                    "83": 97.0,
                    "84": 97.0,
                    "85": 97.0,
                    "86": 97.0,
                    "87": 97.0,
                    "88": 97.0,
                    "89": 97.0,
                    "90": 97.0,
                    "91": 97.0,
                    "92": 97.0,
                    "93": 97.0,
                    "94": 97.0,
                    "95": 97.0,
                    "96": 97.0,
                    "97": 97.0,
                    "98": 97.0,
                    "99": 97.0,
                    "100": 97.0,
                    "101": 97.0,
                    "102": 97.0,
                    "103": 97.0,
                    "104": 97.0,
                    "105": 97.0,
                    "106": 97.0,
                    "107": 97.0,
                    "108": 97.0,
                    "109": 97.0,
                    "110": 97.0,
                    "111": 97.0,
                    "112": 97.0,
                    "113": 97.0,
                    "114": 97.0,
                    "115": 97.0,
                    "116": 97.0,
                    "117": 97.0,
                    "118": 97.0,
                    "119": 97.0,
                    "120": 97.0
                }
            },
            {
                "summaryType": "rmssd_hrv",
                "avgValue": 67.0
            },
            {
                "summaryType": "sdrr_hrv",
                "avgValue": 70.0
            }
        ]
    },
    {
        "userId": "49d85c6a-b8f8-4787-95fa-f145553e59a9",
        "userAccessToken": "7b64f2c3-1572-407f-ac1a-ea3ef127ff2c",
        "summaryId": "x45dba26-671287f60fd3d87b-c15d-4518-9ef4-650a758c761378",
        "calendarDate": "2024-10-18",
        "startTimeInSeconds": 1729267702,
        "durationInSeconds": 120,
        "startTimeOffsetInSeconds": 7254,
        "summaries": [
            {
                "summaryType": "heart_rate",
                "minValue": 56.0,
                "maxValue": 75.0,
                "avgValue": 60.0,
                "epochSummaries": {
                    "0": 75.0,
                    "1": 75.0,
                    "2": 75.0,
                    "3": 75.0,
                    "4": 75.0,
                    "5": 75.0,
                    "6": 75.0,
                    "7": 75.0,
                    "8": 75.0,
                    "9": 74.0,
                    "10": 70.0,
                    "11": 65.0,
                    "12": 60.0,
                    "13": 59.0,
                    "14": 59.0,
                    "15": 59.0,
                    "16": 59.0,
                    "17": 60.0,
                    "18": 60.0,
                    "19": 60.0,
                    "20": 60.0,
                    "21": 60.0,
                    "22": 60.0,
                    "23": 60.0,
                    "24": 59.0,
                    "25": 59.0,
                    "26": 58.0,
                    "27": 58.0,
                    "28": 58.0,
                    "29": 59.0,
                    "30": 59.0,
                    "31": 59.0,
                    "32": 59.0,
                    "33": 59.0,
                    "34": 59.0,
                    "35": 58.0,
                    "36": 58.0,
                    "37": 57.0,
                    "38": 56.0,
                    "39": 56.0,
                    "40": 56.0,
                    "41": 56.0,
                    "42": 56.0,
                    "43": 57.0,
                    "44": 57.0,
                    "45": 57.0,
                    "46": 57.0,
                    "47": 57.0,
                    "48": 57.0,
                    "49": 58.0,
                    "50": 58.0,
                    "51": 59.0,
                    "52": 59.0,
                    "53": 59.0,
                    "54": 58.0,
                    "55": 58.0,
                    "56": 58.0,
                    "57": 58.0,
                    "58": 59.0,
                    "59": 59.0,
                    "60": 59.0,
                    "61": 59.0,
                    "62": 59.0,
                    "63": 59.0,
                    "64": 59.0,
                    "65": 59.0,
                    "66": 59.0,
                    "67": 59.0,
                    "68": 59.0,
                    "69": 59.0,
                    "70": 59.0,
                    "71": 59.0,
                    "72": 59.0,
                    "73": 59.0,
                    "74": 58.0,
                    "75": 58.0,
                    "76": 57.0,
                    "77": 57.0,
                    "78": 56.0,
                    "79": 56.0,
                    "80": 56.0,
                    "81": 57.0,
                    "82": 58.0,
                    "83": 58.0,
                    "84": 59.0,
                    "85": 59.0,
                    "86": 59.0,
                    "87": 59.0,
                    "88": 59.0,
                    "89": 59.0,
                    "90": 59.0,
                    "91": 59.0,
                    "92": 59.0,
                    "93": 59.0,
                    "94": 59.0,
                    "95": 59.0,
                    "96": 59.0,
                    "97": 59.0,
                    "98": 59.0,
                    "99": 59.0,
                    "100": 60.0,
                    "101": 60.0,
                    "102": 60.0,
                    "103": 60.0,
                    "104": 60.0,
                    "105": 61.0,
                    "106": 61.0,
                    "107": 61.0,
                    "108": 61.0,
                    "109": 61.0,
                    "110": 61.0,
                    "111": 61.0,
                    "112": 60.0,
                    "113": 60.0,
                    "114": 60.0,
                    "115": 60.0,
                    "116": 60.0,
                    "117": 59.0,
                    "118": 59.0,
                    "119": 59.0,
                    "120": 59.0
                }
            },
            {
                "summaryType": "respiration",
                "minValue": 12.710000038146973,
                "maxValue": 14.130000114440918,
                "avgValue": 13.449999809265137,
                "epochSummaries": {
                    "0": 12.989999771118164,
                    "1": 12.989999771118164,
                    "2": 12.989999771118164,
                    "3": 12.989999771118164,
                    "4": 12.989999771118164,
                    "5": 12.989999771118164,
                    "6": 12.989999771118164,
                    "7": 12.989999771118164,
                    "8": 13.09000015258789,
                    "9": 13.170000076293945,
                    "10": 13.170000076293945,
                    "11": 13.170000076293945,
                    "12": 13.170000076293945,
                    "13": 13.350000381469727,
                    "14": 13.350000381469727,
                    "15": 13.350000381469727,
                    "16": 13.350000381469727,
                    "17": 13.350000381469727,
                    "18": 13.350000381469727,
                    "19": 13.34000015258789,
                    "20": 13.34000015258789,
                    "21": 13.34000015258789,
                    "22": 13.3100004196167,
                    "23": 13.3100004196167,
                    "24": 13.3100004196167,
                    "25": 13.3100004196167,
                    "26": 13.3100004196167,
                    "27": 13.420000076293945,
                    "28": 13.420000076293945,
                    "29": 13.420000076293945,
                    "30": 13.420000076293945,
                    "31": 13.420000076293945,
                    "32": 13.420000076293945,
                    "33": 13.420000076293945,
                    "34": 13.420000076293945,
                    "35": 13.420000076293945,
                    "36": 13.069999694824219,
                    "37": 13.079999923706055,
                    "38": 13.079999923706055,
                    "39": 13.079999923706055,
                    "40": 13.079999923706055,
                    "41": 13.079999923706055,
                    "42": 13.079999923706055,
                    "43": 12.850000381469727,
                    "44": 12.850000381469727,
                    "45": 12.850000381469727,
                    "46": 12.850000381469727,
                    "47": 12.850000381469727,
                    "48": 13.140000343322754,
                    "49": 13.140000343322754,
                    "50": 13.140000343322754,
                    "51": 13.140000343322754,
                    "52": 12.710000038146973,
                    "53": 12.710000038146973,
                    "54": 12.710000038146973,
                    "55": 12.710000038146973,
                    "56": 12.710000038146973,
                    "57": 12.710000038146973,
                    "58": 13.460000038146973,
                    "59": 13.460000038146973,
                    "60": 13.460000038146973,
                    "61": 13.460000038146973,
                    "62": 13.609999656677246,
                    "63": 13.609999656677246,
                    "64": 13.609999656677246,
                    "65": 13.609999656677246,
                    "66": 13.609999656677246,
                    "67": 13.529999732971191,
                    "68": 13.529999732971191,
                    "69": 13.529999732971191,
                    "70": 13.529999732971191,
                    "71": 13.529999732971191,
                    "72": 13.529999732971191,
                    "73": 13.529999732971191,
                    "74": 13.699999809265137,
                    "75": 13.699999809265137,
                    "76": 13.699999809265137,
                    "77": 13.699999809265137,
                    "78": 13.699999809265137,
                    "79": 13.489999771118164,
                    "80": 13.489999771118164,
                    "81": 13.449999809265137,
                    "82": 13.449999809265137,
                    "83": 13.449999809265137,
                    "84": 13.449999809265137,
                    "85": 13.449999809265137,
                    "86": 13.449999809265137,
                    "87": 13.609999656677246,
                    "88": 13.779999732971191,
                    "89": 13.779999732971191,
                    "90": 13.779999732971191,
                    "91": 13.779999732971191,
                    "92": 13.779999732971191,
                    "93": 13.6899995803833,
                    "94": 13.6899995803833,
                    "95": 13.6899995803833,
                    "96": 13.6899995803833,
                    "97": 13.6899995803833,
                    "98": 13.6899995803833,
                    "99": 13.850000381469727,
                    "100": 13.850000381469727,
                    "101": 13.850000381469727,
                    "102": 13.850000381469727,
                    "103": 13.850000381469727,
                    "104": 13.850000381469727,
                    "105": 14.0,
                    "106": 14.0,
                    "107": 14.0,
                    "108": 14.0,
                    "109": 14.130000114440918,
                    "110": 14.130000114440918,
                    "111": 14.130000114440918,
                    "112": 14.130000114440918,
                    "113": 14.130000114440918,
                    "114": 14.130000114440918,
                    "115": 14.130000114440918,
                    "116": 14.130000114440918,
                    "117": 13.989999771118164,
                    "118": 13.989999771118164,
                    "119": 13.989999771118164,
                    "120": 14.039999961853027
                }
            },
            {
                "summaryType": "stress",
                "minValue": 15.0,
                "maxValue": 34.0,
                "avgValue": 21.0,
                "epochSummaries": {
                    "0": 30.0,
                    "1": 30.0,
                    "2": 30.0,
                    "3": 32.0,
                    "4": 32.0,
                    "5": 32.0,
                    "6": 32.0,
                    "7": 32.0,
                    "8": 32.0,
                    "9": 32.0,
                    "10": 32.0,
                    "11": 32.0,
                    "12": 32.0,
                    "13": 34.0,
                    "14": 34.0,
                    "15": 34.0,
                    "16": 34.0,
                    "17": 34.0,
                    "18": 31.0,
                    "19": 31.0,
                    "20": 31.0,
                    "21": 31.0,
                    "22": 31.0,
                    "23": 25.0,
                    "24": 25.0,
                    "25": 25.0,
                    "26": 25.0,
                    "27": 25.0,
                    "28": 23.0,
                    "29": 23.0,
                    "30": 23.0,
                    "31": 23.0,
                    "32": 23.0,
                    "33": 22.0,
                    "34": 22.0,
                    "35": 22.0,
                    "36": 22.0,
                    "37": 22.0,
                    "38": 21.0,
                    "39": 21.0,
                    "40": 21.0,
                    "41": 21.0,
                    "42": 21.0,
                    "43": 20.0,
                    "44": 20.0,
                    "45": 20.0,
                    "46": 20.0,
                    "47": 20.0,
                    "48": 19.0,
                    "49": 19.0,
                    "50": 19.0,
                    "51": 19.0,
                    "52": 19.0,
                    "53": 19.0,
                    "54": 19.0,
                    "55": 19.0,
                    "56": 19.0,
                    "57": 19.0,
                    "58": 18.0,
                    "59": 18.0,
                    "60": 18.0,
                    "61": 18.0,
                    "62": 18.0,
                    "63": 17.0,
                    "64": 17.0,
                    "65": 17.0,
                    "66": 17.0,
                    "67": 17.0,
                    "68": 15.0,
                    "69": 15.0,
                    "70": 15.0,
                    "71": 15.0,
                    "72": 15.0,
                    "73": 15.0,
                    "74": 15.0,
                    "75": 15.0,
                    "76": 15.0,
                    "77": 15.0,
                    "78": 15.0,
                    "79": 15.0,
                    "80": 15.0,
                    "81": 15.0,
                    "82": 15.0,
                    "83": 16.0,
                    "84": 16.0,
                    "85": 16.0,
                    "86": 16.0,
                    "87": 16.0,
                    "88": 16.0,
                    "89": 16.0,
                    "90": 16.0,
                    "91": 16.0,
                    "92": 16.0,
                    "93": 16.0,
                    "94": 16.0,
                    "95": 16.0,
                    "96": 16.0,
                    "97": 16.0,
                    "98": 17.0,
                    "99": 17.0,
                    "100": 17.0,
                    "101": 17.0,
                    "102": 17.0,
                    "103": 17.0,
                    "104": 17.0,
                    "105": 17.0,
                    "106": 17.0,
                    "107": 17.0,
                    "108": 19.0,
                    "109": 19.0,
                    "110": 19.0,
                    "111": 19.0,
                    "112": 19.0,
                    "113": 20.0,
                    "114": 20.0,
                    "115": 20.0,
                    "116": 20.0,
                    "117": 20.0,
                    "118": 20.0,
                    "119": 20.0,
                    "120": 20.0
                }
            },
            {
                "summaryType": "spo2",
                "minValue": 96.0,
                "maxValue": 99.0,
                "avgValue": 97.0,
                "epochSummaries": {
                    "0": 99.0,
                    "1": 99.0,
                    "2": 99.0,
                    "3": 99.0,
                    "4": 99.0,
                    "5": 99.0,
                    "6": 99.0,
                    "7": 99.0,
                    "8": 99.0,
                    "9": 99.0,
                    "10": 99.0,
                    "11": 99.0,
                    "12": 99.0,
                    "13": 99.0,
                    "14": 99.0,
                    "15": 99.0,
                    "16": 99.0,
                    "17": 99.0,
                    "18": 99.0,
                    "19": 99.0,
                    "20": 99.0,
                    "21": 99.0,
                    "22": 99.0,
                    "23": 99.0,
                    "24": 98.0,
                    "25": 98.0,
                    "26": 97.0,
                    "27": 97.0,
                    "28": 97.0,
                    "29": 97.0,
                    "30": 97.0,
                    "31": 97.0,
                    "32": 97.0,
                    "33": 97.0,
                    "34": 97.0,
                    "35": 97.0,
                    "36": 97.0,
                    "37": 97.0,
                    "38": 97.0,
                    "39": 97.0,
                    "40": 97.0,
                    "41": 97.0,
                    "42": 97.0,
                    "43": 97.0,
                    "44": 97.0,
                    "45": 97.0,
                    "46": 97.0,
                    "47": 97.0,
                    "48": 97.0,
                    "49": 97.0,
                    "50": 97.0,
                    "51": 97.0,
                    "52": 97.0,
                    "53": 97.0,
                    "54": 97.0,
                    "55": 97.0,
                    "56": 97.0,
                    "57": 97.0,
                    "58": 97.0,
                    "59": 97.0,
                    "60": 97.0,
                    "61": 97.0,
                    "62": 97.0,
                    "63": 97.0,
                    "64": 97.0,
                    "65": 97.0,
                    "66": 97.0,
                    "67": 97.0,
                    "68": 97.0,
                    "69": 97.0,
                    "70": 97.0,
                    "71": 96.0,
                    "72": 96.0,
                    "73": 96.0,
                    "74": 96.0,
                    "75": 96.0,
                    "76": 96.0,
                    "77": 96.0,
                    "78": 96.0,
                    "79": 96.0,
                    "80": 96.0,
                    "81": 96.0,
                    "82": 96.0,
                    "83": 96.0,
                    "84": 96.0,
                    "85": 97.0,
                    "86": 97.0,
                    "87": 97.0,
                    "88": 97.0,
                    "89": 97.0,
                    "90": 97.0,
                    "91": 97.0,
                    "92": 97.0,
                    "93": 97.0,
                    "94": 97.0,
                    "95": 97.0,
                    "96": 97.0,
                    "97": 97.0,
                    "98": 97.0,
                    "99": 97.0,
                    "100": 97.0,
                    "101": 97.0,
                    "102": 97.0,
                    "103": 97.0,
                    "104": 97.0,
                    "105": 97.0,
                    "106": 97.0,
                    "107": 97.0,
                    "108": 97.0,
                    "109": 97.0,
                    "110": 97.0,
                    "111": 97.0,
                    "112": 97.0,
                    "113": 97.0,
                    "114": 97.0,
                    "115": 97.0,
                    "116": 97.0,
                    "117": 97.0,
                    "118": 97.0,
                    "119": 97.0,
                    "120": 97.0
                }
            },
            {
                "summaryType": "rmssd_hrv",
                "avgValue": 62.0
            },
            {
                "summaryType": "sdrr_hrv",
                "avgValue": 79.0
            }
        ]
    },
    {
        "userId": "49d85c6a-b8f8-4787-95fa-f145553e59a9",
        "userAccessToken": "7b64f2c3-1572-407f-ac1a-ea3ef127ff2c",
        "summaryId": "x45dba26-671288988b645b38-43df-420f-9cda-233c18ccb24678",
        "calendarDate": "2024-10-18",
        "startTimeInSeconds": 1729267864,
        "durationInSeconds": 120,
        "startTimeOffsetInSeconds": 7254,
        "summaries": [
            {
                "summaryType": "heart_rate",
                "minValue": 55.0,
                "maxValue": 65.0,
                "avgValue": 59.0,
                "epochSummaries": {
                    "0": 61.0,
                    "1": 60.0,
                    "2": 61.0,
                    "3": 61.0,
                    "4": 61.0,
                    "5": 61.0,
                    "6": 62.0,
                    "7": 62.0,
                    "8": 63.0,
                    "9": 64.0,
                    "10": 64.0,
                    "11": 64.0,
                    "12": 64.0,
                    "13": 64.0,
                    "14": 64.0,
                    "15": 62.0,
                    "16": 61.0,
                    "17": 60.0,
                    "18": 60.0,
                    "19": 59.0,
                    "20": 59.0,
                    "21": 58.0,
                    "22": 58.0,
                    "23": 58.0,
                    "24": 58.0,
                    "25": 58.0,
                    "26": 58.0,
                    "27": 57.0,
                    "28": 57.0,
                    "29": 56.0,
                    "30": 56.0,
                    "31": 56.0,
                    "32": 57.0,
                    "33": 57.0,
                    "34": 57.0,
                    "35": 57.0,
                    "36": 57.0,
                    "37": 57.0,
                    "38": 57.0,
                    "39": 57.0,
                    "40": 57.0,
                    "41": 57.0,
                    "42": 57.0,
                    "43": 57.0,
                    "44": 57.0,
                    "45": 57.0,
                    "46": 57.0,
                    "47": 57.0,
                    "48": 57.0,
                    "49": 58.0,
                    "50": 57.0,
                    "51": 57.0,
                    "52": 57.0,
                    "53": 57.0,
                    "54": 56.0,
                    "55": 55.0,
                    "56": 55.0,
                    "57": 55.0,
                    "58": 55.0,
                    "59": 56.0,
                    "60": 56.0,
                    "61": 56.0,
                    "62": 56.0,
                    "63": 56.0,
                    "64": 56.0,
                    "65": 57.0,
                    "66": 57.0,
                    "67": 57.0,
                    "68": 57.0,
                    "69": 57.0,
                    "70": 57.0,
                    "71": 57.0,
                    "72": 57.0,
                    "73": 57.0,
                    "74": 58.0,
                    "75": 58.0,
                    "76": 59.0,
                    "77": 59.0,
                    "78": 60.0,
                    "79": 60.0,
                    "80": 60.0,
                    "81": 59.0,
                    "82": 59.0,
                    "83": 59.0,
                    "84": 59.0,
                    "85": 59.0,
                    "86": 59.0,
                    "87": 59.0,
                    "88": 59.0,
                    "89": 60.0,
                    "90": 60.0,
                    "91": 60.0,
                    "92": 61.0,
                    "93": 62.0,
                    "94": 63.0,
                    "95": 64.0,
                    "96": 64.0,
                    "97": 65.0,
                    "98": 64.0,
                    "99": 64.0,
                    "100": 63.0,
                    "101": 62.0,
                    "102": 62.0,
                    "103": 60.0,
                    "104": 58.0,
                    "105": 58.0,
                    "106": 58.0,
                    "107": 58.0,
                    "108": 57.0,
                    "109": 58.0,
                    "110": 58.0,
                    "111": 58.0,
                    "112": 57.0,
                    "113": 57.0,
                    "114": 58.0,
                    "115": 58.0,
                    "116": 59.0,
                    "117": 61.0,
                    "118": 62.0,
                    "119": 62.0,
                    "120": 62.0
                }
            },
            {
                "summaryType": "respiration",
                "minValue": 12.710000038146973,
                "maxValue": 14.779999732971191,
                "avgValue": 14.210000038146973,
                "epochSummaries": {
                    "0": 14.289999961853027,
                    "1": 14.289999961853027,
                    "2": 14.420000076293945,
                    "3": 14.510000228881836,
                    "4": 14.510000228881836,
                    "5": 14.510000228881836,
                    "6": 14.510000228881836,
                    "7": 14.510000228881836,
                    "8": 14.510000228881836,
                    "9": 14.510000228881836,
                    "10": 14.510000228881836,
                    "11": 14.5600004196167,
                    "12": 14.319999694824219,
                    "13": 14.319999694824219,
                    "14": 14.319999694824219,
                    "15": 14.319999694824219,
                    "16": 14.390000343322754,
                    "17": 14.390000343322754,
                    "18": 14.390000343322754,
                    "19": 14.390000343322754,
                    "20": 14.390000343322754,
                    "21": 14.390000343322754,
                    "22": 14.15999984741211,
                    "23": 14.15999984741211,
                    "24": 14.15999984741211,
                    "25": 14.15999984741211,
                    "26": 14.15999984741211,
                    "27": 14.199999809265137,
                    "28": 14.199999809265137,
                    "29": 14.199999809265137,
                    "30": 14.199999809265137,
                    "31": 14.199999809265137,
                    "32": 14.020000457763672,
                    "33": 14.020000457763672,
                    "34": 14.020000457763672,
                    "35": 14.020000457763672,
                    "36": 14.020000457763672,
                    "37": 14.020000457763672,
                    "38": 14.0,
                    "39": 14.15999984741211,
                    "40": 14.15999984741211,
                    "41": 14.15999984741211,
                    "42": 14.15999984741211,
                    "43": 14.15999984741211,
                    "44": 14.15999984741211,
                    "45": 14.15999984741211,
                    "46": 14.15999984741211,
                    "47": 14.15999984741211,
                    "48": 14.15999984741211,
                    "49": 14.15999984741211,
                    "50": 14.529999732971191,
                    "51": 14.6899995803833,
                    "52": 14.6899995803833,
                    "53": 14.6899995803833,
                    "54": 14.779999732971191,
                    "55": 14.779999732971191,
                    "56": 14.779999732971191,
                    "57": 14.779999732971191,
                    "58": 14.779999732971191,
                    "59": 14.779999732971191,
                    "60": 14.779999732971191,
                    "61": 14.779999732971191,
                    "62": 14.779999732971191,
                    "63": 14.779999732971191,
                    "64": 14.779999732971191,
                    "65": 14.779999732971191,
                    "66": 14.779999732971191,
                    "67": 14.779999732971191,
                    "68": 14.779999732971191,
                    "69": 14.779999732971191,
                    "70": 14.779999732971191,
                    "71": 14.779999732971191,
                    "72": 14.779999732971191,
                    "73": 14.779999732971191,
                    "74": 14.779999732971191,
                    "75": 14.279999732971191,
                    "76": 14.279999732971191,
                    "77": 14.279999732971191,
                    "78": 14.40999984741211,
                    "79": 14.40999984741211,
                    "80": 14.40999984741211,
                    "81": 14.40999984741211,
                    "82": 14.40999984741211,
                    "83": 14.40999984741211,
                    "84": 14.40999984741211,
                    "85": 14.40999984741211,
                    "86": 14.40999984741211,
                    "87": 14.40999984741211,
                    "88": 13.90999984741211,
                    "89": 13.880000114440918,
                    "90": 13.880000114440918,
                    "91": 13.880000114440918,
                    "92": 13.880000114440918,
                    "93": 13.880000114440918,
                    "94": 13.880000114440918,
                    "95": 13.84000015258789,
                    "96": 13.84000015258789,
                    "97": 13.84000015258789,
                    "98": 13.84000015258789,
                    "99": 13.84000015258789,
                    "100": 13.569999694824219,
                    "101": 13.569999694824219,
                    "102": 13.569999694824219,
                    "103": 13.569999694824219,
                    "104": 13.569999694824219,
                    "105": 13.569999694824219,
                    "106": 13.569999694824219,
                    "107": 13.569999694824219,
                    "108": 13.569999694824219,
                    "109": 13.569999694824219,
                    "110": 13.569999694824219,
                    "111": 13.569999694824219,
                    "112": 13.569999694824219,
                    "113": 13.569999694824219,
                    "114": 13.569999694824219,
                    "115": 13.569999694824219,
                    "116": 13.569999694824219,
                    "117": 13.569999694824219,
                    "118": 13.569999694824219,
                    "119": 13.569999694824219,
                    "120": 12.710000038146973
                }
            },
            {
                "summaryType": "stress",
                "minValue": 17.0,
                "maxValue": 27.0,
                "avgValue": 20.0,
                "epochSummaries": {
                    "0": 27.0,
                    "1": 25.0,
                    "2": 25.0,
                    "3": 25.0,
                    "4": 25.0,
                    "5": 25.0,
                    "6": 24.0,
                    "7": 24.0,
                    "8": 24.0,
                    "9": 24.0,
                    "10": 24.0,
                    "11": 23.0,
                    "12": 23.0,
                    "13": 23.0,
                    "14": 23.0,
                    "15": 23.0,
                    "16": 22.0,
                    "17": 22.0,
                    "18": 22.0,
                    "19": 22.0,
                    "20": 22.0,
                    "21": 20.0,
                    "22": 20.0,
                    "23": 20.0,
                    "24": 20.0,
                    "25": 20.0,
                    "26": 18.0,
                    "27": 18.0,
                    "28": 18.0,
                    "29": 18.0,
                    "30": 18.0,
                    "31": 17.0,
                    "32": 17.0,
                    "33": 17.0,
                    "34": 17.0,
                    "35": 17.0,
                    "36": 17.0,
                    "37": 17.0,
                    "38": 17.0,
                    "39": 17.0,
                    "40": 17.0,
                    "41": 17.0,
                    "42": 17.0,
                    "43": 17.0,
                    "44": 17.0,
                    "45": 17.0,
                    "46": 18.0,
                    "47": 18.0,
                    "48": 18.0,
                    "49": 18.0,
                    "50": 18.0,
                    "51": 18.0,
                    "52": 18.0,
                    "53": 18.0,
                    "54": 18.0,
                    "55": 18.0,
                    "56": 20.0,
                    "57": 20.0,
                    "58": 20.0,
                    "59": 20.0,
                    "60": 20.0,
                    "61": 20.0,
                    "62": 20.0,
                    "63": 20.0,
                    "64": 20.0,
                    "65": 20.0,
                    "66": 20.0,
                    "67": 20.0,
                    "68": 20.0,
                    "69": 20.0,
                    "70": 20.0,
                    "71": 20.0,
                    "72": 20.0,
                    "73": 20.0,
                    "74": 20.0,
                    "75": 20.0,
                    "76": 20.0,
                    "77": 20.0,
                    "78": 20.0,
                    "79": 20.0,
                    "80": 20.0,
                    "81": 20.0,
                    "82": 20.0,
                    "83": 20.0,
                    "84": 20.0,
                    "85": 20.0,
                    "86": 19.0,
                    "87": 19.0,
                    "88": 19.0,
                    "89": 19.0,
                    "90": 19.0,
                    "91": 20.0,
                    "92": 20.0,
                    "93": 20.0,
                    "94": 20.0,
                    "95": 20.0,
                    "96": 18.0,
                    "97": 18.0,
                    "98": 18.0,
                    "99": 18.0,
                    "100": 18.0,
                    "101": 18.0,
                    "102": 18.0,
                    "103": 18.0,
                    "104": 18.0,
                    "105": 18.0,
                    "106": 21.0,
                    "107": 21.0,
                    "108": 21.0,
                    "109": 21.0,
                    "110": 21.0,
                    "111": 21.0,
                    "112": 21.0,
                    "113": 21.0,
                    "114": 21.0,
                    "115": 21.0,
                    "116": 20.0,
                    "117": 20.0,
                    "118": 20.0,
                    "119": 20.0,
                    "120": 20.0
                }
            },
            {
                "summaryType": "spo2",
                "minValue": 97.0,
                "maxValue": 97.0,
                "avgValue": 97.0,
                "epochSummaries": {
                    "1": 97.0,
                    "2": 97.0,
                    "3": 97.0,
                    "4": 97.0,
                    "5": 97.0,
                    "6": 97.0,
                    "7": 97.0,
                    "8": 97.0,
                    "9": 97.0,
                    "10": 97.0,
                    "11": 97.0,
                    "12": 97.0,
                    "13": 97.0,
                    "14": 97.0,
                    "15": 97.0,
                    "16": 97.0,
                    "17": 97.0,
                    "18": 97.0,
                    "19": 97.0,
                    "20": 97.0,
                    "21": 97.0,
                    "22": 97.0,
                    "23": 97.0,
                    "24": 97.0,
                    "25": 97.0,
                    "26": 97.0,
                    "27": 97.0,
                    "28": 97.0,
                    "29": 97.0,
                    "30": 97.0,
                    "31": 97.0,
                    "32": 97.0,
                    "33": 97.0,
                    "34": 97.0,
                    "35": 97.0,
                    "36": 97.0,
                    "37": 97.0,
                    "38": 97.0,
                    "39": 97.0,
                    "40": 97.0,
                    "41": 97.0,
                    "42": 97.0,
                    "43": 97.0,
                    "44": 97.0,
                    "45": 97.0,
                    "46": 97.0,
                    "47": 97.0,
                    "48": 97.0,
                    "49": 97.0,
                    "50": 97.0,
                    "51": 97.0,
                    "52": 97.0,
                    "53": 97.0,
                    "54": 97.0,
                    "55": 97.0,
                    "56": 97.0,
                    "57": 97.0,
                    "58": 97.0,
                    "59": 97.0,
                    "60": 97.0,
                    "61": 97.0,
                    "62": 97.0,
                    "63": 97.0,
                    "64": 97.0,
                    "65": 97.0,
                    "66": 97.0,
                    "67": 97.0,
                    "68": 97.0,
                    "69": 97.0,
                    "70": 97.0,
                    "71": 97.0,
                    "72": 97.0,
                    "73": 97.0,
                    "74": 97.0,
                    "75": 97.0,
                    "76": 97.0,
                    "77": 97.0,
                    "78": 97.0,
                    "79": 97.0,
                    "80": 97.0,
                    "81": 97.0,
                    "82": 97.0,
                    "83": 97.0,
                    "84": 97.0,
                    "85": 97.0,
                    "86": 97.0,
                    "87": 97.0,
                    "88": 97.0,
                    "89": 97.0,
                    "90": 97.0,
                    "91": 97.0,
                    "92": 97.0,
                    "93": 97.0,
                    "94": 97.0,
                    "95": 97.0,
                    "96": 97.0,
                    "97": 97.0,
                    "98": 97.0,
                    "99": 97.0,
                    "100": 97.0,
                    "101": 97.0,
                    "102": 97.0,
                    "103": 97.0,
                    "104": 97.0,
                    "105": 97.0,
                    "106": 97.0,
                    "107": 97.0,
                    "108": 97.0,
                    "109": 97.0,
                    "110": 97.0,
                    "111": 97.0,
                    "112": 97.0,
                    "113": 97.0,
                    "114": 97.0,
                    "115": 97.0,
                    "116": 97.0,
                    "117": 97.0,
                    "118": 97.0,
                    "119": 97.0,
                    "120": 97.0
                }
            },
            {
                "summaryType": "rmssd_hrv",
                "avgValue": 62.0
            },
            {
                "summaryType": "sdrr_hrv",
                "avgValue": 67.0
            }
        ]
    },
    {
        "userId": "49d85c6a-b8f8-4787-95fa-f145553e59a9",
        "userAccessToken": "7b64f2c3-1572-407f-ac1a-ea3ef127ff2c",
        "summaryId": "x45dba26-6712d8628d447db4-49ec-4a4f-8839-45a96807a91f78",
        "calendarDate": "2024-10-18",
        "startTimeInSeconds": 1729288290,
        "durationInSeconds": 120,
        "startTimeOffsetInSeconds": 7254,
        "summaries": [
            {
                "summaryType": "heart_rate",
                "minValue": 72.0,
                "maxValue": 109.0,
                "avgValue": 92.0,
                "epochSummaries": {
                    "0": 97.0,
                    "1": 97.0,
                    "2": 97.0,
                    "3": 97.0,
                    "4": 98.0,
                    "5": 99.0,
                    "6": 103.0,
                    "7": 106.0,
                    "8": 108.0,
                    "9": 107.0,
                    "10": 105.0,
                    "11": 104.0,
                    "12": 103.0,
                    "13": 103.0,
                    "14": 104.0,
                    "15": 106.0,
                    "16": 105.0,
                    "17": 106.0,
                    "18": 108.0,
                    "19": 109.0,
                    "20": 108.0,
                    "21": 108.0,
                    "22": 108.0,
                    "23": 108.0,
                    "24": 108.0,
                    "25": 105.0,
                    "26": 96.0,
                    "27": 88.0,
                    "28": 84.0,
                    "29": 79.0,
                    "30": 76.0,
                    "31": 75.0,
                    "32": 75.0,
                    "33": 74.0,
                    "34": 73.0,
                    "35": 72.0,
                    "36": 72.0,
                    "37": 72.0,
                    "38": 72.0,
                    "39": 72.0,
                    "40": 72.0,
                    "41": 73.0,
                    "42": 75.0,
                    "43": 78.0,
                    "44": 79.0,
                    "45": 82.0,
                    "46": 85.0,
                    "47": 88.0,
                    "48": 89.0,
                    "49": 90.0,
                    "50": 91.0,
                    "51": 91.0,
                    "52": 84.0,
                    "53": 85.0,
                    "54": 87.0,
                    "55": 88.0,
                    "56": 90.0,
                    "57": 93.0,
                    "58": 99.0,
                    "59": 99.0,
                    "60": 99.0,
                    "61": 99.0,
                    "62": 98.0,
                    "63": 96.0,
                    "64": 94.0,
                    "65": 94.0,
                    "66": 93.0,
                    "67": 94.0,
                    "68": 95.0,
                    "69": 95.0,
                    "70": 95.0,
                    "71": 94.0,
                    "72": 93.0,
                    "73": 92.0,
                    "74": 91.0,
                    "75": 89.0,
                    "76": 86.0,
                    "77": 84.0,
                    "78": 83.0,
                    "79": 83.0,
                    "80": 83.0,
                    "81": 84.0,
                    "82": 86.0,
                    "83": 87.0,
                    "84": 88.0,
                    "85": 89.0,
                    "86": 88.0,
                    "87": 88.0,
                    "88": 88.0,
                    "89": 88.0,
                    "90": 88.0,
                    "91": 89.0,
                    "92": 91.0,
                    "93": 93.0,
                    "94": 99.0,
                    "95": 99.0,
                    "96": 100.0,
                    "97": 99.0,
                    "98": 99.0,
                    "99": 98.0,
                    "100": 98.0,
                    "101": 97.0,
                    "102": 97.0,
                    "103": 97.0,
                    "104": 96.0,
                    "105": 96.0,
                    "106": 96.0,
                    "107": 96.0,
                    "108": 96.0,
                    "109": 95.0,
                    "110": 94.0,
                    "111": 92.0,
                    "112": 92.0,
                    "113": 91.0,
                    "114": 91.0,
                    "115": 91.0,
                    "116": 91.0,
                    "117": 90.0,
                    "118": 89.0,
                    "119": 88.0,
                    "120": 87.0
                }
            },
            {
                "summaryType": "respiration",
                "minValue": 13.65999984741211,
                "maxValue": 16.049999237060547,
                "avgValue": 15.170000076293945,
                "epochSummaries": {
                    "0": 15.140000343322754,
                    "1": 15.140000343322754,
                    "2": 15.140000343322754,
                    "3": 15.140000343322754,
                    "4": 15.140000343322754,
                    "5": 14.819999694824219,
                    "6": 14.819999694824219,
                    "7": 14.819999694824219,
                    "8": 14.819999694824219,
                    "9": 14.9399995803833,
                    "10": 14.9399995803833,
                    "11": 15.329999923706055,
                    "12": 15.329999923706055,
                    "13": 15.329999923706055,
                    "14": 15.329999923706055,
                    "15": 15.329999923706055,
                    "16": 15.289999961853027,
                    "17": 15.289999961853027,
                    "18": 15.289999961853027,
                    "19": 15.289999961853027,
                    "20": 15.170000076293945,
                    "21": 15.170000076293945,
                    "22": 15.170000076293945,
                    "23": 15.170000076293945,
                    "24": 15.170000076293945,
                    "25": 15.109999656677246,
                    "26": 15.109999656677246,
                    "27": 15.109999656677246,
                    "28": 15.109999656677246,
                    "29": 15.109999656677246,
                    "30": 14.930000305175781,
                    "31": 14.930000305175781,
                    "32": 14.930000305175781,
                    "33": 14.930000305175781,
                    "34": 14.930000305175781,
                    "35": 14.930000305175781,
                    "36": 14.930000305175781,
                    "37": 14.930000305175781,
                    "38": 15.050000190734863,
                    "39": 15.100000381469727,
                    "40": 15.100000381469727,
                    "41": 15.100000381469727,
                    "42": 15.0600004196167,
                    "43": 15.0600004196167,
                    "44": 15.0600004196167,
                    "45": 15.0600004196167,
                    "46": 15.010000228881836,
                    "47": 15.010000228881836,
                    "48": 15.010000228881836,
                    "49": 15.010000228881836,
                    "50": 15.010000228881836,
                    "51": 14.84000015258789,
                    "52": 14.84000015258789,
                    "53": 14.84000015258789,
                    "54": 14.84000015258789,
                    "55": 14.84000015258789,
                    "56": 14.619999885559082,
                    "57": 14.619999885559082,
                    "58": 14.619999885559082,
                    "59": 14.630000114440918,
                    "60": 14.630000114440918,
                    "61": 14.630000114440918,
                    "62": 14.630000114440918,
                    "63": 14.770000457763672,
                    "64": 14.770000457763672,
                    "65": 14.770000457763672,
                    "66": 14.770000457763672,
                    "67": 14.770000457763672,
                    "68": 14.880000114440918,
                    "69": 14.880000114440918,
                    "70": 14.880000114440918,
                    "71": 14.880000114440918,
                    "72": 14.8100004196167,
                    "73": 14.8100004196167,
                    "74": 14.8100004196167,
                    "75": 14.890000343322754,
                    "76": 14.890000343322754,
                    "77": 14.890000343322754,
                    "78": 14.890000343322754,
                    "79": 14.890000343322754,
                    "80": 14.890000343322754,
                    "81": 14.890000343322754,
                    "82": 15.6899995803833,
                    "83": 15.6899995803833,
                    "84": 15.6899995803833,
                    "85": 15.6899995803833,
                    "86": 15.6899995803833,
                    "87": 15.6899995803833,
                    "88": 15.6899995803833,
                    "89": 15.6899995803833,
                    "90": 15.6899995803833,
                    "91": 15.6899995803833,
                    "92": 15.6899995803833,
                    "93": 15.6899995803833,
                    "94": 15.6899995803833,
                    "95": 15.6899995803833,
                    "96": 15.6899995803833,
                    "97": 16.049999237060547,
                    "98": 16.049999237060547,
                    "99": 16.049999237060547,
                    "100": 16.049999237060547,
                    "101": 16.049999237060547,
                    "102": 15.770000457763672,
                    "103": 15.770000457763672,
                    "104": 15.770000457763672,
                    "105": 15.770000457763672,
                    "106": 15.770000457763672,
                    "107": 15.770000457763672,
                    "108": 15.420000076293945,
                    "109": 15.420000076293945,
                    "110": 15.420000076293945,
                    "111": 15.420000076293945,
                    "112": 15.420000076293945,
                    "113": 15.420000076293945,
                    "114": 15.239999771118164,
                    "115": 15.239999771118164,
                    "116": 15.239999771118164,
                    "117": 15.15999984741211,
                    "118": 15.15999984741211,
                    "119": 15.15999984741211,
                    "120": 13.65999984741211
                }
            },
            {
                "summaryType": "stress",
                "minValue": 58.0,
                "maxValue": 93.0,
                "avgValue": 79.0,
                "epochSummaries": {
                    "0": 93.0,
                    "1": 93.0,
                    "2": 93.0,
                    "3": 93.0,
                    "4": 93.0,
                    "5": 93.0,
                    "6": 93.0,
                    "7": 93.0,
                    "8": 93.0,
                    "9": 93.0,
                    "10": 92.0,
                    "11": 92.0,
                    "12": 92.0,
                    "13": 92.0,
                    "14": 92.0,
                    "15": 91.0,
                    "16": 91.0,
                    "17": 91.0,
                    "18": 91.0,
                    "19": 91.0,
                    "20": 91.0,
                    "21": 91.0,
                    "22": 91.0,
                    "23": 91.0,
                    "24": 91.0,
                    "25": 92.0,
                    "26": 92.0,
                    "27": 92.0,
                    "28": 92.0,
                    "29": 92.0,
                    "30": 91.0,
                    "31": 91.0,
                    "32": 91.0,
                    "33": 91.0,
                    "34": 91.0,
                    "35": 87.0,
                    "36": 87.0,
                    "37": 87.0,
                    "38": 87.0,
                    "39": 87.0,
                    "40": 81.0,
                    "41": 81.0,
                    "42": 81.0,
                    "43": 81.0,
                    "44": 81.0,
                    "45": 73.0,
                    "46": 73.0,
                    "47": 73.0,
                    "48": 73.0,
                    "49": 73.0,
                    "50": 67.0,
                    "51": 67.0,
                    "52": 67.0,
                    "53": 67.0,
                    "54": 67.0,
                    "55": 62.0,
                    "56": 62.0,
                    "57": 62.0,
                    "58": 62.0,
                    "59": 62.0,
                    "60": 58.0,
                    "61": 58.0,
                    "62": 58.0,
                    "63": 58.0,
                    "64": 58.0,
                    "65": 59.0,
                    "66": 59.0,
                    "67": 59.0,
                    "68": 59.0,
                    "69": 59.0,
                    "70": 63.0,
                    "71": 63.0,
                    "72": 63.0,
                    "73": 63.0,
                    "74": 63.0,
                    "75": 68.0,
                    "76": 68.0,
                    "77": 68.0,
                    "78": 68.0,
                    "79": 68.0,
                    "80": 72.0,
                    "81": 72.0,
                    "82": 72.0,
                    "83": 72.0,
                    "84": 72.0,
                    "85": 73.0,
                    "86": 73.0,
                    "87": 73.0,
                    "88": 73.0,
                    "89": 73.0,
                    "90": 75.0,
                    "91": 75.0,
                    "92": 75.0,
                    "93": 75.0,
                    "94": 75.0,
                    "95": 78.0,
                    "96": 78.0,
                    "97": 78.0,
                    "98": 78.0,
                    "99": 78.0,
                    "100": 81.0,
                    "101": 81.0,
                    "102": 81.0,
                    "103": 81.0,
                    "104": 81.0,
                    "105": 81.0,
                    "106": 81.0,
                    "107": 81.0,
                    "108": 81.0,
                    "109": 81.0,
                    "110": 83.0,
                    "111": 83.0,
                    "112": 83.0,
                    "113": 83.0,
                    "114": 83.0,
                    "115": 84.0,
                    "116": 84.0,
                    "117": 84.0,
                    "118": 84.0,
                    "119": 84.0,
                    "120": 82.0
                }
            },
            {
                "summaryType": "spo2",
                "minValue": 97.0,
                "maxValue": 97.0,
                "avgValue": 97.0,
                "epochSummaries": {
                    "1": 97.0,
                    "2": 97.0,
                    "3": 97.0,
                    "4": 97.0,
                    "5": 97.0,
                    "6": 97.0,
                    "7": 97.0,
                    "8": 97.0,
                    "9": 97.0,
                    "10": 97.0,
                    "11": 97.0,
                    "12": 97.0,
                    "13": 97.0,
                    "14": 97.0,
                    "15": 97.0,
                    "16": 97.0,
                    "17": 97.0,
                    "18": 97.0,
                    "19": 97.0,
                    "20": 97.0,
                    "21": 97.0,
                    "22": 97.0,
                    "23": 97.0,
                    "24": 97.0,
                    "25": 97.0,
                    "26": 97.0,
                    "27": 97.0,
                    "28": 97.0,
                    "29": 97.0,
                    "30": 97.0,
                    "31": 97.0,
                    "32": 97.0,
                    "33": 97.0,
                    "34": 97.0,
                    "35": 97.0,
                    "36": 97.0,
                    "37": 97.0,
                    "38": 97.0,
                    "39": 97.0,
                    "40": 97.0,
                    "41": 97.0,
                    "42": 97.0,
                    "43": 97.0,
                    "44": 97.0,
                    "45": 97.0,
                    "46": 97.0,
                    "47": 97.0,
                    "48": 97.0,
                    "49": 97.0,
                    "50": 97.0,
                    "51": 97.0,
                    "52": 97.0,
                    "53": 97.0,
                    "54": 97.0,
                    "55": 97.0,
                    "56": 97.0,
                    "57": 97.0,
                    "58": 97.0,
                    "59": 97.0,
                    "60": 97.0,
                    "61": 97.0,
                    "62": 97.0,
                    "63": 97.0,
                    "64": 97.0,
                    "65": 97.0,
                    "66": 97.0,
                    "67": 97.0,
                    "68": 97.0,
                    "69": 97.0,
                    "70": 97.0,
                    "71": 97.0,
                    "72": 97.0,
                    "73": 97.0,
                    "74": 97.0,
                    "75": 97.0,
                    "76": 97.0,
                    "77": 97.0,
                    "78": 97.0,
                    "79": 97.0,
                    "80": 97.0,
                    "81": 97.0,
                    "82": 97.0,
                    "83": 97.0,
                    "84": 97.0,
                    "85": 97.0,
                    "86": 97.0,
                    "87": 97.0,
                    "88": 97.0,
                    "89": 97.0,
                    "90": 97.0,
                    "91": 97.0,
                    "92": 97.0,
                    "93": 97.0,
                    "94": 97.0,
                    "95": 97.0,
                    "96": 97.0,
                    "97": 97.0,
                    "98": 97.0,
                    "99": 97.0,
                    "100": 97.0,
                    "101": 97.0,
                    "102": 97.0,
                    "103": 97.0,
                    "104": 97.0,
                    "105": 97.0,
                    "106": 97.0,
                    "107": 97.0,
                    "108": 97.0,
                    "109": 97.0,
                    "110": 97.0,
                    "111": 97.0,
                    "112": 97.0,
                    "113": 97.0,
                    "114": 97.0,
                    "115": 97.0,
                    "116": 97.0,
                    "117": 97.0,
                    "118": 97.0,
                    "119": 97.0,
                    "120": 97.0
                }
            },
            {
                "summaryType": "rmssd_hrv",
                "avgValue": 50.0
            },
            {
                "summaryType": "sdrr_hrv",
                "avgValue": 84.0
            }
        ]
    }
]