[
    {
        "userId": "49d85c6a-b8f8-4787-95fa-f145553e59a9",
        "userAccessToken": "7b64f2c3-1572-407f-ac1a-ea3ef127ff2c",
        "summaryId": "x45dba26-670c42e0-14f28",
        "startTimeInSeconds": 1728856800,
        "startTimeOffsetInSeconds": 7200,
        "durationInSeconds": 85800,
        "calendarDate": "2024-10-14",
        "timeOffsetStressLevelValues": {
            "0": 20,
            "180": 16,
            "360": -1,
            "540": 11,
            "720": 17,
            "900": 15,
            "1080": 10,
            "1260": 13,
            "1440": 17,
            "1620": 19,
            "1800": 18,
            "1980": 16,
            "2160": 20,
            "2340": 16,
            "2520": 18,
            "2700": 20,
            "2880": 17,
            "3060": 13,
            "3240": 16,
            "3420": 18,
            "3600": 18,
            "3780": 16,
            "3960": 10,
            "4140": 17,
            "4320": 15,
            "4500": 9,
            "4680": 12,
            "4860": 16,
            "5040": 15,
            "5220": 11,
            "5400": 11,
            "5580": 17,
            "5760": 9,
            "5940": 16,
            "6120": 11,
            "6300": 15,
            "6480": 12,
            "6660": 12,
            "6840": 12,
            "7020": 12,
            "7200": 12,
            "7380": 14,
            "7560": 13,
            "7740": 14,
            "7920": 14,
            "8100": 14,
            "8280": 14,
            "8460": 14,
            "8640": 15,
            "8820": 15,
            "9000": 15,
            "9180": 13,
            "9360": 12,
            "9540": 12,
            "9720": 17,
            "9900": 12,
            "10080": 16,
            "10260": 16,
            "10440": 13,
            "10620": 12,
            "10800": 9,
            "10980": 8,
            "11160": 7,
            "11340": 6,
            "11520": 10,
            "11700": 10,
            "11880": 6,
            "12060": 7,
            "12240": 8,
            "12420": 8,
            "12600": 10,
            "12780": 8,
            "12960": 12,
            "13140": 12,
            "13320": 12,
            "13500": 10,
            "13680": 14,
            "13860": 11,
            "14040": 11,
            "14220": 12,
            "14400": 12,
            "14580": 17,
            "14760": 17,
            "14940": 11,
            "15120": 16,
            "15300": 16,
            "15480": 18,
            "15660": 19,
            "15840": 17,
            "16020": 22,
            "16200": 22,
            "16380": 21,
            "16560": 13,
            "16740": 11,
            "16920": 10,
            "17100": 11,
            "17280": 12,
            "17460": 15,
            "17640": 11,
            "17820": 12,
            "18000": 11,
            "18180": 9,
            "18360": 6,
            "18540": 11,
            "18720": 11,
            "18900": 12,
            "19080": 11,
            "19260": 9,
            "19440": 9,
            "19620": 12,
            "19800": 12,
            "19980": 11,
            "20160": 12,
            "20340": 9,
            "20520": 7,
            "20700": 9,
            "20880": -1,
            "21060": 10,
            "21240": 14,
            "21420": 16,
            "21600": 13,
            "21780": 15,
            "21960": 18,
            "22140": 15,
            "22320": 16,
            "22500": 16,
            "22680": 15,
            "22860": 15,
            "23040": 17,
            "23220": 13,
            "23400": 12,
            "23580": 8,
            "23760": 15,
            "23940": 11,
            "24120": 9,
            "24300": 10,
            "24480": 10,
            "24660": 13,
            "24840": 11,
            "25020": 12,
            "25200": 9,
            "25380": 12,
            "25560": 14,
            "25740": 15,
            "25920": 14,
            "26100": 17,
            "26280": 10,
            "26460": 8,
            "26640": 14,
            "26820": 9,
            "27000": 8,
            "27180": 8,
            "27360": 20,
            "27540": 14,
            "27720": 20,
            "27900": 20,
            "28080": 17,
            "28260": 15,
            "28440": 12,
            "28620": 13,
            "28800": 18,
            "28980": 15,
            "29160": 16,
            "29340": 15,
            "29520": 13,
            "29700": 11,
            "29880": 16,
            "30060": 14,
            "30240": 13,
            "30420": 10,
            "30600": 13,
            "30780": 9,
            "30960": 16,
            "31140": 40,
            "31320": 29,
            "31500": 19,
            "31680": -1,
            "31860": 37,
            "32040": 25,
            "32220": 18,
            "32400": 13,
            "32580": 17,
            "32760": 20,
            "32940": 17,
            "33120": 16,
            "33300": 19,
            "33480": 18,
            "33660": 15,
            "33840": 13,
            "34020": 19,
            "34200": -1,
            "34380": -1,
            "34560": 21,
            "34740": 34,
            "34920": 28,
            "35100": 14,
            "35280": 15,
            "35460": 19,
            "35640": 21,
            "35820": 23,
            "36000": 22,
            "36180": 19,
            "36360": 20,
            "36540": 22,
            "36720": -1,
            "36900": -1,
            "37080": 25,
            "37260": 28,
            "37440": 44,
            "37620": 22,
            "37800": 25,
            "37980": 25,
            "38160": 31,
            "38340": -1,
            "38520": 20,
            "38700": 24,
            "38880": 26,
            "39060": 32,
            "39240": 27,
            "39420": 50,
            "39600": 43,
            "39780": 34,
            "39960": 34,
            "40140": 36,
            "40320": 34,
            "40500": 20,
            "40680": -1,
            "40860": 27,
            "41040": 43,
            "41220": 26,
            "41400": 22,
            "41580": 25,
            "41760": 34,
            "41940": 22,
            "42120": 40,
            "42300": -1,
            "42480": -1,
            "42660": -1,
            "42840": -1,
            "43020": 29,
            "43200": 25,
            "43380": 31,
            "43560": 24,
            "43740": 23,
            "43920": 24,
            "44100": 24,
            "44280": 24,
            "44460": 31,
            "44640": 30,
            "44820": 25,
            "45000": -1,
            "45180": -2,
            "45360": 43,
            "45540": 45,
            "45720": 48,
            "45900": 45,
            "46080": 48,
            "46260": -1,
            "46440": 56,
            "46620": 61,
            "46800": 52,
            "46980": 37,
            "47160": 31,
            "47340": 29,
            "47520": 57,
            "47700": 56,
            "47880": 52,
            "48060": 40,
            "48240": 55,
            "48420": 46,
            "48600": -1,
            "48780": 31,
            "48960": 56,
            "49140": 81,
            "49320": 43,
            "49500": 44,
            "49680": -1,
            "49860": 51,
            "50040": 79,
            "50220": 67,
            "50400": 24,
            "50580": 27,
            "50760": 24,
            "50940": 21,
            "51120": 22,
            "51300": 21,
            "51480": 24,
            "51660": 24,
            "51840": 24,
            "52020": 25,
            "52200": 26,
            "52380": 22,
            "52560": 23,
            "52740": 62,
            "52920": -1,
            "53100": -2,
            "53280": 31,
            "53460": -2,
            "53640": -1,
            "53820": 23,
            "54000": 20,
            "54180": 17,
            "54360": 20,
            "54540": 22,
            "54720": 22,
            "54900": 22,
            "55080": -1,
            "55260": 22,
            "55440": 20,
            "55620": 20,
            "55800": 21,
            "55980": -1,
            "56160": 16,
            "56340": -1,
            "56520": 18,
            "56700": -1,
            "56880": 17,
            "57060": -1,
            "57240": 21,
            "57420": 23,
            "57600": 24,
            "57780": 24,
            "57960": 24,
            "58140": 24,
            "58320": 23,
            "58500": 61,
            "58680": -1,
            "58860": 46,
            "59040": 71,
            "59220": -1,
            "59400": 69,
            "59580": -1,
            "59760": 24,
            "59940": 35,
            "60120": 35,
            "60300": 49,
            "60480": -1,
            "60660": -1,
            "60840": -1,
            "61020": -1,
            "61200": -2,
            "61380": -1,
            "61560": 34,
            "61740": 27,
            "61920": 56,
            "62100": 47,
            "62280": -2,
            "62460": -1,
            "62640": 70,
            "62820": 52,
            "63000": -2,
            "63180": 61,
            "63360": 94,
            "63540": 100,
            "63720": -1,
            "63900": -1,
            "64080": -1,
            "64260": -1,
            "64440": -1,
            "64620": -1,
            "64800": -1,
            "64980": -1,
            "65160": -1,
            "65340": -1,
            "65520": -1,
            "65700": -1,
            "65880": -1,
            "66060": -1,
            "66240": -1,
            "66420": -1,
            "66600": -1,
            "66780": -1,
            "66960": -1,
            "67140": -1,
            "67320": -1,
            "67500": -1,
            "67680": -1,
            "67860": -1,
            "68040": -1,
            "68220": -1,
            "68400": -1,
            "68580": -2,
            "68760": -1,
            "68940": 68,
            "69120": 85,
            "69300": 98,
            "69480": -1,
            "69660": -1,
            "69840": -1,
            "70020": -1,
            "70200": -1,
            "70380": -1,
            "70560": -1,
            "70740": -2,
            "70920": -1,
            "71100": -1,
            "71280": -1,
            "71460": -1,
            "71640": -1,
            "71820": -1,
            "72000": -1,
            "72180": -1,
            "72360": -1,
            "72540": -1,
            "72720": -1,
            "72900": -1,
            "73080": -1,
            "73260": -1,
            "73440": -1,
            "73620": -1,
            "73800": -1,
            "73980": -1,
            "74160": -1,
            "74340": -1,
            "74520": -1,
            "74700": -1,
            "74880": -1,
            "75060": -1,
            "75240": -1,
            "75420": -1,
            "75600": -2,
            "75780": -1,
            "75960": 63,
            "76140": -1,
            "76320": -2,
            "76500": 48,
            "76680": 33,
            "76860": 41,
            "77040": -1,
            "77220": 37,
            "77400": 33,
            "77580": 34,
            "77760": 48,
            "77940": 28,
            "78120": 49,
            "78300": 24,
            "78480": 31,
            "78660": 36,
            "78840": 34,
            "79020": 67,
            "79200": -2,
            "79380": 78,
            "79560": 53,
            "79740": 70,
            "79920": 48,
            "80100": 46,
            "80280": 42,
            "80460": 28,
            "80640": 23,
            "80820": 31,
            "81000": 31,
            "81180": 70,
            "81360": 43,
            "81540": 25,
            "81720": 23,
            "81900": 23,
            "82080": 22,
            "82260": 23,
            "82440": 29,
            "82620": 21,
            "82800": 23,
            "82980": 22,
            "83160": 29,
            "83340": 26,
            "83520": -1,
            "83700": -1,
            "83880": -1,
            "84060": 31,
            "84240": 18,
            "84420": 19,
            "84600": 22,
            "84780": 15,
            "84960": 16,
            "85140": 18,
            "85320": 15,
            "85500": 23,
            "85680": 31
        },
        "timeOffsetBodyBatteryValues": {
            "0": 21,
            "180": 21,
            "360": 22,
            "540": 22,
            "720": 22,
            "900": 23,
            "1080": 23,
            "1260": 23,
            "1440": 23,
            "1620": 23,
            "1800": 23,
            "1980": 23,
            "2160": 23,
            "2340": 23,
            "2520": 24,
            "2700": 24,
            "2880": 24,
            "3060": 24,
            "3240": 24,
            "3420": 26,
            "3600": 26,
            "3780": 26,
            "3960": 26,
            "4140": 27,
            "4320": 27,
            "4500": 27,
            "4680": 28,
            "4860": 28,
            "5040": 28,
            "5220": 29,
            "5400": 29,
            "5580": 30,
            "5760": 31,
            "5940": 31,
            "6120": 32,
            "6300": 32,
            "6480": 33,
            "6660": 33,
            "6840": 34,
            "7020": 34,
            "7200": 35,
            "7380": 36,
            "7560": 36,
            "7740": 37,
            "7920": 38,
            "8100": 38,
            "8280": 38,
            "8460": 40,
            "8640": 40,
            "8820": 41,
            "9000": 42,
            "9180": 42,
            "9360": 43,
            "9540": 44,
            "9720": 45,
            "9900": 45,
            "10080": 45,
            "10260": 46,
            "10440": 47,
            "10620": 48,
            "10800": 48,
            "10980": 49,
            "11160": 50,
            "11340": 51,
            "11520": 52,
            "11700": 53,
            "11880": 54,
            "12060": 54,
            "12240": 55,
            "12420": 56,
            "12600": 57,
            "12780": 58,
            "12960": 58,
            "13140": 58,
            "13320": 59,
            "13500": 59,
            "13680": 60,
            "13860": 61,
            "14040": 61,
            "14220": 62,
            "14400": 62,
            "14580": 62,
            "14760": 64,
            "14940": 64,
            "15120": 64,
            "15300": 64,
            "15480": 65,
            "15660": 66,
            "15840": 66,
            "16020": 66,
            "16200": 66,
            "16380": 67,
            "16560": 67,
            "16740": 67,
            "16920": 68,
            "17100": 68,
            "17280": 69,
            "17460": 69,
            "17640": 69,
            "17820": 70,
            "18000": 70,
            "18180": 71,
            "18360": 72,
            "18540": 72,
            "18720": 73,
            "18900": 73,
            "19080": 73,
            "19260": 74,
            "19440": 74,
            "19620": 75,
            "19800": 75,
            "19980": 76,
            "20160": 76,
            "20340": 77,
            "20520": 77,
            "20700": 78,
            "20880": 78,
            "21060": 78,
            "21240": 79,
            "21420": 79,
            "21600": 79,
            "21780": 79,
            "21960": 80,
            "22140": 80,
            "22320": 80,
            "22500": 81,
            "22680": 81,
            "22860": 81,
            "23040": 81,
            "23220": 82,
            "23400": 82,
            "23580": 83,
            "23760": 83,
            "23940": 83,
            "24120": 83,
            "24300": 84,
            "24480": 84,
            "24660": 85,
            "24840": 85,
            "25020": 86,
            "25200": 86,
            "25380": 87,
            "25560": 87,
            "25740": 87,
            "25920": 87,
            "26100": 87,
            "26280": 87,
            "26460": 88,
            "26640": 88,
            "26820": 88,
            "27000": 89,
            "27180": 89,
            "27360": 89,
            "27540": 89,
            "27720": 89,
            "27900": 89,
            "28080": 89,
            "28260": 89,
            "28440": 90,
            "28620": 90,
            "28800": 91,
            "28980": 91,
            "29160": 91,
            "29340": 91,
            "29520": 91,
            "29700": 91,
            "29880": 92,
            "30060": 92,
            "30240": 93,
            "30420": 93,
            "30600": 93,
            "30780": 93,
            "30960": 93,
            "31140": 93,
            "31320": 93,
            "31500": 93,
            "31680": 92,
            "31860": 92,
            "32040": 92,
            "32220": 92,
            "32400": 92,
            "32580": 92,
            "32760": 92,
            "32940": 91,
            "33120": 91,
            "33300": 91,
            "33480": 91,
            "33660": 91,
            "33840": 91,
            "34020": 91,
            "34200": 91,
            "34380": 91,
            "34560": 90,
            "34740": 90,
            "34920": 90,
            "35100": 89,
            "35280": 89,
            "35460": 89,
            "35640": 89,
            "35820": 89,
            "36000": 89,
            "36180": 89,
            "36360": 88,
            "36540": 88,
            "36720": 88,
            "36900": 88,
            "37080": 88,
            "37260": 88,
            "37440": 87,
            "37620": 87,
            "37800": 87,
            "37980": 87,
            "38160": 86,
            "38340": 86,
            "38520": 86,
            "38700": 86,
            "38880": 86,
            "39060": 85,
            "39240": 85,
            "39420": 84,
            "39600": 84,
            "39780": 84,
            "39960": 83,
            "40140": 83,
            "40320": 82,
            "40500": 82,
            "40680": 82,
            "40860": 82,
            "41040": 81,
            "41220": 81,
            "41400": 81,
            "41580": 81,
            "41760": 81,
            "41940": 81,
            "42120": 80,
            "42300": 80,
            "42480": 80,
            "42660": 79,
            "42840": 79,
            "43020": 79,
            "43200": 79,
            "43380": 78,
            "43560": 78,
            "43740": 78,
            "43920": 78,
            "44100": 78,
            "44280": 78,
            "44460": 77,
            "44640": 77,
            "44820": 77,
            "45000": 76,
            "45180": 76,
            "45360": 76,
            "45540": 75,
            "45720": 75,
            "45900": 75,
            "46080": 74,
            "46260": 74,
            "46440": 73,
            "46620": 73,
            "46800": 73,
            "46980": 72,
            "47160": 72,
            "47340": 72,
            "47520": 71,
            "47700": 71,
            "47880": 71,
            "48060": 70,
            "48240": 70,
            "48420": 69,
            "48600": 69,
            "48780": 69,
            "48960": 68,
            "49140": 68,
            "49320": 68,
            "49500": 67,
            "49680": 67,
            "49860": 67,
            "50040": 66,
            "50220": 66,
            "50400": 66,
            "50580": 66,
            "50760": 66,
            "50940": 66,
            "51120": 66,
            "51300": 66,
            "51480": 65,
            "51660": 65,
            "51840": 65,
            "52020": 64,
            "52200": 64,
            "52380": 64,
            "52560": 64,
            "52740": 64,
            "52920": 63,
            "53100": 63,
            "53280": 63,
            "53460": 63,
            "53640": 63,
            "53820": 63,
            "54000": 63,
            "54180": 62,
            "54360": 62,
            "54540": 62,
            "54720": 62,
            "54900": 62,
            "55080": 62,
            "55260": 61,
            "55440": 61,
            "55620": 61,
            "55800": 61,
            "55980": 61,
            "56160": 61,
            "56340": 61,
            "56520": 61,
            "56700": 61,
            "56880": 60,
            "57060": 60,
            "57240": 60,
            "57420": 60,
            "57600": 60,
            "57780": 60,
            "57960": 60,
            "58140": 60,
            "58320": 60,
            "58500": 59,
            "58680": 59,
            "58860": 59,
            "59040": 58,
            "59220": 58,
            "59400": 57,
            "59580": 57,
            "59760": 57,
            "59940": 56,
            "60120": 56,
            "60300": 55,
            "60480": 55,
            "60660": 55,
            "60840": 55,
            "61020": 55,
            "61200": 54,
            "61380": 54,
            "61560": 54,
            "61740": 54,
            "61920": 54,
            "62100": 54,
            "62280": 53,
            "62460": 53,
            "62640": 53,
            "62820": 52,
            "63000": 52,
            "63180": 52,
            "63360": 52,
            "63540": 51,
            "63720": 50,
            "63900": 50,
            "64080": 49,
            "64260": 48,
            "64440": 47,
            "64620": 47,
            "64800": 46,
            "64980": 45,
            "65160": 45,
            "65340": 45,
            "65520": 44,
            "65700": 43,
            "65880": 42,
            "66060": 42,
            "66240": 42,
            "66420": 40,
            "66600": 40,
            "66780": 40,
            "66960": 39,
            "67140": 38,
            "67320": 38,
            "67500": 37,
            "67680": 36,
            "67860": 35,
            "68040": 33,
            "68220": 33,
            "68400": 33,
            "68580": 32,
            "68760": 32,
            "68940": 32,
            "69120": 31,
            "69300": 31,
            "69480": 30,
            "69660": 30,
            "69840": 30,
            "70020": 30,
            "70200": 30,
            "70380": 30,
            "70560": 29,
            "70740": 29,
            "70920": 29,
            "71100": 29,
            "71280": 29,
            "71460": 29,
            "71640": 29,
            "71820": 29,
            "72000": 29,
            "72180": 29,
            "72360": 29,
            "72540": 28,
            "72720": 28,
            "72900": 28,
            "73080": 28,
            "73260": 27,
            "73440": 27,
            "73620": 27,
            "73800": 27,
            "73980": 27,
            "74160": 27,
            "74340": 27,
            "74520": 27,
            "74700": 26,
            "74880": 26,
            "75060": 26,
            "75240": 26,
            "75420": 26,
            "75600": 25,
            "75780": 25,
            "75960": 25,
            "76140": 25,
            "76320": 24,
            "76500": 24,
            "76680": 24,
            "76860": 24,
            "77040": 24,
            "77220": 24,
            "77400": 24,
            "77580": 24,
            "77760": 24,
            "77940": 24,
            "78120": 24,
            "78300": 23,
            "78480": 23,
            "78660": 23,
            "78840": 23,
            "79020": 23,
            "79200": 23,
            "79380": 23,
            "79560": 22,
            "79740": 22,
            "79920": 22,
            "80100": 22,
            "80280": 22,
            "80460": 22,
            "80640": 21,
            "80820": 21,
            "81000": 21,
            "81180": 21,
            "81360": 21,
            "81540": 21,
            "81720": 21,
            "81900": 21,
            "82080": 21,
            "82260": 20,
            "82440": 20,
            "82620": 20,
            "82800": 20,
            "82980": 20,
            "83160": 20,
            "83340": 20,
            "83520": 20,
            "83700": 20,
            "83880": 20,
            "84060": 20,
            "84240": 20,
            "84420": 20,
            "84600": 20,
            "84780": 20,
            "84960": 20,
            "85140": 20,
            "85320": 20,
            "85500": 20,
            "85680": 20
        }
    }
]