[
    {
        "userId": "49d85c6a-b8f8-4787-95fa-f145553e59a9",
        "userAccessToken": "7b64f2c3-1572-407f-ac1a-ea3ef127ff2c",
        "summaryId": "x45dba26-670f4d8f805f0d77-209e-4e37-9618-ccffee79eb4d78",
        "calendarDate": "2024-10-16",
        "startTimeInSeconds": 1729056143,
        "durationInSeconds": 120,
        "startTimeOffsetInSeconds": 7254,
        "summaries": [
            {
                "summaryType": "heart_rate",
                "minValue": 51.0,
                "maxValue": 62.0,
                "avgValue": 56.0,
                "epochSummaries": {
                    "0": 56.0,
                    "1": 56.0,
                    "2": 56.0,
                    "3": 56.0,
                    "4": 56.0,
                    "5": 57.0,
                    "6": 56.0,
                    "7": 56.0,
                    "8": 56.0,
                    "9": 56.0,
                    "10": 57.0,
                    "11": 57.0,
                    "12": 58.0,
                    "13": 58.0,
                    "14": 58.0,
                    "15": 57.0,
                    "16": 57.0,
                    "17": 57.0,
                    "18": 57.0,
                    "19": 57.0,
                    "20": 56.0,
                    "21": 56.0,
                    "22": 55.0,
                    "23": 54.0,
                    "24": 53.0,
                    "25": 53.0,
                    "26": 54.0,
                    "27": 54.0,
                    "28": 56.0,
                    "29": 56.0,
                    "30": 56.0,
                    "31": 58.0,
                    "32": 58.0,
                    "33": 59.0,
                    "34": 59.0,
                    "35": 59.0,
                    "36": 59.0,
                    "37": 60.0,
                    "38": 60.0,
                    "39": 59.0,
                    "40": 59.0,
                    "41": 58.0,
                    "42": 57.0,
                    "43": 56.0,
                    "44": 56.0,
                    "45": 57.0,
                    "46": 57.0,
                    "47": 57.0,
                    "48": 57.0,
                    "49": 57.0,
                    "50": 57.0,
                    "51": 57.0,
                    "52": 57.0,
                    "53": 57.0,
                    "54": 57.0,
                    "55": 57.0,
                    "56": 57.0,
                    "57": 57.0,
                    "58": 57.0,
                    "59": 57.0,
                    "60": 56.0,
                    "61": 56.0,
                    "62": 54.0,
                    "63": 53.0,
                    "64": 52.0,
                    "65": 53.0,
                    "66": 53.0,
                    "67": 54.0,
                    "68": 54.0,
                    "69": 54.0,
                    "70": 54.0,
                    "71": 53.0,
                    "72": 53.0,
                    "73": 53.0,
                    "74": 53.0,
                    "75": 53.0,
                    "76": 53.0,
                    "77": 53.0,
                    "78": 53.0,
                    "79": 53.0,
                    "80": 53.0,
                    "81": 53.0,
                    "82": 53.0,
                    "83": 54.0,
                    "84": 54.0,
                    "85": 54.0,
                    "86": 54.0,
                    "87": 55.0,
                    "88": 58.0,
                    "89": 58.0,
                    "90": 59.0,
                    "91": 59.0,
                    "92": 62.0,
                    "93": 58.0,
                    "94": 57.0,
                    "95": 55.0,
                    "96": 55.0,
                    "97": 55.0,
                    "98": 53.0,
                    "99": 52.0,
                    "100": 51.0,
                    "101": 52.0,
                    "102": 53.0,
                    "103": 54.0,
                    "104": 54.0,
                    "105": 54.0,
                    "106": 54.0,
                    "107": 55.0,
                    "108": 56.0,
                    "109": 57.0,
                    "110": 58.0,
                    "111": 60.0,
                    "112": 59.0,
                    "113": 59.0,
                    "114": 58.0,
                    "115": 56.0,
                    "116": 56.0,
                    "117": 57.0,
                    "118": 58.0,
                    "119": 59.0,
                    "120": 59.0,
                    "121": 59.0
                }
            },
            {
                "summaryType": "respiration",
                "minValue": 10.229999542236328,
                "maxValue": 11.970000267028809,
                "avgValue": 11.520000457763672,
                "epochSummaries": {
                    "0": 11.260000228881836,
                    "1": 11.260000228881836,
                    "2": 11.260000228881836,
                    "3": 11.479999542236328,
                    "4": 11.479999542236328,
                    "5": 11.479999542236328,
                    "6": 11.479999542236328,
                    "7": 11.479999542236328,
                    "8": 11.630000114440918,
                    "9": 11.630000114440918,
                    "10": 11.630000114440918,
                    "11": 11.630000114440918,
                    "12": 11.739999771118164,
                    "13": 11.739999771118164,
                    "14": 11.739999771118164,
                    "15": 11.739999771118164,
                    "16": 11.739999771118164,
                    "17": 11.739999771118164,
                    "18": 11.739999771118164,
                    "19": 11.520000457763672,
                    "20": 11.520000457763672,
                    "21": 11.520000457763672,
                    "22": 11.520000457763672,
                    "23": 11.59000015258789,
                    "24": 11.59000015258789,
                    "25": 11.59000015258789,
                    "26": 11.59000015258789,
                    "27": 11.59000015258789,
                    "28": 11.569999694824219,
                    "29": 11.569999694824219,
                    "30": 11.569999694824219,
                    "31": 11.569999694824219,
                    "32": 11.569999694824219,
                    "33": 11.640000343322754,
                    "34": 11.640000343322754,
                    "35": 11.640000343322754,
                    "36": 11.640000343322754,
                    "37": 11.640000343322754,
                    "38": 11.859999656677246,
                    "39": 11.859999656677246,
                    "40": 11.859999656677246,
                    "41": 11.859999656677246,
                    "42": 11.970000267028809,
                    "43": 11.970000267028809,
                    "44": 11.970000267028809,
                    "45": 11.970000267028809,
                    "46": 11.970000267028809,
                    "47": 11.970000267028809,
                    "48": 11.970000267028809,
                    "49": 11.930000305175781,
                    "50": 11.930000305175781,
                    "51": 11.930000305175781,
                    "52": 11.930000305175781,
                    "53": 11.930000305175781,
                    "54": 11.930000305175781,
                    "55": 11.930000305175781,
                    "56": 11.930000305175781,
                    "57": 11.930000305175781,
                    "58": 11.930000305175781,
                    "59": 11.770000457763672,
                    "60": 11.770000457763672,
                    "61": 11.470000267028809,
                    "62": 11.470000267028809,
                    "63": 11.470000267028809,
                    "64": 11.470000267028809,
                    "65": 11.470000267028809,
                    "66": 11.550000190734863,
                    "67": 11.550000190734863,
                    "68": 11.550000190734863,
                    "69": 11.550000190734863,
                    "70": 11.550000190734863,
                    "71": 11.550000190734863,
                    "72": 11.5600004196167,
                    "73": 11.5600004196167,
                    "74": 11.5600004196167,
                    "75": 11.5600004196167,
                    "76": 11.5600004196167,
                    "77": 11.5600004196167,
                    "78": 11.5600004196167,
                    "79": 11.5600004196167,
                    "80": 11.5600004196167,
                    "81": 11.5600004196167,
                    "82": 11.5600004196167,
                    "83": 11.130000114440918,
                    "84": 10.869999885559082,
                    "85": 10.869999885559082,
                    "86": 10.869999885559082,
                    "87": 10.869999885559082,
                    "88": 10.869999885559082,
                    "89": 10.869999885559082,
                    "90": 10.869999885559082,
                    "91": 10.789999961853027,
                    "92": 10.789999961853027,
                    "93": 10.789999961853027,
                    "94": 10.789999961853027,
                    "95": 10.789999961853027,
                    "96": 10.890000343322754,
                    "97": 10.890000343322754,
                    "98": 10.890000343322754,
                    "99": 10.890000343322754,
                    "100": 11.25,
                    "101": 11.25,
                    "102": 11.25,
                    "103": 11.25,
                    "104": 11.25,
                    "105": 11.430000305175781,
                    "106": 11.430000305175781,
                    "107": 11.430000305175781,
                    "108": 11.430000305175781,
                    "109": 11.430000305175781,
                    "110": 11.430000305175781,
                    "111": 11.430000305175781,
                    "112": 11.460000038146973,
                    "113": 11.869999885559082,
                    "114": 11.869999885559082,
                    "115": 11.869999885559082,
                    "116": 11.869999885559082,
                    "117": 11.869999885559082,
                    "118": 11.869999885559082,
                    "119": 11.899999618530273,
                    "120": 11.899999618530273,
                    "121": 10.229999542236328
                }
            },
            {
                "summaryType": "stress",
                "minValue": 11.0,
                "maxValue": 15.0,
                "avgValue": 13.0,
                "epochSummaries": {
                    "0": 13.0,
                    "1": 13.0,
                    "2": 13.0,
                    "3": 13.0,
                    "4": 13.0,
                    "5": 13.0,
                    "6": 13.0,
                    "7": 12.0,
                    "8": 12.0,
                    "9": 12.0,
                    "10": 12.0,
                    "11": 12.0,
                    "12": 13.0,
                    "13": 13.0,
                    "14": 13.0,
                    "15": 13.0,
                    "16": 13.0,
                    "17": 13.0,
                    "18": 13.0,
                    "19": 13.0,
                    "20": 13.0,
                    "21": 13.0,
                    "22": 11.0,
                    "23": 11.0,
                    "24": 11.0,
                    "25": 11.0,
                    "26": 11.0,
                    "27": 11.0,
                    "28": 11.0,
                    "29": 11.0,
                    "30": 11.0,
                    "31": 11.0,
                    "32": 11.0,
                    "33": 11.0,
                    "34": 11.0,
                    "35": 11.0,
                    "36": 11.0,
                    "37": 12.0,
                    "38": 12.0,
                    "39": 12.0,
                    "40": 12.0,
                    "41": 12.0,
                    "42": 12.0,
                    "43": 12.0,
                    "44": 12.0,
                    "45": 12.0,
                    "46": 12.0,
                    "47": 12.0,
                    "48": 12.0,
                    "49": 12.0,
                    "50": 12.0,
                    "51": 12.0,
                    "52": 14.0,
                    "53": 14.0,
                    "54": 14.0,
                    "55": 14.0,
                    "56": 14.0,
                    "57": 15.0,
                    "58": 15.0,
                    "59": 15.0,
                    "60": 15.0,
                    "61": 15.0,
                    "62": 15.0,
                    "63": 15.0,
                    "64": 15.0,
                    "65": 15.0,
                    "66": 15.0,
                    "67": 14.0,
                    "68": 14.0,
                    "69": 14.0,
                    "70": 14.0,
                    "71": 14.0,
                    "72": 13.0,
                    "73": 13.0,
                    "74": 13.0,
                    "75": 13.0,
                    "76": 13.0,
                    "77": 13.0,
                    "78": 13.0,
                    "79": 13.0,
                    "80": 13.0,
                    "81": 13.0,
                    "82": 13.0,
                    "83": 13.0,
                    "84": 13.0,
                    "85": 13.0,
                    "86": 13.0,
                    "87": 13.0,
                    "88": 13.0,
                    "89": 13.0,
                    "90": 13.0,
                    "91": 13.0,
                    "92": 13.0,
                    "93": 13.0,
                    "94": 13.0,
                    "95": 13.0,
                    "96": 13.0,
                    "97": 14.0,
                    "98": 14.0,
                    "99": 14.0,
                    "100": 14.0,
                    "101": 14.0,
                    "102": 15.0,
                    "103": 15.0,
                    "104": 15.0,
                    "105": 15.0,
                    "106": 15.0,
                    "107": 15.0,
                    "108": 15.0,
                    "109": 15.0,
                    "110": 15.0,
                    "111": 15.0,
                    "112": 15.0,
                    "113": 15.0,
                    "114": 15.0,
                    "115": 15.0,
                    "116": 15.0,
                    "117": 14.0,
                    "118": 14.0,
                    "119": 14.0,
                    "120": 14.0,
                    "121": 14.0
                }
            },
            {
                "summaryType": "spo2",
                "minValue": 95.0,
                "maxValue": 97.0,
                "avgValue": 96.0,
                "epochSummaries": {
                    "0": 95.0,
                    "1": 95.0,
                    "2": 95.0,
                    "3": 95.0,
                    "4": 95.0,
                    "5": 95.0,
                    "6": 95.0,
                    "7": 95.0,
                    "8": 95.0,
                    "9": 95.0,
                    "10": 95.0,
                    "11": 95.0,
                    "12": 95.0,
                    "13": 95.0,
                    "14": 95.0,
                    "15": 95.0,
                    "16": 96.0,
                    "17": 96.0,
                    "18": 97.0,
                    "19": 97.0,
                    "20": 97.0,
                    "21": 97.0,
                    "22": 97.0,
                    "23": 97.0,
                    "24": 97.0,
                    "25": 97.0,
                    "26": 97.0,
                    "27": 97.0,
                    "28": 97.0,
                    "29": 97.0,
                    "30": 97.0,
                    "31": 97.0,
                    "32": 97.0,
                    "33": 97.0,
                    "34": 97.0,
                    "35": 97.0,
                    "36": 97.0,
                    "37": 97.0,
                    "38": 97.0,
                    "39": 97.0,
                    "40": 97.0,
                    "41": 97.0,
                    "42": 97.0,
                    "43": 97.0,
                    "44": 97.0,
                    "45": 97.0,
                    "46": 97.0,
                    "47": 97.0,
                    "48": 97.0,
                    "49": 97.0,
                    "50": 97.0,
                    "51": 97.0,
                    "52": 97.0,
                    "53": 97.0,
                    "54": 97.0,
                    "55": 97.0,
                    "56": 97.0,
                    "57": 97.0,
                    "58": 97.0,
                    "59": 97.0,
                    "60": 97.0,
                    "61": 97.0,
                    "62": 97.0,
                    "63": 97.0,
                    "64": 97.0,
                    "65": 97.0,
                    "66": 97.0,
                    "67": 97.0,
                    "68": 97.0,
                    "69": 97.0,
                    "70": 97.0,
                    "71": 97.0,
                    "72": 97.0,
                    "73": 97.0,
                    "74": 97.0,
                    "75": 97.0,
                    "76": 97.0,
                    "77": 97.0,
                    "78": 97.0,
                    "79": 97.0,
                    "80": 97.0,
                    "81": 97.0,
                    "82": 97.0,
                    "83": 97.0,
                    "84": 97.0,
                    "85": 97.0,
                    "86": 97.0,
                    "87": 97.0,
                    "88": 97.0,
                    "89": 97.0,
                    "90": 97.0,
                    "91": 97.0,
                    "92": 97.0,
                    "93": 97.0,
                    "94": 97.0,
                    "95": 97.0,
                    "96": 97.0,
                    "97": 97.0,
                    "98": 97.0,
                    "99": 97.0,
                    "100": 97.0,
                    "101": 97.0,
                    "102": 97.0,
                    "103": 97.0,
                    "104": 97.0,
                    "105": 97.0,
                    "106": 97.0,
                    "107": 97.0,
                    "108": 97.0,
                    "109": 97.0,
                    "110": 97.0,
                    "111": 96.0,
                    "112": 96.0,
                    "113": 95.0,
                    "114": 95.0,
                    "115": 96.0,
                    "116": 96.0,
                    "117": 96.0,
                    "118": 96.0,
                    "119": 96.0,
                    "120": 96.0,
                    "121": 96.0
                }
            },
            {
                "summaryType": "rmssd_hrv",
                "avgValue": 86.0
            },
            {
                "summaryType": "sdrr_hrv",
                "avgValue": 96.0
            }
        ]
    },
    {
        "userId": "49d85c6a-b8f8-4787-95fa-f145553e59a9",
        "userAccessToken": "7b64f2c3-1572-407f-ac1a-ea3ef127ff2c",
        "summaryId": "x45dba26-670fa9b29266870a-3158-4e29-9164-01740698f5e478",
        "calendarDate": "2024-10-16",
        "startTimeInSeconds": 1729079730,
        "durationInSeconds": 120,
        "startTimeOffsetInSeconds": 7254,
        "summaries": [
            {
                "summaryType": "heart_rate",
                "minValue": 59.0,
                "maxValue": 69.0,
                "avgValue": 63.0,
                "epochSummaries": {
                    "0": 68.0,
                    "1": 67.0,
                    "2": 67.0,
                    "3": 67.0,
                    "4": 67.0,
                    "5": 67.0,
                    "6": 67.0,
                    "7": 67.0,
                    "8": 68.0,
                    "9": 69.0,
                    "10": 67.0,
                    "11": 65.0,
                    "12": 63.0,
                    "13": 60.0,
                    "14": 60.0,
                    "15": 60.0,
                    "16": 60.0,
                    "17": 61.0,
                    "18": 61.0,
                    "19": 60.0,
                    "20": 60.0,
                    "21": 60.0,
                    "22": 60.0,
                    "23": 60.0,
                    "24": 60.0,
                    "25": 60.0,
                    "26": 60.0,
                    "27": 61.0,
                    "28": 61.0,
                    "29": 62.0,
                    "30": 62.0,
                    "31": 62.0,
                    "32": 63.0,
                    "33": 64.0,
                    "34": 64.0,
                    "35": 65.0,
                    "36": 64.0,
                    "37": 64.0,
                    "38": 63.0,
                    "39": 63.0,
                    "40": 63.0,
                    "41": 63.0,
                    "42": 63.0,
                    "43": 63.0,
                    "44": 63.0,
                    "45": 63.0,
                    "46": 63.0,
                    "47": 63.0,
                    "48": 63.0,
                    "49": 63.0,
                    "50": 63.0,
                    "51": 63.0,
                    "52": 63.0,
                    "53": 63.0,
                    "54": 63.0,
                    "55": 63.0,
                    "56": 63.0,
                    "57": 63.0,
                    "58": 63.0,
                    "59": 63.0,
                    "60": 63.0,
                    "61": 63.0,
                    "62": 63.0,
                    "63": 63.0,
                    "64": 63.0,
                    "65": 63.0,
                    "66": 65.0,
                    "67": 66.0,
                    "68": 67.0,
                    "69": 66.0,
                    "70": 65.0,
                    "71": 65.0,
                    "72": 65.0,
                    "73": 65.0,
                    "74": 65.0,
                    "75": 64.0,
                    "76": 65.0,
                    "77": 66.0,
                    "78": 66.0,
                    "79": 66.0,
                    "80": 66.0,
                    "81": 66.0,
                    "82": 65.0,
                    "83": 62.0,
                    "84": 60.0,
                    "85": 59.0,
                    "86": 60.0,
                    "87": 60.0,
                    "88": 60.0,
                    "89": 61.0,
                    "90": 61.0,
                    "91": 62.0,
                    "92": 62.0,
                    "93": 62.0,
                    "94": 62.0,
                    "95": 62.0,
                    "96": 62.0,
                    "97": 62.0,
                    "98": 62.0,
                    "99": 62.0,
                    "100": 62.0,
                    "101": 62.0,
                    "102": 62.0,
                    "103": 62.0,
                    "104": 62.0,
                    "105": 61.0,
                    "106": 61.0,
                    "107": 62.0,
                    "108": 62.0,
                    "109": 62.0,
                    "110": 62.0,
                    "111": 62.0,
                    "112": 62.0,
                    "113": 62.0,
                    "114": 62.0,
                    "115": 62.0,
                    "116": 62.0,
                    "117": 63.0,
                    "118": 63.0,
                    "119": 65.0,
                    "120": 66.0
                }
            },
            {
                "summaryType": "respiration",
                "minValue": 10.869999885559082,
                "maxValue": 12.8100004196167,
                "avgValue": 12.199999809265137,
                "epochSummaries": {
                    "0": 11.510000228881836,
                    "1": 11.510000228881836,
                    "2": 11.510000228881836,
                    "3": 11.960000038146973,
                    "4": 11.960000038146973,
                    "5": 11.960000038146973,
                    "6": 11.960000038146973,
                    "7": 11.960000038146973,
                    "8": 11.960000038146973,
                    "9": 11.90999984741211,
                    "10": 11.90999984741211,
                    "11": 11.90999984741211,
                    "12": 11.90999984741211,
                    "13": 11.90999984741211,
                    "14": 12.079999923706055,
                    "15": 12.079999923706055,
                    "16": 12.079999923706055,
                    "17": 12.079999923706055,
                    "18": 12.079999923706055,
                    "19": 12.140000343322754,
                    "20": 12.140000343322754,
                    "21": 12.140000343322754,
                    "22": 12.140000343322754,
                    "23": 12.239999771118164,
                    "24": 12.239999771118164,
                    "25": 12.239999771118164,
                    "26": 12.539999961853027,
                    "27": 12.539999961853027,
                    "28": 12.539999961853027,
                    "29": 12.539999961853027,
                    "30": 12.539999961853027,
                    "31": 12.579999923706055,
                    "32": 12.579999923706055,
                    "33": 12.579999923706055,
                    "34": 12.579999923706055,
                    "35": 12.579999923706055,
                    "36": 12.470000267028809,
                    "37": 12.470000267028809,
                    "38": 12.470000267028809,
                    "39": 12.470000267028809,
                    "40": 12.470000267028809,
                    "41": 12.8100004196167,
                    "42": 12.8100004196167,
                    "43": 12.8100004196167,
                    "44": 12.8100004196167,
                    "45": 12.789999961853027,
                    "46": 12.789999961853027,
                    "47": 12.789999961853027,
                    "48": 12.789999961853027,
                    "49": 12.789999961853027,
                    "50": 12.789999961853027,
                    "51": 12.600000381469727,
                    "52": 12.600000381469727,
                    "53": 12.600000381469727,
                    "54": 12.600000381469727,
                    "55": 12.600000381469727,
                    "56": 12.600000381469727,
                    "57": 12.289999961853027,
                    "58": 12.289999961853027,
                    "59": 12.289999961853027,
                    "60": 12.289999961853027,
                    "61": 12.289999961853027,
                    "62": 12.079999923706055,
                    "63": 12.079999923706055,
                    "64": 12.079999923706055,
                    "65": 12.079999923706055,
                    "66": 12.079999923706055,
                    "67": 12.079999923706055,
                    "68": 12.079999923706055,
                    "69": 12.079999923706055,
                    "70": 12.079999923706055,
                    "71": 11.670000076293945,
                    "72": 11.670000076293945,
                    "73": 11.670000076293945,
                    "74": 11.670000076293945,
                    "75": 11.670000076293945,
                    "76": 11.670000076293945,
                    "77": 11.819999694824219,
                    "78": 11.819999694824219,
                    "79": 12.15999984741211,
                    "80": 12.15999984741211,
                    "81": 12.15999984741211,
                    "82": 12.15999984741211,
                    "83": 12.15999984741211,
                    "84": 12.300000190734863,
                    "85": 12.300000190734863,
                    "86": 12.300000190734863,
                    "87": 12.300000190734863,
                    "88": 12.300000190734863,
                    "89": 12.350000381469727,
                    "90": 12.350000381469727,
                    "91": 12.350000381469727,
                    "92": 12.350000381469727,
                    "93": 12.350000381469727,
                    "94": 12.319999694824219,
                    "95": 12.319999694824219,
                    "96": 12.319999694824219,
                    "97": 12.319999694824219,
                    "98": 12.319999694824219,
                    "99": 12.319999694824219,
                    "100": 12.289999961853027,
                    "101": 12.289999961853027,
                    "102": 12.289999961853027,
                    "103": 12.289999961853027,
                    "104": 12.289999961853027,
                    "105": 12.289999961853027,
                    "106": 11.970000267028809,
                    "107": 11.970000267028809,
                    "108": 11.970000267028809,
                    "109": 11.970000267028809,
                    "110": 11.920000076293945,
                    "111": 11.920000076293945,
                    "112": 11.920000076293945,
                    "113": 11.920000076293945,
                    "114": 11.920000076293945,
                    "115": 11.920000076293945,
                    "116": 11.920000076293945,
                    "117": 11.84000015258789,
                    "118": 11.84000015258789,
                    "119": 11.84000015258789,
                    "120": 10.869999885559082
                }
            },
            {
                "summaryType": "stress",
                "minValue": 18.0,
                "maxValue": 29.0,
                "avgValue": 21.0,
                "epochSummaries": {
                    "0": 28.0,
                    "1": 28.0,
                    "2": 28.0,
                    "3": 28.0,
                    "4": 28.0,
                    "5": 29.0,
                    "6": 29.0,
                    "7": 29.0,
                    "8": 29.0,
                    "9": 29.0,
                    "10": 25.0,
                    "11": 25.0,
                    "12": 25.0,
                    "13": 25.0,
                    "14": 25.0,
                    "15": 24.0,
                    "16": 24.0,
                    "17": 24.0,
                    "18": 24.0,
                    "19": 24.0,
                    "20": 23.0,
                    "21": 23.0,
                    "22": 23.0,
                    "23": 23.0,
                    "24": 23.0,
                    "25": 21.0,
                    "26": 21.0,
                    "27": 21.0,
                    "28": 21.0,
                    "29": 21.0,
                    "30": 20.0,
                    "31": 20.0,
                    "32": 20.0,
                    "33": 20.0,
                    "34": 20.0,
                    "35": 18.0,
                    "36": 18.0,
                    "37": 18.0,
                    "38": 18.0,
                    "39": 18.0,
                    "40": 18.0,
                    "41": 18.0,
                    "42": 18.0,
                    "43": 18.0,
                    "44": 18.0,
                    "45": 18.0,
                    "46": 18.0,
                    "47": 18.0,
                    "48": 18.0,
                    "49": 18.0,
                    "50": 18.0,
                    "51": 18.0,
                    "52": 18.0,
                    "53": 18.0,
                    "54": 18.0,
                    "55": 19.0,
                    "56": 19.0,
                    "57": 19.0,
                    "58": 19.0,
                    "59": 19.0,
                    "60": 19.0,
                    "61": 19.0,
                    "62": 19.0,
                    "63": 19.0,
                    "64": 19.0,
                    "65": 19.0,
                    "66": 19.0,
                    "67": 19.0,
                    "68": 19.0,
                    "69": 19.0,
                    "70": 19.0,
                    "71": 19.0,
                    "72": 19.0,
                    "73": 19.0,
                    "74": 19.0,
                    "75": 20.0,
                    "76": 20.0,
                    "77": 20.0,
                    "78": 20.0,
                    "79": 20.0,
                    "80": 20.0,
                    "81": 20.0,
                    "82": 20.0,
                    "83": 20.0,
                    "84": 20.0,
                    "85": 20.0,
                    "86": 20.0,
                    "87": 20.0,
                    "88": 20.0,
                    "89": 20.0,
                    "90": 20.0,
                    "91": 20.0,
                    "92": 20.0,
                    "93": 20.0,
                    "94": 20.0,
                    "95": 21.0,
                    "96": 21.0,
                    "97": 21.0,
                    "98": 21.0,
                    "99": 21.0,
                    "100": 22.0,
                    "101": 22.0,
                    "102": 22.0,
                    "103": 22.0,
                    "104": 22.0,
                    "105": 23.0,
                    "106": 23.0,
                    "107": 23.0,
                    "108": 23.0,
                    "109": 23.0,
                    "110": 24.0,
                    "111": 24.0,
                    "112": 24.0,
                    "113": 24.0,
                    "114": 24.0,
                    "115": 25.0,
                    "116": 25.0,
                    "117": 25.0,
                    "118": 25.0,
                    "119": 25.0,
                    "120": 27.0
                }
            },
            {
                "summaryType": "spo2",
                "minValue": 96.0,
                "maxValue": 97.0,
                "avgValue": 96.0,
                "epochSummaries": {
                    "1": 97.0,
                    "2": 97.0,
                    "3": 97.0,
                    "4": 97.0,
                    "5": 97.0,
                    "6": 97.0,
                    "7": 97.0,
                    "8": 97.0,
                    "9": 97.0,
                    "10": 97.0,
                    "11": 97.0,
                    "12": 97.0,
                    "13": 97.0,
                    "14": 97.0,
                    "15": 97.0,
                    "16": 97.0,
                    "17": 97.0,
                    "18": 97.0,
                    "19": 97.0,
                    "20": 97.0,
                    "21": 97.0,
                    "22": 97.0,
                    "23": 97.0,
                    "24": 97.0,
                    "25": 97.0,
                    "26": 97.0,
                    "27": 97.0,
                    "28": 97.0,
                    "29": 97.0,
                    "30": 97.0,
                    "31": 97.0,
                    "32": 97.0,
                    "33": 97.0,
                    "34": 97.0,
                    "35": 97.0,
                    "36": 97.0,
                    "37": 97.0,
                    "38": 97.0,
                    "39": 97.0,
                    "40": 97.0,
                    "41": 97.0,
                    "42": 97.0,
                    "43": 97.0,
                    "44": 97.0,
                    "45": 97.0,
                    "46": 97.0,
                    "47": 97.0,
                    "48": 97.0,
                    "49": 97.0,
                    "50": 97.0,
                    "51": 97.0,
                    "52": 97.0,
                    "53": 97.0,
                    "54": 97.0,
                    "55": 97.0,
                    "56": 97.0,
                    "57": 97.0,
                    "58": 97.0,
                    "59": 97.0,
                    "60": 97.0,
                    "61": 97.0,
                    "62": 97.0,
                    "63": 97.0,
                    "64": 96.0,
                    "65": 96.0,
                    "66": 96.0,
                    "67": 96.0,
                    "68": 96.0,
                    "69": 96.0,
                    "70": 96.0,
                    "71": 96.0,
                    "72": 96.0,
                    "73": 96.0,
                    "74": 96.0,
                    "75": 96.0,
                    "76": 96.0,
                    "77": 96.0,
                    "78": 96.0,
                    "79": 96.0,
                    "80": 96.0,
                    "81": 96.0,
                    "82": 96.0,
                    "83": 96.0,
                    "84": 96.0,
                    "85": 96.0,
                    "86": 96.0,
                    "87": 96.0,
                    "88": 96.0,
                    "89": 96.0,
                    "90": 96.0,
                    "91": 96.0,
                    "92": 96.0,
                    "93": 96.0,
                    "94": 96.0,
                    "95": 96.0,
                    "96": 96.0,
                    "97": 96.0,
                    "98": 96.0,
                    "99": 97.0,
                    "100": 97.0,
                    "101": 97.0,
                    "102": 97.0,
                    "103": 97.0,
                    "104": 97.0,
                    "105": 97.0,
                    "106": 97.0,
                    "107": 97.0,
                    "108": 97.0,
                    "109": 97.0,
                    "110": 97.0,
                    "111": 97.0,
                    "112": 97.0,
                    "113": 97.0,
                    "114": 97.0,
                    "115": 97.0,
                    "116": 97.0,
                    "117": 97.0,
                    "118": 97.0,
                    "119": 97.0,
                    "120": 97.0
                }
            },
            {
                "summaryType": "rmssd_hrv",
                "avgValue": 61.0
            },
            {
                "summaryType": "sdrr_hrv",
                "avgValue": 68.0
            }
        ]
    },
    {
        "userId": "49d85c6a-b8f8-4787-95fa-f145553e59a9",
        "userAccessToken": "7b64f2c3-1572-407f-ac1a-ea3ef127ff2c",
        "summaryId": "x45dba26-671023258c0a69da-35b5-4551-b466-b14f8c96cb8078",
        "calendarDate": "2024-10-16",
        "startTimeInSeconds": 1729110821,
        "durationInSeconds": 120,
        "startTimeOffsetInSeconds": 7254,
        "summaries": [
            {
                "summaryType": "heart_rate",
                "minValue": 58.0,
                "maxValue": 136.0,
                "avgValue": 72.0,
                "epochSummaries": {
                    "0": 79.0,
                    "1": 79.0,
                    "2": 79.0,
                    "3": 79.0,
                    "4": 80.0,
                    "5": 81.0,
                    "6": 80.0,
                    "7": 80.0,
                    "8": 80.0,
                    "9": 79.0,
                    "10": 77.0,
                    "11": 105.0,
                    "12": 117.0,
                    "13": 124.0,
                    "14": 130.0,
                    "15": 134.0,
                    "16": 135.0,
                    "17": 136.0,
                    "18": 134.0,
                    "19": 130.0,
                    "20": 125.0,
                    "21": 119.0,
                    "22": 112.0,
                    "23": 103.0,
                    "24": 94.0,
                    "25": 86.0,
                    "26": 83.0,
                    "27": 82.0,
                    "28": 82.0,
                    "29": 81.0,
                    "30": 81.0,
                    "31": 81.0,
                    "32": 81.0,
                    "33": 80.0,
                    "34": 73.0,
                    "35": 67.0,
                    "36": 62.0,
                    "37": 61.0,
                    "38": 61.0,
                    "39": 63.0,
                    "40": 64.0,
                    "41": 63.0,
                    "42": 64.0,
                    "43": 64.0,
                    "44": 65.0,
                    "45": 65.0,
                    "46": 65.0,
                    "47": 64.0,
                    "48": 64.0,
                    "49": 63.0,
                    "50": 63.0,
                    "51": 63.0,
                    "52": 63.0,
                    "53": 63.0,
                    "54": 63.0,
                    "55": 63.0,
                    "56": 63.0,
                    "57": 63.0,
                    "58": 62.0,
                    "59": 62.0,
                    "60": 61.0,
                    "61": 61.0,
                    "62": 61.0,
                    "63": 62.0,
                    "64": 62.0,
                    "65": 62.0,
                    "66": 62.0,
                    "67": 62.0,
                    "68": 62.0,
                    "69": 64.0,
                    "70": 64.0,
                    "71": 64.0,
                    "72": 64.0,
                    "73": 64.0,
                    "74": 64.0,
                    "75": 64.0,
                    "76": 63.0,
                    "77": 62.0,
                    "78": 62.0,
                    "79": 62.0,
                    "80": 61.0,
                    "81": 62.0,
                    "82": 61.0,
                    "83": 60.0,
                    "84": 59.0,
                    "85": 59.0,
                    "86": 59.0,
                    "87": 58.0,
                    "88": 58.0,
                    "89": 58.0,
                    "90": 60.0,
                    "91": 59.0,
                    "92": 59.0,
                    "93": 59.0,
                    "94": 59.0,
                    "95": 59.0,
                    "96": 59.0,
                    "97": 59.0,
                    "98": 61.0,
                    "99": 62.0,
                    "100": 63.0,
                    "101": 63.0,
                    "102": 63.0,
                    "103": 63.0,
                    "104": 63.0,
                    "105": 65.0,
                    "106": 64.0,
                    "107": 64.0,
                    "108": 65.0,
                    "109": 64.0,
                    "110": 64.0,
                    "111": 65.0,
                    "112": 64.0,
                    "113": 64.0,
                    "114": 64.0,
                    "115": 63.0,
                    "116": 63.0,
                    "117": 61.0,
                    "118": 60.0,
                    "119": 59.0,
                    "120": 59.0
                }
            },
            {
                "summaryType": "respiration",
                "minValue": 12.180000305175781,
                "maxValue": 14.600000381469727,
                "avgValue": 13.619999885559082,
                "epochSummaries": {
                    "0": 14.15999984741211,
                    "1": 14.15999984741211,
                    "2": 14.15999984741211,
                    "3": 14.15999984741211,
                    "4": 14.039999961853027,
                    "5": 14.039999961853027,
                    "6": 14.039999961853027,
                    "7": 14.039999961853027,
                    "8": 14.039999961853027,
                    "9": 14.149999618530273,
                    "10": 14.5600004196167,
                    "11": 14.5600004196167,
                    "12": 14.5600004196167,
                    "13": 14.5600004196167,
                    "14": 14.600000381469727,
                    "15": 14.600000381469727,
                    "16": 14.600000381469727,
                    "17": 14.600000381469727,
                    "18": 14.600000381469727,
                    "19": 14.600000381469727,
                    "20": 14.600000381469727,
                    "21": 14.239999771118164,
                    "22": 14.239999771118164,
                    "23": 14.239999771118164,
                    "24": 14.239999771118164,
                    "25": 14.239999771118164,
                    "26": 14.239999771118164,
                    "27": 14.239999771118164,
                    "28": 14.239999771118164,
                    "29": 14.239999771118164,
                    "30": 14.34000015258789,
                    "31": 14.34000015258789,
                    "32": 14.34000015258789,
                    "33": 14.34000015258789,
                    "34": 14.34000015258789,
                    "35": 14.34000015258789,
                    "36": 14.34000015258789,
                    "37": 14.15999984741211,
                    "38": 14.15999984741211,
                    "39": 14.15999984741211,
                    "40": 14.15999984741211,
                    "41": 14.15999984741211,
                    "42": 14.15999984741211,
                    "43": 14.15999984741211,
                    "44": 13.920000076293945,
                    "45": 13.920000076293945,
                    "46": 13.920000076293945,
                    "47": 13.920000076293945,
                    "48": 13.920000076293945,
                    "49": 13.920000076293945,
                    "50": 13.920000076293945,
                    "51": 13.920000076293945,
                    "52": 13.920000076293945,
                    "53": 13.920000076293945,
                    "54": 14.069999694824219,
                    "55": 14.069999694824219,
                    "56": 14.069999694824219,
                    "57": 14.069999694824219,
                    "58": 13.770000457763672,
                    "59": 13.770000457763672,
                    "60": 13.770000457763672,
                    "61": 13.770000457763672,
                    "62": 13.75,
                    "63": 13.75,
                    "64": 13.75,
                    "65": 13.75,
                    "66": 13.75,
                    "67": 13.75,
                    "68": 13.75,
                    "69": 13.75,
                    "70": 13.75,
                    "71": 13.75,
                    "72": 13.75,
                    "73": 13.4399995803833,
                    "74": 13.4399995803833,
                    "75": 13.4399995803833,
                    "76": 13.4399995803833,
                    "77": 13.4399995803833,
                    "78": 13.4399995803833,
                    "79": 13.4399995803833,
                    "80": 13.229999542236328,
                    "81": 13.229999542236328,
                    "82": 13.229999542236328,
                    "83": 13.229999542236328,
                    "84": 12.829999923706055,
                    "85": 12.829999923706055,
                    "86": 12.829999923706055,
                    "87": 12.829999923706055,
                    "88": 12.829999923706055,
                    "89": 12.9399995803833,
                    "90": 12.9399995803833,
                    "91": 12.9399995803833,
                    "92": 12.9399995803833,
                    "93": 12.9399995803833,
                    "94": 12.9399995803833,
                    "95": 12.65999984741211,
                    "96": 12.65999984741211,
                    "97": 12.65999984741211,
                    "98": 12.789999961853027,
                    "99": 12.789999961853027,
                    "100": 12.789999961853027,
                    "101": 12.789999961853027,
                    "102": 12.789999961853027,
                    "103": 12.789999961853027,
                    "104": 12.180000305175781,
                    "105": 12.180000305175781,
                    "106": 12.180000305175781,
                    "107": 12.180000305175781,
                    "108": 12.180000305175781,
                    "109": 12.180000305175781,
                    "110": 12.630000114440918,
                    "111": 12.630000114440918,
                    "112": 12.630000114440918,
                    "113": 12.630000114440918,
                    "114": 12.630000114440918,
                    "115": 12.630000114440918,
                    "116": 12.630000114440918,
                    "117": 12.630000114440918,
                    "118": 12.630000114440918,
                    "119": 13.210000038146973,
                    "120": 13.09000015258789
                }
            },
            {
                "summaryType": "stress",
                "minValue": 14.0,
                "maxValue": 53.0,
                "avgValue": 29.0,
                "epochSummaries": {
                    "0": 45.0,
                    "1": 45.0,
                    "2": 45.0,
                    "3": 45.0,
                    "4": 49.0,
                    "5": 49.0,
                    "6": 49.0,
                    "7": 49.0,
                    "8": 49.0,
                    "9": 53.0,
                    "10": 53.0,
                    "11": 53.0,
                    "12": 53.0,
                    "13": 53.0,
                    "14": 52.0,
                    "15": 52.0,
                    "16": 52.0,
                    "17": 52.0,
                    "18": 52.0,
                    "19": 47.0,
                    "20": 47.0,
                    "21": 47.0,
                    "22": 47.0,
                    "23": 47.0,
                    "24": 42.0,
                    "25": 42.0,
                    "26": 42.0,
                    "27": 42.0,
                    "28": 42.0,
                    "29": 45.0,
                    "30": 45.0,
                    "31": 45.0,
                    "32": 45.0,
                    "33": 45.0,
                    "34": 40.0,
                    "35": 40.0,
                    "36": 40.0,
                    "37": 40.0,
                    "38": 40.0,
                    "39": 37.0,
                    "40": 37.0,
                    "41": 37.0,
                    "42": 37.0,
                    "43": 37.0,
                    "44": 32.0,
                    "45": 32.0,
                    "46": 32.0,
                    "47": 32.0,
                    "48": 32.0,
                    "49": 27.0,
                    "50": 27.0,
                    "51": 27.0,
                    "52": 27.0,
                    "53": 27.0,
                    "54": 27.0,
                    "55": 27.0,
                    "56": 27.0,
                    "57": 27.0,
                    "58": 27.0,
                    "59": 19.0,
                    "60": 19.0,
                    "61": 19.0,
                    "62": 19.0,
                    "63": 19.0,
                    "64": 16.0,
                    "65": 16.0,
                    "66": 16.0,
                    "67": 16.0,
                    "68": 16.0,
                    "69": 16.0,
                    "70": 16.0,
                    "71": 16.0,
                    "72": 16.0,
                    "73": 16.0,
                    "74": 15.0,
                    "75": 15.0,
                    "76": 15.0,
                    "77": 15.0,
                    "78": 15.0,
                    "79": 14.0,
                    "80": 14.0,
                    "81": 14.0,
                    "82": 14.0,
                    "83": 14.0,
                    "84": 15.0,
                    "85": 15.0,
                    "86": 15.0,
                    "87": 15.0,
                    "88": 15.0,
                    "89": 16.0,
                    "90": 16.0,
                    "91": 16.0,
                    "92": 16.0,
                    "93": 16.0,
                    "94": 17.0,
                    "95": 17.0,
                    "96": 17.0,
                    "97": 17.0,
                    "98": 17.0,
                    "99": 19.0,
                    "100": 19.0,
                    "101": 19.0,
                    "102": 19.0,
                    "103": 19.0,
                    "104": 21.0,
                    "105": 21.0,
                    "106": 21.0,
                    "107": 21.0,
                    "108": 21.0,
                    "109": 21.0,
                    "110": 21.0,
                    "111": 21.0,
                    "112": 21.0,
                    "113": 21.0,
                    "114": 22.0,
                    "115": 22.0,
                    "116": 22.0,
                    "117": 22.0,
                    "118": 22.0,
                    "119": 25.0,
                    "120": 25.0
                }
            },
            {
                "summaryType": "spo2",
                "minValue": 96.0,
                "maxValue": 97.0,
                "avgValue": 96.0,
                "epochSummaries": {
                    "7": 96.0,
                    "8": 96.0,
                    "9": 96.0,
                    "10": 96.0,
                    "11": 96.0,
                    "12": 96.0,
                    "13": 96.0,
                    "14": 96.0,
                    "15": 96.0,
                    "16": 96.0,
                    "17": 96.0,
                    "18": 96.0,
                    "19": 96.0,
                    "20": 96.0,
                    "21": 97.0,
                    "22": 97.0,
                    "23": 97.0,
                    "24": 97.0,
                    "25": 97.0,
                    "26": 97.0,
                    "27": 97.0,
                    "28": 97.0,
                    "29": 97.0,
                    "30": 97.0,
                    "31": 97.0,
                    "32": 97.0,
                    "33": 97.0,
                    "34": 97.0,
                    "35": 97.0,
                    "36": 97.0,
                    "37": 97.0,
                    "38": 97.0,
                    "39": 97.0,
                    "40": 97.0,
                    "41": 97.0,
                    "42": 97.0,
                    "43": 97.0,
                    "44": 97.0,
                    "45": 97.0,
                    "46": 97.0,
                    "47": 97.0,
                    "48": 97.0,
                    "49": 97.0,
                    "50": 97.0,
                    "51": 97.0,
                    "52": 97.0,
                    "53": 97.0,
                    "54": 97.0,
                    "55": 97.0,
                    "56": 97.0,
                    "57": 97.0,
                    "58": 97.0,
                    "59": 97.0,
                    "60": 97.0,
                    "61": 97.0,
                    "62": 97.0,
                    "63": 97.0,
                    "64": 97.0,
                    "65": 97.0,
                    "66": 97.0,
                    "67": 97.0,
                    "68": 97.0,
                    "69": 97.0,
                    "70": 97.0,
                    "71": 97.0,
                    "72": 97.0,
                    "73": 97.0,
                    "74": 97.0,
                    "75": 97.0,
                    "76": 97.0,
                    "77": 97.0,
                    "78": 97.0,
                    "79": 97.0,
                    "80": 97.0,
                    "81": 97.0,
                    "82": 97.0,
                    "83": 97.0,
                    "84": 97.0,
                    "85": 97.0,
                    "86": 97.0,
                    "87": 97.0,
                    "88": 97.0,
                    "89": 97.0,
                    "90": 97.0,
                    "91": 97.0,
                    "92": 97.0,
                    "93": 97.0,
                    "94": 97.0,
                    "95": 97.0,
                    "96": 97.0,
                    "97": 97.0,
                    "98": 97.0,
                    "99": 97.0,
                    "100": 97.0,
                    "101": 97.0,
                    "102": 97.0,
                    "103": 97.0,
                    "104": 97.0,
                    "105": 97.0,
                    "106": 97.0,
                    "107": 97.0,
                    "108": 97.0,
                    "109": 97.0,
                    "110": 97.0,
                    "111": 97.0,
                    "112": 97.0,
                    "113": 97.0,
                    "114": 97.0,
                    "115": 97.0,
                    "116": 97.0,
                    "117": 96.0,
                    "118": 96.0,
                    "119": 96.0,
                    "120": 96.0
                }
            },
            {
                "summaryType": "rmssd_hrv",
                "avgValue": 78.0
            },
            {
                "summaryType": "sdrr_hrv",
                "avgValue": 112.0
            }
        ]
    },
    {
        "userId": "49d85c6a-b8f8-4787-95fa-f145553e59a9",
        "userAccessToken": "7b64f2c3-1572-407f-ac1a-ea3ef127ff2c",
        "summaryId": "x45dba26-671022043e17d4b1-c2cc-4fc0-a6a2-f3f57cb78ac278",
        "calendarDate": "2024-10-16",
        "startTimeInSeconds": 1729110532,
        "durationInSeconds": 120,
        "startTimeOffsetInSeconds": 7254,
        "summaries": [
            {
                "summaryType": "heart_rate",
                "minValue": 59.0,
                "maxValue": 82.0,
                "avgValue": 70.0,
                "epochSummaries": {
                    "0": 64.0,
                    "1": 65.0,
                    "2": 65.0,
                    "3": 65.0,
                    "4": 65.0,
                    "5": 66.0,
                    "6": 68.0,
                    "7": 75.0,
                    "8": 77.0,
                    "9": 78.0,
                    "10": 79.0,
                    "11": 80.0,
                    "12": 81.0,
                    "13": 81.0,
                    "14": 81.0,
                    "15": 81.0,
                    "16": 81.0,
                    "17": 81.0,
                    "18": 81.0,
                    "19": 81.0,
                    "20": 82.0,
                    "21": 82.0,
                    "22": 82.0,
                    "23": 82.0,
                    "24": 82.0,
                    "25": 82.0,
                    "26": 81.0,
                    "27": 80.0,
                    "28": 78.0,
                    "29": 74.0,
                    "30": 71.0,
                    "31": 66.0,
                    "32": 64.0,
                    "33": 63.0,
                    "34": 62.0,
                    "35": 62.0,
                    "36": 62.0,
                    "37": 62.0,
                    "38": 62.0,
                    "39": 62.0,
                    "40": 62.0,
                    "41": 62.0,
                    "42": 62.0,
                    "43": 64.0,
                    "44": 65.0,
                    "45": 66.0,
                    "46": 66.0,
                    "47": 66.0,
                    "48": 66.0,
                    "49": 65.0,
                    "50": 65.0,
                    "51": 65.0,
                    "52": 65.0,
                    "53": 65.0,
                    "54": 66.0,
                    "55": 66.0,
                    "56": 65.0,
                    "57": 65.0,
                    "58": 65.0,
                    "59": 65.0,
                    "60": 65.0,
                    "61": 65.0,
                    "62": 65.0,
                    "63": 65.0,
                    "64": 65.0,
                    "65": 66.0,
                    "66": 67.0,
                    "67": 68.0,
                    "68": 69.0,
                    "69": 70.0,
                    "70": 70.0,
                    "71": 71.0,
                    "72": 73.0,
                    "73": 75.0,
                    "74": 78.0,
                    "75": 80.0,
                    "76": 81.0,
                    "77": 81.0,
                    "78": 82.0,
                    "79": 81.0,
                    "80": 81.0,
                    "81": 81.0,
                    "82": 81.0,
                    "83": 81.0,
                    "84": 81.0,
                    "85": 81.0,
                    "86": 81.0,
                    "87": 81.0,
                    "88": 77.0,
                    "89": 76.0,
                    "90": 72.0,
                    "91": 72.0,
                    "92": 72.0,
                    "93": 70.0,
                    "94": 69.0,
                    "95": 68.0,
                    "96": 69.0,
                    "97": 64.0,
                    "98": 62.0,
                    "99": 61.0,
                    "100": 61.0,
                    "101": 61.0,
                    "102": 62.0,
                    "103": 65.0,
                    "104": 65.0,
                    "105": 65.0,
                    "106": 65.0,
                    "107": 61.0,
                    "108": 59.0,
                    "109": 60.0,
                    "110": 59.0,
                    "111": 60.0,
                    "112": 61.0,
                    "113": 62.0,
                    "114": 64.0,
                    "115": 64.0,
                    "116": 64.0,
                    "117": 64.0,
                    "118": 65.0,
                    "119": 66.0,
                    "120": 66.0
                }
            },
            {
                "summaryType": "respiration",
                "minValue": 13.109999656677246,
                "maxValue": 14.260000228881836,
                "avgValue": 13.739999771118164,
                "epochSummaries": {
                    "0": 13.109999656677246,
                    "1": 13.109999656677246,
                    "2": 13.109999656677246,
                    "3": 13.109999656677246,
                    "4": 13.109999656677246,
                    "5": 13.109999656677246,
                    "6": 13.109999656677246,
                    "7": 13.109999656677246,
                    "8": 13.109999656677246,
                    "9": 13.109999656677246,
                    "10": 13.109999656677246,
                    "11": 13.109999656677246,
                    "12": 13.619999885559082,
                    "13": 13.619999885559082,
                    "14": 13.619999885559082,
                    "15": 13.619999885559082,
                    "16": 13.619999885559082,
                    "17": 13.619999885559082,
                    "18": 13.619999885559082,
                    "19": 13.619999885559082,
                    "20": 13.329999923706055,
                    "21": 13.329999923706055,
                    "22": 13.329999923706055,
                    "23": 13.329999923706055,
                    "24": 13.859999656677246,
                    "25": 13.859999656677246,
                    "26": 13.859999656677246,
                    "27": 13.859999656677246,
                    "28": 13.859999656677246,
                    "29": 13.859999656677246,
                    "30": 13.859999656677246,
                    "31": 13.859999656677246,
                    "32": 13.859999656677246,
                    "33": 13.859999656677246,
                    "34": 14.149999618530273,
                    "35": 14.149999618530273,
                    "36": 14.149999618530273,
                    "37": 14.149999618530273,
                    "38": 14.149999618530273,
                    "39": 14.119999885559082,
                    "40": 14.119999885559082,
                    "41": 14.119999885559082,
                    "42": 14.119999885559082,
                    "43": 14.119999885559082,
                    "44": 14.119999885559082,
                    "45": 14.119999885559082,
                    "46": 14.119999885559082,
                    "47": 14.119999885559082,
                    "48": 13.6899995803833,
                    "49": 13.6899995803833,
                    "50": 13.6899995803833,
                    "51": 13.6899995803833,
                    "52": 13.6899995803833,
                    "53": 13.6899995803833,
                    "54": 13.670000076293945,
                    "55": 13.670000076293945,
                    "56": 13.670000076293945,
                    "57": 13.670000076293945,
                    "58": 13.670000076293945,
                    "59": 13.630000114440918,
                    "60": 13.630000114440918,
                    "61": 13.630000114440918,
                    "62": 13.630000114440918,
                    "63": 13.630000114440918,
                    "64": 13.359999656677246,
                    "65": 13.359999656677246,
                    "66": 13.359999656677246,
                    "67": 13.359999656677246,
                    "68": 13.359999656677246,
                    "69": 13.510000228881836,
                    "70": 13.510000228881836,
                    "71": 13.510000228881836,
                    "72": 13.670000076293945,
                    "73": 13.670000076293945,
                    "74": 13.670000076293945,
                    "75": 13.670000076293945,
                    "76": 13.729999542236328,
                    "77": 13.729999542236328,
                    "78": 13.729999542236328,
                    "79": 13.729999542236328,
                    "80": 13.729999542236328,
                    "81": 13.729999542236328,
                    "82": 13.529999732971191,
                    "83": 13.529999732971191,
                    "84": 13.529999732971191,
                    "85": 13.529999732971191,
                    "86": 13.670000076293945,
                    "87": 13.670000076293945,
                    "88": 13.670000076293945,
                    "89": 13.670000076293945,
                    "90": 13.670000076293945,
                    "91": 13.670000076293945,
                    "92": 13.670000076293945,
                    "93": 13.670000076293945,
                    "94": 13.670000076293945,
                    "95": 13.670000076293945,
                    "96": 14.0600004196167,
                    "97": 14.0600004196167,
                    "98": 14.100000381469727,
                    "99": 14.100000381469727,
                    "100": 14.100000381469727,
                    "101": 14.100000381469727,
                    "102": 13.970000267028809,
                    "103": 13.970000267028809,
                    "104": 13.970000267028809,
                    "105": 13.970000267028809,
                    "106": 14.119999885559082,
                    "107": 14.119999885559082,
                    "108": 14.119999885559082,
                    "109": 14.25,
                    "110": 14.25,
                    "111": 14.25,
                    "112": 14.25,
                    "113": 14.25,
                    "114": 14.229999542236328,
                    "115": 14.229999542236328,
                    "116": 14.229999542236328,
                    "117": 14.229999542236328,
                    "118": 14.260000228881836,
                    "119": 14.260000228881836,
                    "120": 13.289999961853027
                }
            },
            {
                "summaryType": "stress",
                "minValue": 16.0,
                "maxValue": 51.0,
                "avgValue": 33.0,
                "epochSummaries": {
                    "0": 30.0,
                    "1": 30.0,
                    "2": 30.0,
                    "3": 30.0,
                    "4": 30.0,
                    "5": 30.0,
                    "6": 30.0,
                    "7": 30.0,
                    "8": 30.0,
                    "9": 30.0,
                    "10": 30.0,
                    "11": 30.0,
                    "12": 30.0,
                    "13": 30.0,
                    "14": 28.0,
                    "15": 28.0,
                    "16": 28.0,
                    "17": 28.0,
                    "18": 28.0,
                    "19": 29.0,
                    "20": 29.0,
                    "21": 29.0,
                    "22": 29.0,
                    "23": 29.0,
                    "24": 38.0,
                    "25": 38.0,
                    "26": 38.0,
                    "27": 38.0,
                    "28": 38.0,
                    "29": 39.0,
                    "30": 39.0,
                    "31": 39.0,
                    "32": 39.0,
                    "33": 39.0,
                    "34": 42.0,
                    "35": 42.0,
                    "36": 42.0,
                    "37": 42.0,
                    "38": 42.0,
                    "39": 42.0,
                    "40": 42.0,
                    "41": 42.0,
                    "42": 42.0,
                    "43": 42.0,
                    "44": 31.0,
                    "45": 31.0,
                    "46": 31.0,
                    "47": 31.0,
                    "48": 31.0,
                    "49": 24.0,
                    "50": 24.0,
                    "51": 24.0,
                    "52": 24.0,
                    "53": 24.0,
                    "54": 18.0,
                    "55": 18.0,
                    "56": 18.0,
                    "57": 18.0,
                    "58": 18.0,
                    "59": 16.0,
                    "60": 16.0,
                    "61": 16.0,
                    "62": 16.0,
                    "63": 16.0,
                    "64": 16.0,
                    "65": 16.0,
                    "66": 16.0,
                    "67": 16.0,
                    "68": 16.0,
                    "69": 18.0,
                    "70": 18.0,
                    "71": 18.0,
                    "72": 18.0,
                    "73": 18.0,
                    "74": 21.0,
                    "75": 21.0,
                    "76": 21.0,
                    "77": 21.0,
                    "78": 21.0,
                    "79": 24.0,
                    "80": 24.0,
                    "81": 24.0,
                    "82": 24.0,
                    "83": 24.0,
                    "84": 33.0,
                    "85": 33.0,
                    "86": 33.0,
                    "87": 33.0,
                    "88": 33.0,
                    "89": 43.0,
                    "90": 43.0,
                    "91": 43.0,
                    "92": 43.0,
                    "93": 43.0,
                    "94": 49.0,
                    "95": 49.0,
                    "96": 49.0,
                    "97": 49.0,
                    "98": 49.0,
                    "99": 51.0,
                    "100": 51.0,
                    "101": 51.0,
                    "102": 51.0,
                    "103": 51.0,
                    "104": 49.0,
                    "105": 49.0,
                    "106": 49.0,
                    "107": 49.0,
                    "108": 49.0,
                    "109": 44.0,
                    "110": 44.0,
                    "111": 44.0,
                    "112": 44.0,
                    "113": 44.0,
                    "114": 38.0,
                    "115": 38.0,
                    "116": 38.0,
                    "117": 38.0,
                    "118": 38.0,
                    "119": 33.0,
                    "120": 33.0
                }
            },
            {
                "summaryType": "spo2",
                "minValue": 95.0,
                "maxValue": 98.0,
                "avgValue": 96.0,
                "epochSummaries": {
                    "2": 96.0,
                    "3": 96.0,
                    "4": 96.0,
                    "5": 96.0,
                    "6": 96.0,
                    "7": 96.0,
                    "8": 96.0,
                    "9": 96.0,
                    "10": 96.0,
                    "11": 96.0,
                    "12": 96.0,
                    "13": 96.0,
                    "14": 96.0,
                    "15": 96.0,
                    "16": 97.0,
                    "17": 97.0,
                    "18": 97.0,
                    "19": 97.0,
                    "20": 97.0,
                    "21": 97.0,
                    "22": 97.0,
                    "23": 97.0,
                    "24": 97.0,
                    "25": 97.0,
                    "26": 97.0,
                    "27": 97.0,
                    "28": 97.0,
                    "29": 97.0,
                    "30": 97.0,
                    "31": 97.0,
                    "32": 97.0,
                    "33": 97.0,
                    "34": 97.0,
                    "35": 97.0,
                    "36": 97.0,
                    "37": 97.0,
                    "38": 98.0,
                    "39": 98.0,
                    "40": 98.0,
                    "41": 98.0,
                    "42": 98.0,
                    "43": 98.0,
                    "44": 98.0,
                    "45": 98.0,
                    "46": 98.0,
                    "47": 98.0,
                    "48": 98.0,
                    "49": 98.0,
                    "50": 98.0,
                    "51": 98.0,
                    "52": 98.0,
                    "53": 98.0,
                    "54": 97.0,
                    "55": 97.0,
                    "56": 97.0,
                    "57": 97.0,
                    "58": 97.0,
                    "59": 97.0,
                    "60": 97.0,
                    "61": 97.0,
                    "62": 97.0,
                    "63": 97.0,
                    "64": 97.0,
                    "65": 97.0,
                    "66": 97.0,
                    "67": 97.0,
                    "68": 97.0,
                    "69": 97.0,
                    "70": 96.0,
                    "71": 96.0,
                    "72": 96.0,
                    "73": 96.0,
                    "74": 96.0,
                    "75": 96.0,
                    "76": 96.0,
                    "77": 96.0,
                    "78": 96.0,
                    "79": 96.0,
                    "80": 96.0,
                    "81": 96.0,
                    "82": 96.0,
                    "83": 96.0,
                    "84": 96.0,
                    "85": 96.0,
                    "86": 95.0,
                    "87": 95.0,
                    "88": 95.0,
                    "89": 95.0,
                    "90": 95.0,
                    "91": 95.0,
                    "92": 96.0,
                    "93": 96.0,
                    "94": 96.0,
                    "95": 96.0,
                    "96": 96.0,
                    "97": 96.0,
                    "98": 96.0,
                    "99": 96.0,
                    "100": 96.0,
                    "101": 96.0,
                    "102": 96.0,
                    "103": 96.0,
                    "104": 96.0,
                    "105": 96.0,
                    "106": 96.0,
                    "107": 96.0,
                    "108": 96.0,
                    "109": 96.0,
                    "110": 96.0,
                    "111": 96.0,
                    "112": 96.0,
                    "113": 96.0,
                    "114": 96.0,
                    "115": 96.0,
                    "116": 96.0,
                    "117": 96.0,
                    "118": 96.0,
                    "119": 96.0,
                    "120": 96.0
                }
            },
            {
                "summaryType": "rmssd_hrv",
                "avgValue": 58.0
            },
            {
                "summaryType": "sdrr_hrv",
                "avgValue": 103.0
            }
        ]
    }
]