[
    {
        "userId": "49d85c6a-b8f8-4787-95fa-f145553e59a9",
        "userAccessToken": "7b64f2c3-1572-407f-ac1a-ea3ef127ff2c",
        "summaryId": "x45dba26-671375c14ff64ba9-3934-43c1-94f4-164ef9a8d0d778",
        "calendarDate": "2024-10-19",
        "startTimeInSeconds": 1729328577,
        "durationInSeconds": 120,
        "startTimeOffsetInSeconds": 7254,
        "summaries": [
            {
                "summaryType": "heart_rate",
                "minValue": 55.0,
                "maxValue": 98.0,
                "avgValue": 72.0,
                "epochSummaries": {
                    "0": 65.0,
                    "1": 65.0,
                    "2": 65.0,
                    "3": 65.0,
                    "4": 65.0,
                    "5": 65.0,
                    "6": 65.0,
                    "7": 64.0,
                    "8": 63.0,
                    "9": 64.0,
                    "10": 63.0,
                    "11": 62.0,
                    "12": 62.0,
                    "13": 73.0,
                    "14": 90.0,
                    "15": 98.0,
                    "16": 97.0,
                    "17": 96.0,
                    "18": 94.0,
                    "19": 93.0,
                    "20": 93.0,
                    "21": 93.0,
                    "22": 93.0,
                    "23": 94.0,
                    "24": 93.0,
                    "25": 93.0,
                    "26": 94.0,
                    "27": 93.0,
                    "28": 93.0,
                    "29": 94.0,
                    "30": 94.0,
                    "31": 93.0,
                    "32": 88.0,
                    "33": 84.0,
                    "34": 85.0,
                    "35": 81.0,
                    "36": 82.0,
                    "37": 84.0,
                    "38": 87.0,
                    "39": 90.0,
                    "40": 92.0,
                    "41": 92.0,
                    "42": 91.0,
                    "43": 91.0,
                    "44": 91.0,
                    "45": 91.0,
                    "46": 90.0,
                    "47": 89.0,
                    "48": 87.0,
                    "49": 83.0,
                    "50": 80.0,
                    "51": 77.0,
                    "52": 77.0,
                    "53": 77.0,
                    "54": 77.0,
                    "55": 78.0,
                    "56": 78.0,
                    "57": 78.0,
                    "58": 77.0,
                    "59": 76.0,
                    "60": 76.0,
                    "61": 76.0,
                    "62": 77.0,
                    "63": 77.0,
                    "64": 76.0,
                    "65": 75.0,
                    "66": 72.0,
                    "67": 62.0,
                    "68": 60.0,
                    "69": 60.0,
                    "70": 60.0,
                    "71": 60.0,
                    "72": 60.0,
                    "73": 62.0,
                    "74": 63.0,
                    "75": 63.0,
                    "76": 64.0,
                    "77": 65.0,
                    "78": 64.0,
                    "79": 64.0,
                    "80": 65.0,
                    "81": 65.0,
                    "82": 64.0,
                    "83": 63.0,
                    "84": 64.0,
                    "85": 65.0,
                    "86": 64.0,
                    "87": 65.0,
                    "88": 71.0,
                    "89": 78.0,
                    "90": 75.0,
                    "91": 63.0,
                    "92": 65.0,
                    "93": 60.0,
                    "94": 59.0,
                    "95": 59.0,
                    "96": 59.0,
                    "97": 59.0,
                    "98": 60.0,
                    "99": 60.0,
                    "100": 62.0,
                    "101": 62.0,
                    "102": 60.0,
                    "103": 58.0,
                    "104": 57.0,
                    "105": 55.0,
                    "106": 55.0,
                    "107": 55.0,
                    "108": 56.0,
                    "109": 57.0,
                    "110": 57.0,
                    "111": 57.0,
                    "112": 56.0,
                    "113": 57.0,
                    "114": 57.0,
                    "115": 57.0,
                    "116": 57.0,
                    "117": 56.0,
                    "118": 56.0,
                    "119": 56.0,
                    "120": 56.0
                }
            },
            {
                "summaryType": "respiration",
                "minValue": 13.729999542236328,
                "maxValue": 17.100000381469727,
                "avgValue": 15.789999961853027,
                "epochSummaries": {
                    "0": 17.100000381469727,
                    "1": 17.100000381469727,
                    "2": 17.100000381469727,
                    "3": 17.100000381469727,
                    "4": 17.100000381469727,
                    "5": 17.100000381469727,
                    "6": 17.100000381469727,
                    "7": 17.100000381469727,
                    "8": 17.100000381469727,
                    "9": 16.860000610351562,
                    "10": 16.739999771118164,
                    "11": 16.739999771118164,
                    "12": 16.739999771118164,
                    "13": 16.739999771118164,
                    "14": 16.739999771118164,
                    "15": 16.739999771118164,
                    "16": 16.510000228881836,
                    "17": 16.510000228881836,
                    "18": 16.510000228881836,
                    "19": 16.31999969482422,
                    "20": 16.31999969482422,
                    "21": 16.31999969482422,
                    "22": 16.31999969482422,
                    "23": 16.31999969482422,
                    "24": 16.229999542236328,
                    "25": 16.229999542236328,
                    "26": 16.229999542236328,
                    "27": 16.229999542236328,
                    "28": 16.229999542236328,
                    "29": 16.229999542236328,
                    "30": 16.229999542236328,
                    "31": 16.139999389648438,
                    "32": 16.139999389648438,
                    "33": 16.139999389648438,
                    "34": 16.139999389648438,
                    "35": 15.899999618530273,
                    "36": 15.899999618530273,
                    "37": 15.899999618530273,
                    "38": 15.899999618530273,
                    "39": 15.930000305175781,
                    "40": 15.930000305175781,
                    "41": 15.930000305175781,
                    "42": 15.930000305175781,
                    "43": 15.930000305175781,
                    "44": 15.829999923706055,
                    "45": 15.829999923706055,
                    "46": 15.829999923706055,
                    "47": 15.829999923706055,
                    "48": 15.829999923706055,
                    "49": 15.640000343322754,
                    "50": 15.640000343322754,
                    "51": 15.640000343322754,
                    "52": 15.640000343322754,
                    "53": 15.640000343322754,
                    "54": 15.640000343322754,
                    "55": 15.640000343322754,
                    "56": 15.619999885559082,
                    "57": 15.619999885559082,
                    "58": 15.460000038146973,
                    "59": 15.460000038146973,
                    "60": 15.460000038146973,
                    "61": 15.460000038146973,
                    "62": 15.460000038146973,
                    "63": 15.460000038146973,
                    "64": 15.460000038146973,
                    "65": 15.460000038146973,
                    "66": 15.65999984741211,
                    "67": 15.65999984741211,
                    "68": 15.65999984741211,
                    "69": 15.65999984741211,
                    "70": 15.65999984741211,
                    "71": 15.65999984741211,
                    "72": 15.65999984741211,
                    "73": 15.65999984741211,
                    "74": 15.229999542236328,
                    "75": 15.229999542236328,
                    "76": 15.229999542236328,
                    "77": 15.229999542236328,
                    "78": 15.229999542236328,
                    "79": 15.229999542236328,
                    "80": 15.390000343322754,
                    "81": 15.510000228881836,
                    "82": 15.510000228881836,
                    "83": 15.510000228881836,
                    "84": 15.510000228881836,
                    "85": 15.510000228881836,
                    "86": 15.369999885559082,
                    "87": 15.369999885559082,
                    "88": 15.369999885559082,
                    "89": 15.369999885559082,
                    "90": 15.369999885559082,
                    "91": 15.369999885559082,
                    "92": 15.520000457763672,
                    "93": 15.609999656677246,
                    "94": 15.609999656677246,
                    "95": 15.609999656677246,
                    "96": 15.609999656677246,
                    "97": 15.5,
                    "98": 15.5,
                    "99": 15.5,
                    "100": 15.5,
                    "101": 15.5,
                    "102": 15.5,
                    "103": 15.40999984741211,
                    "104": 15.40999984741211,
                    "105": 15.40999984741211,
                    "106": 15.40999984741211,
                    "107": 15.40999984741211,
                    "108": 14.9399995803833,
                    "109": 14.9399995803833,
                    "110": 14.9399995803833,
                    "111": 14.9399995803833,
                    "112": 14.930000305175781,
                    "113": 14.930000305175781,
                    "114": 14.930000305175781,
                    "115": 14.930000305175781,
                    "116": 14.930000305175781,
                    "117": 14.930000305175781,
                    "118": 14.930000305175781,
                    "119": 14.930000305175781,
                    "120": 13.729999542236328
                }
            },
            {
                "summaryType": "stress",
                "minValue": 14.0,
                "maxValue": 69.0,
                "avgValue": 40.0,
                "epochSummaries": {
                    "0": 14.0,
                    "1": 14.0,
                    "2": 14.0,
                    "3": 14.0,
                    "4": 14.0,
                    "5": 14.0,
                    "6": 14.0,
                    "7": 14.0,
                    "8": 14.0,
                    "9": 16.0,
                    "10": 16.0,
                    "11": 16.0,
                    "12": 16.0,
                    "13": 16.0,
                    "14": 17.0,
                    "15": 17.0,
                    "16": 17.0,
                    "17": 17.0,
                    "18": 17.0,
                    "19": 21.0,
                    "20": 21.0,
                    "21": 21.0,
                    "22": 21.0,
                    "23": 21.0,
                    "24": 22.0,
                    "25": 22.0,
                    "26": 22.0,
                    "27": 22.0,
                    "28": 22.0,
                    "29": 30.0,
                    "30": 30.0,
                    "31": 30.0,
                    "32": 30.0,
                    "33": 30.0,
                    "34": 50.0,
                    "35": 50.0,
                    "36": 50.0,
                    "37": 50.0,
                    "38": 50.0,
                    "39": 54.0,
                    "40": 54.0,
                    "41": 54.0,
                    "42": 54.0,
                    "43": 54.0,
                    "44": 57.0,
                    "45": 57.0,
                    "46": 57.0,
                    "47": 57.0,
                    "48": 57.0,
                    "49": 65.0,
                    "50": 65.0,
                    "51": 65.0,
                    "52": 65.0,
                    "53": 65.0,
                    "54": 69.0,
                    "55": 69.0,
                    "56": 69.0,
                    "57": 69.0,
                    "58": 69.0,
                    "59": 69.0,
                    "60": 69.0,
                    "61": 69.0,
                    "62": 69.0,
                    "63": 69.0,
                    "64": 65.0,
                    "65": 65.0,
                    "66": 65.0,
                    "67": 65.0,
                    "68": 65.0,
                    "69": 58.0,
                    "70": 58.0,
                    "71": 58.0,
                    "72": 58.0,
                    "73": 58.0,
                    "74": 51.0,
                    "75": 51.0,
                    "76": 51.0,
                    "77": 51.0,
                    "78": 51.0,
                    "79": 43.0,
                    "80": 43.0,
                    "81": 43.0,
                    "82": 43.0,
                    "83": 43.0,
                    "84": 38.0,
                    "85": 38.0,
                    "86": 38.0,
                    "87": 38.0,
                    "88": 38.0,
                    "89": 34.0,
                    "90": 34.0,
                    "91": 34.0,
                    "92": 34.0,
                    "93": 34.0,
                    "94": 36.0,
                    "95": 36.0,
                    "96": 36.0,
                    "97": 36.0,
                    "98": 36.0,
                    "99": 36.0,
                    "100": 36.0,
                    "101": 36.0,
                    "102": 36.0,
                    "103": 36.0,
                    "104": 35.0,
                    "105": 35.0,
                    "106": 35.0,
                    "107": 35.0,
                    "108": 35.0,
                    "109": 30.0,
                    "110": 30.0,
                    "111": 30.0,
                    "112": 30.0,
                    "113": 30.0,
                    "114": 25.0,
                    "115": 25.0,
                    "116": 25.0,
                    "117": 25.0,
                    "118": 25.0,
                    "119": 25.0,
                    "120": 25.0
                }
            },
            {
                "summaryType": "spo2",
                "minValue": 97.0,
                "maxValue": 100.0,
                "avgValue": 98.0,
                "epochSummaries": {
                    "1": 97.0,
                    "2": 97.0,
                    "3": 97.0,
                    "4": 97.0,
                    "5": 97.0,
                    "6": 97.0,
                    "7": 97.0,
                    "8": 97.0,
                    "9": 97.0,
                    "10": 97.0,
                    "11": 97.0,
                    "12": 97.0,
                    "13": 97.0,
                    "14": 97.0,
                    "15": 97.0,
                    "16": 97.0,
                    "17": 97.0,
                    "18": 97.0,
                    "19": 97.0,
                    "20": 97.0,
                    "21": 97.0,
                    "22": 97.0,
                    "23": 97.0,
                    "24": 97.0,
                    "25": 97.0,
                    "26": 97.0,
                    "27": 97.0,
                    "28": 97.0,
                    "29": 97.0,
                    "30": 97.0,
                    "31": 98.0,
                    "32": 98.0,
                    "33": 98.0,
                    "34": 98.0,
                    "35": 98.0,
                    "36": 98.0,
                    "37": 98.0,
                    "38": 98.0,
                    "39": 98.0,
                    "40": 98.0,
                    "41": 98.0,
                    "42": 98.0,
                    "43": 98.0,
                    "44": 98.0,
                    "45": 98.0,
                    "46": 98.0,
                    "47": 98.0,
                    "48": 98.0,
                    "49": 98.0,
                    "50": 98.0,
                    "51": 99.0,
                    "52": 99.0,
                    "53": 99.0,
                    "54": 99.0,
                    "55": 100.0,
                    "56": 100.0,
                    "57": 100.0,
                    "58": 100.0,
                    "59": 100.0,
                    "60": 100.0,
                    "61": 100.0,
                    "62": 100.0,
                    "63": 100.0,
                    "64": 100.0,
                    "65": 99.0,
                    "66": 99.0,
                    "67": 99.0,
                    "68": 99.0,
                    "69": 99.0,
                    "70": 99.0,
                    "71": 99.0,
                    "72": 99.0,
                    "73": 99.0,
                    "74": 99.0,
                    "75": 99.0,
                    "76": 99.0,
                    "77": 99.0,
                    "78": 99.0,
                    "79": 99.0,
                    "80": 99.0,
                    "81": 99.0,
                    "82": 99.0,
                    "83": 99.0,
                    "84": 99.0,
                    "85": 99.0,
                    "86": 99.0,
                    "87": 99.0,
                    "88": 99.0,
                    "89": 99.0,
                    "90": 99.0,
                    "91": 99.0,
                    "92": 99.0,
                    "93": 99.0,
                    "94": 99.0,
                    "95": 99.0,
                    "96": 99.0,
                    "97": 99.0,
                    "98": 99.0,
                    "99": 99.0,
                    "100": 99.0,
                    "101": 99.0,
                    "102": 99.0,
                    "103": 99.0,
                    "104": 99.0,
                    "105": 99.0,
                    "106": 99.0,
                    "107": 99.0,
                    "108": 99.0,
                    "109": 99.0,
                    "110": 99.0,
                    "111": 99.0,
                    "112": 99.0,
                    "113": 99.0,
                    "114": 99.0,
                    "115": 99.0,
                    "116": 99.0,
                    "117": 99.0,
                    "118": 99.0,
                    "119": 99.0,
                    "120": 98.0
                }
            },
            {
                "summaryType": "rmssd_hrv",
                "avgValue": 81.0
            },
            {
                "summaryType": "sdrr_hrv",
                "avgValue": 137.0
            }
        ]
    },
    {
        "userId": "49d85c6a-b8f8-4787-95fa-f145553e59a9",
        "userAccessToken": "7b64f2c3-1572-407f-ac1a-ea3ef127ff2c",
        "summaryId": "x45dba26-67139ccf66f3fa74-96a9-4262-a1dd-a149aa02940778",
        "calendarDate": "2024-10-19",
        "startTimeInSeconds": 1729338575,
        "durationInSeconds": 120,
        "startTimeOffsetInSeconds": 7254,
        "summaries": [
            {
                "summaryType": "heart_rate",
                "minValue": 49.0,
                "maxValue": 80.0,
                "avgValue": 57.0,
                "epochSummaries": {
                    "0": 72.0,
                    "1": 73.0,
                    "2": 72.0,
                    "3": 75.0,
                    "4": 75.0,
                    "5": 76.0,
                    "6": 78.0,
                    "7": 79.0,
                    "8": 80.0,
                    "9": 80.0,
                    "10": 80.0,
                    "11": 79.0,
                    "12": 78.0,
                    "13": 76.0,
                    "14": 74.0,
                    "15": 69.0,
                    "16": 66.0,
                    "17": 62.0,
                    "18": 60.0,
                    "19": 59.0,
                    "20": 57.0,
                    "21": 55.0,
                    "22": 54.0,
                    "23": 54.0,
                    "24": 54.0,
                    "25": 53.0,
                    "26": 53.0,
                    "27": 53.0,
                    "28": 53.0,
                    "29": 53.0,
                    "30": 53.0,
                    "31": 53.0,
                    "32": 53.0,
                    "33": 53.0,
                    "34": 53.0,
                    "35": 51.0,
                    "36": 51.0,
                    "37": 50.0,
                    "38": 50.0,
                    "39": 50.0,
                    "40": 49.0,
                    "41": 49.0,
                    "42": 49.0,
                    "43": 49.0,
                    "44": 49.0,
                    "45": 49.0,
                    "46": 50.0,
                    "47": 50.0,
                    "48": 50.0,
                    "49": 50.0,
                    "50": 50.0,
                    "51": 50.0,
                    "52": 50.0,
                    "53": 50.0,
                    "54": 51.0,
                    "55": 52.0,
                    "56": 53.0,
                    "57": 54.0,
                    "58": 55.0,
                    "59": 56.0,
                    "60": 58.0,
                    "61": 61.0,
                    "62": 61.0,
                    "63": 61.0,
                    "64": 59.0,
                    "65": 56.0,
                    "66": 55.0,
                    "67": 55.0,
                    "68": 58.0,
                    "69": 58.0,
                    "70": 59.0,
                    "71": 60.0,
                    "72": 60.0,
                    "73": 59.0,
                    "74": 57.0,
                    "75": 55.0,
                    "76": 54.0,
                    "77": 54.0,
                    "78": 53.0,
                    "79": 53.0,
                    "80": 53.0,
                    "81": 53.0,
                    "82": 53.0,
                    "83": 54.0,
                    "84": 54.0,
                    "85": 55.0,
                    "86": 55.0,
                    "87": 56.0,
                    "88": 57.0,
                    "89": 57.0,
                    "90": 54.0,
                    "91": 52.0,
                    "92": 52.0,
                    "93": 52.0,
                    "94": 52.0,
                    "95": 52.0,
                    "96": 52.0,
                    "97": 52.0,
                    "98": 52.0,
                    "99": 52.0,
                    "100": 52.0,
                    "101": 52.0,
                    "102": 53.0,
                    "103": 53.0,
                    "104": 53.0,
                    "105": 53.0,
                    "106": 53.0,
                    "107": 53.0,
                    "108": 53.0,
                    "109": 53.0,
                    "110": 52.0,
                    "111": 52.0,
                    "112": 52.0,
                    "113": 53.0,
                    "114": 54.0,
                    "115": 55.0,
                    "116": 53.0,
                    "117": 51.0,
                    "118": 51.0,
                    "119": 51.0,
                    "120": 57.0
                }
            },
            {
                "summaryType": "respiration",
                "minValue": 11.140000343322754,
                "maxValue": 13.289999961853027,
                "avgValue": 12.640000343322754,
                "epochSummaries": {
                    "0": 12.149999618530273,
                    "1": 12.149999618530273,
                    "2": 12.149999618530273,
                    "3": 12.149999618530273,
                    "4": 12.149999618530273,
                    "5": 12.34000015258789,
                    "6": 12.34000015258789,
                    "7": 12.34000015258789,
                    "8": 12.539999961853027,
                    "9": 12.539999961853027,
                    "10": 12.539999961853027,
                    "11": 12.880000114440918,
                    "12": 12.880000114440918,
                    "13": 12.880000114440918,
                    "14": 12.880000114440918,
                    "15": 12.880000114440918,
                    "16": 12.880000114440918,
                    "17": 12.880000114440918,
                    "18": 12.880000114440918,
                    "19": 12.880000114440918,
                    "20": 12.880000114440918,
                    "21": 12.880000114440918,
                    "22": 12.880000114440918,
                    "23": 12.880000114440918,
                    "24": 13.289999961853027,
                    "25": 13.289999961853027,
                    "26": 13.289999961853027,
                    "27": 13.289999961853027,
                    "28": 13.289999961853027,
                    "29": 13.220000267028809,
                    "30": 13.220000267028809,
                    "31": 13.220000267028809,
                    "32": 13.220000267028809,
                    "33": 13.220000267028809,
                    "34": 13.220000267028809,
                    "35": 13.220000267028809,
                    "36": 12.949999809265137,
                    "37": 12.949999809265137,
                    "38": 12.949999809265137,
                    "39": 12.949999809265137,
                    "40": 12.949999809265137,
                    "41": 12.920000076293945,
                    "42": 12.920000076293945,
                    "43": 12.920000076293945,
                    "44": 12.920000076293945,
                    "45": 12.920000076293945,
                    "46": 12.859999656677246,
                    "47": 12.859999656677246,
                    "48": 12.859999656677246,
                    "49": 12.859999656677246,
                    "50": 12.859999656677246,
                    "51": 12.859999656677246,
                    "52": 12.859999656677246,
                    "53": 12.859999656677246,
                    "54": 12.859999656677246,
                    "55": 12.510000228881836,
                    "56": 12.510000228881836,
                    "57": 12.510000228881836,
                    "58": 12.510000228881836,
                    "59": 12.510000228881836,
                    "60": 12.510000228881836,
                    "61": 12.510000228881836,
                    "62": 12.510000228881836,
                    "63": 12.350000381469727,
                    "64": 12.350000381469727,
                    "65": 12.350000381469727,
                    "66": 12.359999656677246,
                    "67": 12.359999656677246,
                    "68": 12.359999656677246,
                    "69": 12.359999656677246,
                    "70": 12.359999656677246,
                    "71": 12.329999923706055,
                    "72": 12.329999923706055,
                    "73": 12.329999923706055,
                    "74": 12.329999923706055,
                    "75": 12.329999923706055,
                    "76": 12.329999923706055,
                    "77": 12.329999923706055,
                    "78": 12.34000015258789,
                    "79": 12.34000015258789,
                    "80": 12.34000015258789,
                    "81": 12.34000015258789,
                    "82": 12.34000015258789,
                    "83": 12.34000015258789,
                    "84": 12.550000190734863,
                    "85": 12.600000381469727,
                    "86": 12.600000381469727,
                    "87": 12.600000381469727,
                    "88": 12.600000381469727,
                    "89": 12.600000381469727,
                    "90": 12.600000381469727,
                    "91": 12.649999618530273,
                    "92": 12.649999618530273,
                    "93": 12.729999542236328,
                    "94": 12.729999542236328,
                    "95": 12.729999542236328,
                    "96": 12.729999542236328,
                    "97": 12.729999542236328,
                    "98": 12.800000190734863,
                    "99": 12.800000190734863,
                    "100": 12.800000190734863,
                    "101": 12.800000190734863,
                    "102": 12.800000190734863,
                    "103": 12.800000190734863,
                    "104": 12.800000190734863,
                    "105": 12.329999923706055,
                    "106": 12.329999923706055,
                    "107": 12.329999923706055,
                    "108": 12.329999923706055,
                    "109": 12.329999923706055,
                    "110": 12.329999923706055,
                    "111": 12.329999923706055,
                    "112": 12.40999984741211,
                    "113": 12.40999984741211,
                    "114": 12.40999984741211,
                    "115": 12.40999984741211,
                    "116": 12.239999771118164,
                    "117": 12.239999771118164,
                    "118": 12.239999771118164,
                    "119": 12.239999771118164,
                    "120": 11.140000343322754
                }
            },
            {
                "summaryType": "stress",
                "minValue": 7.0,
                "maxValue": 59.0,
                "avgValue": 25.0,
                "epochSummaries": {
                    "0": 27.0,
                    "1": 36.0,
                    "2": 36.0,
                    "3": 36.0,
                    "4": 36.0,
                    "5": 36.0,
                    "6": 45.0,
                    "7": 45.0,
                    "8": 45.0,
                    "9": 45.0,
                    "10": 45.0,
                    "11": 51.0,
                    "12": 51.0,
                    "13": 51.0,
                    "14": 51.0,
                    "15": 51.0,
                    "16": 56.0,
                    "17": 56.0,
                    "18": 56.0,
                    "19": 56.0,
                    "20": 56.0,
                    "21": 58.0,
                    "22": 58.0,
                    "23": 58.0,
                    "24": 58.0,
                    "25": 58.0,
                    "26": 59.0,
                    "27": 59.0,
                    "28": 59.0,
                    "29": 59.0,
                    "30": 59.0,
                    "31": 53.0,
                    "32": 53.0,
                    "33": 53.0,
                    "34": 53.0,
                    "35": 53.0,
                    "36": 42.0,
                    "37": 42.0,
                    "38": 42.0,
                    "39": 42.0,
                    "40": 42.0,
                    "41": 27.0,
                    "42": 27.0,
                    "43": 27.0,
                    "44": 27.0,
                    "45": 27.0,
                    "46": 20.0,
                    "47": 20.0,
                    "48": 20.0,
                    "49": 20.0,
                    "50": 20.0,
                    "51": 15.0,
                    "52": 15.0,
                    "53": 15.0,
                    "54": 15.0,
                    "55": 15.0,
                    "56": 13.0,
                    "57": 13.0,
                    "58": 13.0,
                    "59": 13.0,
                    "60": 13.0,
                    "61": 12.0,
                    "62": 12.0,
                    "63": 12.0,
                    "64": 12.0,
                    "65": 12.0,
                    "66": 12.0,
                    "67": 12.0,
                    "68": 12.0,
                    "69": 12.0,
                    "70": 12.0,
                    "71": 12.0,
                    "72": 12.0,
                    "73": 12.0,
                    "74": 12.0,
                    "75": 12.0,
                    "76": 14.0,
                    "77": 14.0,
                    "78": 14.0,
                    "79": 14.0,
                    "80": 14.0,
                    "81": 14.0,
                    "82": 14.0,
                    "83": 14.0,
                    "84": 14.0,
                    "85": 14.0,
                    "86": 13.0,
                    "87": 13.0,
                    "88": 13.0,
                    "89": 13.0,
                    "90": 13.0,
                    "91": 11.0,
                    "92": 11.0,
                    "93": 11.0,
                    "94": 11.0,
                    "95": 11.0,
                    "96": 10.0,
                    "97": 10.0,
                    "98": 10.0,
                    "99": 10.0,
                    "100": 10.0,
                    "101": 9.0,
                    "102": 9.0,
                    "103": 9.0,
                    "104": 9.0,
                    "105": 9.0,
                    "106": 7.0,
                    "107": 7.0,
                    "108": 7.0,
                    "109": 7.0,
                    "110": 7.0,
                    "111": 8.0,
                    "112": 8.0,
                    "113": 8.0,
                    "114": 8.0,
                    "115": 8.0,
                    "116": 7.0,
                    "117": 7.0,
                    "118": 7.0,
                    "119": 7.0,
                    "120": 7.0
                }
            },
            {
                "summaryType": "spo2",
                "minValue": 96.0,
                "maxValue": 99.0,
                "avgValue": 97.0,
                "epochSummaries": {
                    "0": 99.0,
                    "1": 99.0,
                    "2": 99.0,
                    "3": 99.0,
                    "4": 99.0,
                    "5": 99.0,
                    "6": 99.0,
                    "7": 99.0,
                    "8": 99.0,
                    "9": 99.0,
                    "10": 99.0,
                    "11": 99.0,
                    "12": 99.0,
                    "13": 99.0,
                    "14": 99.0,
                    "15": 99.0,
                    "16": 99.0,
                    "17": 99.0,
                    "18": 99.0,
                    "19": 99.0,
                    "20": 99.0,
                    "21": 99.0,
                    "22": 99.0,
                    "23": 99.0,
                    "24": 99.0,
                    "25": 99.0,
                    "26": 99.0,
                    "27": 98.0,
                    "28": 98.0,
                    "29": 98.0,
                    "30": 98.0,
                    "31": 98.0,
                    "32": 98.0,
                    "33": 99.0,
                    "34": 99.0,
                    "35": 99.0,
                    "36": 99.0,
                    "37": 99.0,
                    "38": 99.0,
                    "39": 99.0,
                    "40": 99.0,
                    "41": 99.0,
                    "42": 99.0,
                    "43": 99.0,
                    "44": 99.0,
                    "45": 98.0,
                    "46": 98.0,
                    "47": 97.0,
                    "48": 97.0,
                    "49": 97.0,
                    "50": 97.0,
                    "51": 97.0,
                    "52": 97.0,
                    "53": 98.0,
                    "54": 98.0,
                    "55": 99.0,
                    "56": 99.0,
                    "57": 99.0,
                    "58": 99.0,
                    "59": 99.0,
                    "60": 99.0,
                    "61": 99.0,
                    "62": 99.0,
                    "63": 99.0,
                    "64": 99.0,
                    "65": 99.0,
                    "66": 99.0,
                    "67": 99.0,
                    "68": 99.0,
                    "69": 99.0,
                    "70": 99.0,
                    "71": 99.0,
                    "72": 99.0,
                    "73": 98.0,
                    "74": 98.0,
                    "75": 97.0,
                    "76": 97.0,
                    "77": 96.0,
                    "78": 96.0,
                    "79": 96.0,
                    "80": 96.0,
                    "81": 96.0,
                    "82": 96.0,
                    "83": 96.0,
                    "84": 96.0,
                    "85": 97.0,
                    "86": 97.0,
                    "87": 97.0,
                    "88": 97.0,
                    "89": 97.0,
                    "90": 97.0,
                    "91": 97.0,
                    "92": 97.0,
                    "93": 97.0,
                    "94": 97.0,
                    "95": 97.0,
                    "96": 97.0,
                    "97": 97.0,
                    "98": 97.0,
                    "99": 97.0,
                    "100": 97.0,
                    "101": 97.0,
                    "102": 97.0,
                    "103": 97.0,
                    "104": 96.0,
                    "105": 96.0,
                    "106": 97.0,
                    "107": 97.0,
                    "108": 97.0,
                    "109": 97.0,
                    "110": 97.0,
                    "111": 97.0,
                    "112": 97.0,
                    "113": 97.0,
                    "114": 97.0,
                    "115": 97.0,
                    "116": 97.0,
                    "117": 97.0,
                    "118": 97.0,
                    "119": 97.0,
                    "120": 97.0
                }
            },
            {
                "summaryType": "rmssd_hrv",
                "avgValue": 74.0
            },
            {
                "summaryType": "sdrr_hrv",
                "avgValue": 176.0
            }
        ]
    },
    {
        "userId": "49d85c6a-b8f8-4787-95fa-f145553e59a9",
        "userAccessToken": "7b64f2c3-1572-407f-ac1a-ea3ef127ff2c",
        "summaryId": "x45dba26-671416ee31a5d205-bd95-4635-9a02-09a58fee7ebf78",
        "calendarDate": "2024-10-19",
        "startTimeInSeconds": 1729369838,
        "durationInSeconds": 120,
        "startTimeOffsetInSeconds": 7254,
        "summaries": [
            {
                "summaryType": "heart_rate",
                "minValue": 59.0,
                "maxValue": 100.0,
                "avgValue": 79.0,
                "epochSummaries": {
                    "0": 60.0,
                    "1": 60.0,
                    "2": 60.0,
                    "3": 60.0,
                    "4": 60.0,
                    "5": 60.0,
                    "6": 61.0,
                    "7": 62.0,
                    "8": 63.0,
                    "9": 65.0,
                    "10": 65.0,
                    "11": 64.0,
                    "12": 63.0,
                    "13": 62.0,
                    "14": 61.0,
                    "15": 60.0,
                    "16": 59.0,
                    "17": 59.0,
                    "18": 59.0,
                    "19": 59.0,
                    "20": 59.0,
                    "21": 59.0,
                    "22": 59.0,
                    "23": 59.0,
                    "24": 60.0,
                    "25": 61.0,
                    "26": 63.0,
                    "27": 70.0,
                    "28": 77.0,
                    "29": 86.0,
                    "30": 88.0,
                    "31": 95.0,
                    "32": 98.0,
                    "33": 100.0,
                    "34": 100.0,
                    "35": 99.0,
                    "36": 99.0,
                    "37": 98.0,
                    "38": 96.0,
                    "39": 96.0,
                    "40": 94.0,
                    "41": 94.0,
                    "42": 95.0,
                    "43": 94.0,
                    "44": 94.0,
                    "45": 94.0,
                    "46": 91.0,
                    "47": 89.0,
                    "48": 90.0,
                    "49": 90.0,
                    "50": 90.0,
                    "51": 91.0,
                    "52": 91.0,
                    "53": 91.0,
                    "54": 92.0,
                    "55": 92.0,
                    "56": 91.0,
                    "57": 91.0,
                    "58": 91.0,
                    "59": 90.0,
                    "60": 88.0,
                    "61": 87.0,
                    "62": 86.0,
                    "63": 86.0,
                    "64": 86.0,
                    "65": 86.0,
                    "66": 86.0,
                    "67": 86.0,
                    "68": 86.0,
                    "69": 87.0,
                    "70": 88.0,
                    "71": 89.0,
                    "72": 91.0,
                    "73": 90.0,
                    "74": 88.0,
                    "75": 86.0,
                    "76": 83.0,
                    "77": 82.0,
                    "78": 82.0,
                    "79": 82.0,
                    "80": 84.0,
                    "81": 85.0,
                    "82": 85.0,
                    "83": 84.0,
                    "84": 84.0,
                    "85": 84.0,
                    "86": 83.0,
                    "87": 83.0,
                    "88": 82.0,
                    "89": 81.0,
                    "90": 80.0,
                    "91": 74.0,
                    "92": 72.0,
                    "93": 70.0,
                    "94": 69.0,
                    "95": 68.0,
                    "96": 68.0,
                    "97": 68.0,
                    "98": 68.0,
                    "99": 68.0,
                    "100": 69.0,
                    "101": 69.0,
                    "102": 72.0,
                    "103": 73.0,
                    "104": 74.0,
                    "105": 74.0,
                    "106": 74.0,
                    "107": 74.0,
                    "108": 77.0,
                    "109": 75.0,
                    "110": 76.0,
                    "111": 79.0,
                    "112": 81.0,
                    "113": 75.0,
                    "114": 77.0,
                    "115": 81.0,
                    "116": 82.0,
                    "117": 82.0,
                    "118": 82.0,
                    "119": 82.0,
                    "120": 83.0
                }
            },
            {
                "summaryType": "respiration",
                "minValue": 13.670000076293945,
                "maxValue": 15.050000190734863,
                "avgValue": 14.319999694824219,
                "epochSummaries": {
                    "0": 13.779999732971191,
                    "1": 13.779999732971191,
                    "2": 13.779999732971191,
                    "3": 13.670000076293945,
                    "4": 13.670000076293945,
                    "5": 13.670000076293945,
                    "6": 13.670000076293945,
                    "7": 13.760000228881836,
                    "8": 13.760000228881836,
                    "9": 14.130000114440918,
                    "10": 14.130000114440918,
                    "11": 14.130000114440918,
                    "12": 14.130000114440918,
                    "13": 14.239999771118164,
                    "14": 14.239999771118164,
                    "15": 14.239999771118164,
                    "16": 14.239999771118164,
                    "17": 14.239999771118164,
                    "18": 14.239999771118164,
                    "19": 14.239999771118164,
                    "20": 14.569999694824219,
                    "21": 14.569999694824219,
                    "22": 14.569999694824219,
                    "23": 14.569999694824219,
                    "24": 14.569999694824219,
                    "25": 14.569999694824219,
                    "26": 14.569999694824219,
                    "27": 14.569999694824219,
                    "28": 14.609999656677246,
                    "29": 14.479999542236328,
                    "30": 14.479999542236328,
                    "31": 14.479999542236328,
                    "32": 14.460000038146973,
                    "33": 14.460000038146973,
                    "34": 14.460000038146973,
                    "35": 14.460000038146973,
                    "36": 14.460000038146973,
                    "37": 14.359999656677246,
                    "38": 14.359999656677246,
                    "39": 14.359999656677246,
                    "40": 14.359999656677246,
                    "41": 14.359999656677246,
                    "42": 14.359999656677246,
                    "43": 14.15999984741211,
                    "44": 14.15999984741211,
                    "45": 14.15999984741211,
                    "46": 14.15999984741211,
                    "47": 14.220000267028809,
                    "48": 14.220000267028809,
                    "49": 14.220000267028809,
                    "50": 14.220000267028809,
                    "51": 14.220000267028809,
                    "52": 14.220000267028809,
                    "53": 14.220000267028809,
                    "54": 13.949999809265137,
                    "55": 13.949999809265137,
                    "56": 13.949999809265137,
                    "57": 13.949999809265137,
                    "58": 13.949999809265137,
                    "59": 13.989999771118164,
                    "60": 13.989999771118164,
                    "61": 13.989999771118164,
                    "62": 13.989999771118164,
                    "63": 13.90999984741211,
                    "64": 13.90999984741211,
                    "65": 13.90999984741211,
                    "66": 13.90999984741211,
                    "67": 14.0,
                    "68": 14.0,
                    "69": 14.0,
                    "70": 14.0,
                    "71": 14.109999656677246,
                    "72": 14.109999656677246,
                    "73": 14.109999656677246,
                    "74": 14.109999656677246,
                    "75": 14.109999656677246,
                    "76": 14.34000015258789,
                    "77": 14.34000015258789,
                    "78": 14.369999885559082,
                    "79": 14.369999885559082,
                    "80": 14.369999885559082,
                    "81": 14.369999885559082,
                    "82": 14.369999885559082,
                    "83": 14.300000190734863,
                    "84": 14.300000190734863,
                    "85": 14.300000190734863,
                    "86": 14.300000190734863,
                    "87": 14.140000343322754,
                    "88": 14.140000343322754,
                    "89": 14.140000343322754,
                    "90": 14.140000343322754,
                    "91": 14.489999771118164,
                    "92": 14.489999771118164,
                    "93": 14.960000038146973,
                    "94": 14.960000038146973,
                    "95": 14.960000038146973,
                    "96": 14.960000038146973,
                    "97": 14.960000038146973,
                    "98": 14.960000038146973,
                    "99": 14.960000038146973,
                    "100": 14.960000038146973,
                    "101": 14.960000038146973,
                    "102": 14.960000038146973,
                    "103": 14.960000038146973,
                    "104": 14.649999618530273,
                    "105": 14.649999618530273,
                    "106": 14.649999618530273,
                    "107": 14.649999618530273,
                    "108": 14.59000015258789,
                    "109": 14.59000015258789,
                    "110": 14.59000015258789,
                    "111": 14.59000015258789,
                    "112": 14.59000015258789,
                    "113": 14.59000015258789,
                    "114": 14.40999984741211,
                    "115": 14.40999984741211,
                    "116": 14.40999984741211,
                    "117": 14.40999984741211,
                    "118": 14.40999984741211,
                    "119": 14.40999984741211,
                    "120": 15.050000190734863
                }
            },
            {
                "summaryType": "stress",
                "minValue": 13.0,
                "maxValue": 84.0,
                "avgValue": 47.0,
                "epochSummaries": {
                    "0": 13.0,
                    "1": 13.0,
                    "2": 13.0,
                    "3": 13.0,
                    "4": 13.0,
                    "5": 13.0,
                    "6": 13.0,
                    "7": 13.0,
                    "8": 13.0,
                    "9": 13.0,
                    "10": 13.0,
                    "11": 13.0,
                    "12": 13.0,
                    "13": 13.0,
                    "14": 13.0,
                    "15": 13.0,
                    "16": 13.0,
                    "17": 13.0,
                    "18": 13.0,
                    "19": 13.0,
                    "20": 13.0,
                    "21": 13.0,
                    "22": 14.0,
                    "23": 14.0,
                    "24": 14.0,
                    "25": 14.0,
                    "26": 14.0,
                    "27": 14.0,
                    "28": 14.0,
                    "29": 14.0,
                    "30": 14.0,
                    "31": 14.0,
                    "32": 19.0,
                    "33": 19.0,
                    "34": 19.0,
                    "35": 19.0,
                    "36": 19.0,
                    "37": 23.0,
                    "38": 23.0,
                    "39": 23.0,
                    "40": 23.0,
                    "41": 23.0,
                    "42": 25.0,
                    "43": 25.0,
                    "44": 25.0,
                    "45": 25.0,
                    "46": 25.0,
                    "47": 35.0,
                    "48": 35.0,
                    "49": 35.0,
                    "50": 35.0,
                    "51": 35.0,
                    "52": 57.0,
                    "53": 57.0,
                    "54": 57.0,
                    "55": 57.0,
                    "56": 57.0,
                    "57": 57.0,
                    "58": 57.0,
                    "59": 57.0,
                    "60": 57.0,
                    "61": 57.0,
                    "62": 48.0,
                    "63": 48.0,
                    "64": 48.0,
                    "65": 48.0,
                    "66": 48.0,
                    "67": 66.0,
                    "68": 66.0,
                    "69": 66.0,
                    "70": 66.0,
                    "71": 66.0,
                    "72": 84.0,
                    "73": 84.0,
                    "74": 84.0,
                    "75": 84.0,
                    "76": 84.0,
                    "77": 79.0,
                    "78": 79.0,
                    "79": 79.0,
                    "80": 79.0,
                    "81": 79.0,
                    "82": 79.0,
                    "83": 79.0,
                    "84": 79.0,
                    "85": 79.0,
                    "86": 79.0,
                    "87": 79.0,
                    "88": 79.0,
                    "89": 79.0,
                    "90": 79.0,
                    "91": 79.0,
                    "92": 75.0,
                    "93": 75.0,
                    "94": 75.0,
                    "95": 75.0,
                    "96": 75.0,
                    "97": 73.0,
                    "98": 73.0,
                    "99": 73.0,
                    "100": 73.0,
                    "101": 73.0,
                    "102": 71.0,
                    "103": 71.0,
                    "104": 71.0,
                    "105": 71.0,
                    "106": 71.0,
                    "107": 70.0,
                    "108": 70.0,
                    "109": 70.0,
                    "110": 70.0,
                    "111": 70.0,
                    "112": 67.0,
                    "113": 67.0,
                    "114": 67.0,
                    "115": 67.0,
                    "116": 67.0,
                    "117": 62.0,
                    "118": 62.0,
                    "119": 62.0,
                    "120": 62.0
                }
            },
            {
                "summaryType": "spo2",
                "minValue": 98.0,
                "maxValue": 99.0,
                "avgValue": 98.0,
                "epochSummaries": {
                    "1": 99.0,
                    "2": 99.0,
                    "3": 99.0,
                    "4": 99.0,
                    "5": 99.0,
                    "6": 99.0,
                    "7": 99.0,
                    "8": 99.0,
                    "9": 99.0,
                    "10": 99.0,
                    "11": 99.0,
                    "12": 99.0,
                    "13": 99.0,
                    "14": 99.0,
                    "15": 99.0,
                    "16": 99.0,
                    "17": 99.0,
                    "18": 99.0,
                    "19": 99.0,
                    "20": 99.0,
                    "21": 99.0,
                    "22": 99.0,
                    "23": 99.0,
                    "24": 99.0,
                    "25": 99.0,
                    "26": 99.0,
                    "27": 99.0,
                    "28": 99.0,
                    "29": 99.0,
                    "30": 99.0,
                    "31": 99.0,
                    "32": 99.0,
                    "33": 99.0,
                    "34": 99.0,
                    "35": 99.0,
                    "36": 99.0,
                    "37": 99.0,
                    "38": 99.0,
                    "39": 99.0,
                    "40": 99.0,
                    "41": 99.0,
                    "42": 99.0,
                    "43": 99.0,
                    "44": 99.0,
                    "45": 99.0,
                    "46": 99.0,
                    "47": 99.0,
                    "48": 99.0,
                    "49": 99.0,
                    "50": 99.0,
                    "51": 99.0,
                    "52": 99.0,
                    "53": 99.0,
                    "54": 99.0,
                    "55": 99.0,
                    "56": 99.0,
                    "57": 99.0,
                    "58": 99.0,
                    "59": 99.0,
                    "60": 99.0,
                    "61": 99.0,
                    "62": 99.0,
                    "63": 99.0,
                    "64": 99.0,
                    "65": 99.0,
                    "66": 99.0,
                    "67": 99.0,
                    "68": 99.0,
                    "69": 99.0,
                    "70": 99.0,
                    "71": 99.0,
                    "72": 99.0,
                    "73": 99.0,
                    "74": 99.0,
                    "75": 99.0,
                    "76": 99.0,
                    "77": 99.0,
                    "78": 99.0,
                    "79": 99.0,
                    "80": 99.0,
                    "81": 98.0,
                    "82": 98.0,
                    "83": 98.0,
                    "84": 98.0,
                    "85": 98.0,
                    "86": 98.0,
                    "87": 98.0,
                    "88": 98.0,
                    "89": 98.0,
                    "90": 98.0,
                    "91": 98.0,
                    "92": 98.0,
                    "93": 98.0,
                    "94": 98.0,
                    "95": 98.0,
                    "96": 98.0,
                    "97": 98.0,
                    "98": 98.0,
                    "99": 98.0,
                    "100": 98.0,
                    "101": 98.0,
                    "102": 98.0,
                    "103": 99.0,
                    "104": 99.0,
                    "105": 99.0,
                    "106": 99.0,
                    "107": 99.0,
                    "108": 99.0,
                    "109": 99.0,
                    "110": 99.0,
                    "111": 99.0,
                    "112": 99.0,
                    "113": 99.0,
                    "114": 99.0,
                    "115": 99.0,
                    "116": 99.0,
                    "117": 99.0,
                    "118": 99.0,
                    "119": 99.0,
                    "120": 99.0
                }
            },
            {
                "summaryType": "rmssd_hrv",
                "avgValue": 46.0
            },
            {
                "summaryType": "sdrr_hrv",
                "avgValue": 111.0
            }
        ]
    },
    {
        "userId": "49d85c6a-b8f8-4787-95fa-f145553e59a9",
        "userAccessToken": "7b64f2c3-1572-407f-ac1a-ea3ef127ff2c",
        "summaryId": "x45dba26-671415b37df0fd67-985d-4096-accd-b4197fbf033278",
        "calendarDate": "2024-10-19",
        "startTimeInSeconds": 1729369523,
        "durationInSeconds": 120,
        "startTimeOffsetInSeconds": 7254,
        "summaries": [
            {
                "summaryType": "heart_rate",
                "minValue": 52.0,
                "maxValue": 60.0,
                "avgValue": 54.0,
                "epochSummaries": {
                    "0": 57.0,
                    "1": 57.0,
                    "2": 57.0,
                    "3": 57.0,
                    "4": 57.0,
                    "5": 57.0,
                    "6": 57.0,
                    "7": 58.0,
                    "8": 59.0,
                    "9": 59.0,
                    "10": 58.0,
                    "11": 58.0,
                    "12": 56.0,
                    "13": 56.0,
                    "14": 57.0,
                    "15": 57.0,
                    "16": 57.0,
                    "17": 57.0,
                    "18": 57.0,
                    "19": 56.0,
                    "20": 55.0,
                    "21": 53.0,
                    "22": 53.0,
                    "23": 53.0,
                    "24": 53.0,
                    "25": 53.0,
                    "26": 53.0,
                    "27": 53.0,
                    "28": 53.0,
                    "29": 53.0,
                    "30": 53.0,
                    "31": 53.0,
                    "32": 53.0,
                    "33": 53.0,
                    "34": 53.0,
                    "35": 53.0,
                    "36": 53.0,
                    "37": 53.0,
                    "38": 53.0,
                    "39": 53.0,
                    "40": 53.0,
                    "41": 53.0,
                    "42": 53.0,
                    "43": 53.0,
                    "44": 53.0,
                    "45": 53.0,
                    "46": 53.0,
                    "47": 53.0,
                    "48": 53.0,
                    "49": 53.0,
                    "50": 53.0,
                    "51": 53.0,
                    "52": 53.0,
                    "53": 54.0,
                    "54": 54.0,
                    "55": 54.0,
                    "56": 53.0,
                    "57": 53.0,
                    "58": 53.0,
                    "59": 52.0,
                    "60": 52.0,
                    "61": 52.0,
                    "62": 53.0,
                    "63": 53.0,
                    "64": 53.0,
                    "65": 53.0,
                    "66": 53.0,
                    "67": 53.0,
                    "68": 53.0,
                    "69": 53.0,
                    "70": 53.0,
                    "71": 53.0,
                    "72": 53.0,
                    "73": 53.0,
                    "74": 53.0,
                    "75": 53.0,
                    "76": 53.0,
                    "77": 53.0,
                    "78": 53.0,
                    "79": 53.0,
                    "80": 53.0,
                    "81": 53.0,
                    "82": 53.0,
                    "83": 53.0,
                    "84": 53.0,
                    "85": 53.0,
                    "86": 53.0,
                    "87": 54.0,
                    "88": 55.0,
                    "89": 55.0,
                    "90": 55.0,
                    "91": 56.0,
                    "92": 56.0,
                    "93": 56.0,
                    "94": 56.0,
                    "95": 55.0,
                    "96": 55.0,
                    "97": 56.0,
                    "98": 56.0,
                    "99": 56.0,
                    "100": 56.0,
                    "101": 56.0,
                    "102": 55.0,
                    "103": 55.0,
                    "104": 54.0,
                    "105": 54.0,
                    "106": 54.0,
                    "107": 54.0,
                    "108": 54.0,
                    "109": 53.0,
                    "110": 53.0,
                    "111": 53.0,
                    "112": 53.0,
                    "113": 53.0,
                    "114": 53.0,
                    "115": 52.0,
                    "116": 52.0,
                    "117": 52.0,
                    "118": 57.0,
                    "119": 59.0,
                    "120": 60.0
                }
            },
            {
                "summaryType": "respiration",
                "minValue": 13.59000015258789,
                "maxValue": 15.960000038146973,
                "avgValue": 15.020000457763672,
                "epochSummaries": {
                    "0": 14.260000228881836,
                    "1": 14.260000228881836,
                    "2": 14.260000228881836,
                    "3": 14.260000228881836,
                    "4": 14.069999694824219,
                    "5": 14.069999694824219,
                    "6": 14.069999694824219,
                    "7": 14.359999656677246,
                    "8": 14.359999656677246,
                    "9": 14.359999656677246,
                    "10": 14.6899995803833,
                    "11": 14.6899995803833,
                    "12": 14.6899995803833,
                    "13": 14.6899995803833,
                    "14": 14.8100004196167,
                    "15": 14.8100004196167,
                    "16": 14.8100004196167,
                    "17": 14.8100004196167,
                    "18": 14.8100004196167,
                    "19": 14.8100004196167,
                    "20": 14.399999618530273,
                    "21": 14.399999618530273,
                    "22": 14.399999618530273,
                    "23": 14.399999618530273,
                    "24": 14.399999618530273,
                    "25": 14.380000114440918,
                    "26": 14.380000114440918,
                    "27": 14.380000114440918,
                    "28": 14.380000114440918,
                    "29": 14.359999656677246,
                    "30": 14.359999656677246,
                    "31": 14.359999656677246,
                    "32": 14.699999809265137,
                    "33": 14.699999809265137,
                    "34": 14.699999809265137,
                    "35": 14.699999809265137,
                    "36": 14.850000381469727,
                    "37": 14.850000381469727,
                    "38": 14.850000381469727,
                    "39": 14.850000381469727,
                    "40": 14.90999984741211,
                    "41": 14.90999984741211,
                    "42": 14.90999984741211,
                    "43": 14.90999984741211,
                    "44": 14.90999984741211,
                    "45": 14.90999984741211,
                    "46": 14.529999732971191,
                    "47": 14.529999732971191,
                    "48": 14.529999732971191,
                    "49": 14.529999732971191,
                    "50": 14.640000343322754,
                    "51": 14.640000343322754,
                    "52": 14.880000114440918,
                    "53": 14.880000114440918,
                    "54": 14.880000114440918,
                    "55": 14.880000114440918,
                    "56": 15.149999618530273,
                    "57": 15.149999618530273,
                    "58": 15.149999618530273,
                    "59": 15.149999618530273,
                    "60": 15.199999809265137,
                    "61": 15.199999809265137,
                    "62": 15.199999809265137,
                    "63": 15.199999809265137,
                    "64": 15.15999984741211,
                    "65": 15.15999984741211,
                    "66": 15.15999984741211,
                    "67": 15.260000228881836,
                    "68": 15.260000228881836,
                    "69": 15.260000228881836,
                    "70": 15.260000228881836,
                    "71": 15.260000228881836,
                    "72": 15.289999961853027,
                    "73": 15.289999961853027,
                    "74": 15.289999961853027,
                    "75": 15.289999961853027,
                    "76": 15.289999961853027,
                    "77": 15.029999732971191,
                    "78": 15.029999732971191,
                    "79": 15.029999732971191,
                    "80": 15.029999732971191,
                    "81": 15.079999923706055,
                    "82": 15.079999923706055,
                    "83": 15.079999923706055,
                    "84": 15.260000228881836,
                    "85": 15.260000228881836,
                    "86": 15.260000228881836,
                    "87": 15.5,
                    "88": 15.5,
                    "89": 15.5,
                    "90": 15.5,
                    "91": 15.520000457763672,
                    "92": 15.520000457763672,
                    "93": 15.520000457763672,
                    "94": 15.520000457763672,
                    "95": 15.520000457763672,
                    "96": 15.479999542236328,
                    "97": 15.479999542236328,
                    "98": 15.619999885559082,
                    "99": 15.619999885559082,
                    "100": 15.619999885559082,
                    "101": 15.619999885559082,
                    "102": 15.960000038146973,
                    "103": 15.960000038146973,
                    "104": 15.960000038146973,
                    "105": 15.960000038146973,
                    "106": 15.779999732971191,
                    "107": 15.779999732971191,
                    "108": 15.779999732971191,
                    "109": 15.779999732971191,
                    "110": 15.779999732971191,
                    "111": 15.539999961853027,
                    "112": 15.539999961853027,
                    "113": 15.539999961853027,
                    "114": 15.539999961853027,
                    "115": 15.539999961853027,
                    "116": 15.539999961853027,
                    "117": 15.539999961853027,
                    "118": 15.539999961853027,
                    "119": 15.539999961853027,
                    "120": 13.59000015258789
                }
            },
            {
                "summaryType": "stress",
                "minValue": 11.0,
                "maxValue": 18.0,
                "avgValue": 14.0,
                "epochSummaries": {
                    "0": 12.0,
                    "1": 12.0,
                    "2": 12.0,
                    "3": 13.0,
                    "4": 13.0,
                    "5": 13.0,
                    "6": 13.0,
                    "7": 13.0,
                    "8": 14.0,
                    "9": 14.0,
                    "10": 14.0,
                    "11": 14.0,
                    "12": 14.0,
                    "13": 14.0,
                    "14": 14.0,
                    "15": 14.0,
                    "16": 14.0,
                    "17": 14.0,
                    "18": 15.0,
                    "19": 15.0,
                    "20": 15.0,
                    "21": 15.0,
                    "22": 15.0,
                    "23": 16.0,
                    "24": 16.0,
                    "25": 16.0,
                    "26": 16.0,
                    "27": 16.0,
                    "28": 17.0,
                    "29": 17.0,
                    "30": 17.0,
                    "31": 17.0,
                    "32": 17.0,
                    "33": 17.0,
                    "34": 17.0,
                    "35": 17.0,
                    "36": 17.0,
                    "37": 17.0,
                    "38": 17.0,
                    "39": 17.0,
                    "40": 17.0,
                    "41": 17.0,
                    "42": 17.0,
                    "43": 17.0,
                    "44": 17.0,
                    "45": 17.0,
                    "46": 17.0,
                    "47": 17.0,
                    "48": 18.0,
                    "49": 18.0,
                    "50": 18.0,
                    "51": 18.0,
                    "52": 18.0,
                    "53": 18.0,
                    "54": 18.0,
                    "55": 18.0,
                    "56": 18.0,
                    "57": 18.0,
                    "58": 17.0,
                    "59": 17.0,
                    "60": 17.0,
                    "61": 17.0,
                    "62": 17.0,
                    "63": 16.0,
                    "64": 16.0,
                    "65": 16.0,
                    "66": 16.0,
                    "67": 16.0,
                    "68": 15.0,
                    "69": 15.0,
                    "70": 15.0,
                    "71": 15.0,
                    "72": 15.0,
                    "73": 13.0,
                    "74": 13.0,
                    "75": 13.0,
                    "76": 13.0,
                    "77": 13.0,
                    "78": 12.0,
                    "79": 12.0,
                    "80": 12.0,
                    "81": 12.0,
                    "82": 12.0,
                    "83": 11.0,
                    "84": 11.0,
                    "85": 11.0,
                    "86": 11.0,
                    "87": 11.0,
                    "88": 12.0,
                    "89": 12.0,
                    "90": 12.0,
                    "91": 12.0,
                    "92": 12.0,
                    "93": 13.0,
                    "94": 13.0,
                    "95": 13.0,
                    "96": 13.0,
                    "97": 13.0,
                    "98": 13.0,
                    "99": 13.0,
                    "100": 13.0,
                    "101": 13.0,
                    "102": 13.0,
                    "103": 14.0,
                    "104": 14.0,
                    "105": 14.0,
                    "106": 14.0,
                    "107": 14.0,
                    "108": 13.0,
                    "109": 13.0,
                    "110": 13.0,
                    "111": 13.0,
                    "112": 13.0,
                    "113": 12.0,
                    "114": 12.0,
                    "115": 12.0,
                    "116": 12.0,
                    "117": 12.0,
                    "118": 11.0,
                    "119": 11.0,
                    "120": 11.0
                }
            },
            {
                "summaryType": "spo2",
                "minValue": 97.0,
                "maxValue": 100.0,
                "avgValue": 99.0,
                "epochSummaries": {
                    "0": 99.0,
                    "1": 99.0,
                    "2": 99.0,
                    "3": 99.0,
                    "4": 99.0,
                    "5": 99.0,
                    "6": 99.0,
                    "7": 99.0,
                    "8": 99.0,
                    "9": 99.0,
                    "10": 99.0,
                    "11": 99.0,
                    "12": 99.0,
                    "13": 99.0,
                    "14": 99.0,
                    "15": 99.0,
                    "16": 99.0,
                    "17": 99.0,
                    "18": 99.0,
                    "19": 99.0,
                    "20": 99.0,
                    "21": 99.0,
                    "22": 99.0,
                    "23": 99.0,
                    "24": 99.0,
                    "25": 99.0,
                    "26": 99.0,
                    "27": 99.0,
                    "28": 99.0,
                    "29": 99.0,
                    "30": 99.0,
                    "31": 99.0,
                    "32": 99.0,
                    "33": 98.0,
                    "34": 98.0,
                    "35": 99.0,
                    "36": 99.0,
                    "37": 99.0,
                    "38": 99.0,
                    "39": 99.0,
                    "40": 99.0,
                    "41": 100.0,
                    "42": 100.0,
                    "43": 99.0,
                    "44": 99.0,
                    "45": 99.0,
                    "46": 99.0,
                    "47": 100.0,
                    "48": 100.0,
                    "49": 100.0,
                    "50": 100.0,
                    "51": 100.0,
                    "52": 100.0,
                    "53": 100.0,
                    "54": 100.0,
                    "55": 100.0,
                    "56": 100.0,
                    "57": 100.0,
                    "58": 100.0,
                    "59": 100.0,
                    "60": 100.0,
                    "61": 100.0,
                    "62": 100.0,
                    "63": 100.0,
                    "64": 100.0,
                    "65": 100.0,
                    "66": 100.0,
                    "67": 100.0,
                    "68": 100.0,
                    "69": 100.0,
                    "70": 100.0,
                    "71": 100.0,
                    "72": 100.0,
                    "73": 100.0,
                    "74": 100.0,
                    "75": 99.0,
                    "76": 99.0,
                    "77": 99.0,
                    "78": 99.0,
                    "79": 99.0,
                    "80": 99.0,
                    "81": 99.0,
                    "82": 99.0,
                    "83": 99.0,
                    "84": 99.0,
                    "85": 99.0,
                    "86": 99.0,
                    "87": 99.0,
                    "88": 99.0,
                    "89": 98.0,
                    "90": 98.0,
                    "91": 97.0,
                    "92": 97.0,
                    "93": 98.0,
                    "94": 98.0,
                    "95": 98.0,
                    "96": 98.0,
                    "97": 98.0,
                    "98": 98.0,
                    "99": 98.0,
                    "100": 98.0,
                    "101": 98.0,
                    "102": 99.0,
                    "103": 99.0,
                    "104": 99.0,
                    "105": 99.0,
                    "106": 99.0,
                    "107": 99.0,
                    "108": 99.0,
                    "109": 99.0,
                    "110": 99.0,
                    "111": 99.0,
                    "112": 99.0,
                    "113": 99.0,
                    "114": 99.0,
                    "115": 99.0,
                    "116": 99.0,
                    "117": 99.0,
                    "118": 99.0,
                    "119": 99.0,
                    "120": 99.0
                }
            },
            {
                "summaryType": "rmssd_hrv",
                "avgValue": 70.0
            },
            {
                "summaryType": "sdrr_hrv",
                "avgValue": 73.0
            }
        ]
    }
]