[
    {
        "userId": "49d85c6a-b8f8-4787-95fa-f145553e59a9",
        "userAccessToken": "7b64f2c3-1572-407f-ac1a-ea3ef127ff2c",
        "summaryId": "x45dba26-67041cbd79584e84-8c62-4190-a87f-a8f584c0cefb78",
        "calendarDate": "2024-10-07",
        "startTimeInSeconds": 1728322749,
        "durationInSeconds": 120,
        "startTimeOffsetInSeconds": 7254,
        "summaries": [
            {
                "summaryType": "heart_rate",
                "minValue": 78.0,
                "maxValue": 97.0,
                "avgValue": 88.0,
                "epochSummaries": {
                    "0": 80.0,
                    "1": 80.0,
                    "2": 80.0,
                    "3": 80.0,
                    "4": 80.0,
                    "5": 81.0,
                    "6": 81.0,
                    "7": 82.0,
                    "8": 85.0,
                    "9": 87.0,
                    "10": 87.0,
                    "11": 87.0,
                    "12": 87.0,
                    "13": 88.0,
                    "14": 88.0,
                    "15": 89.0,
                    "16": 89.0,
                    "17": 89.0,
                    "18": 90.0,
                    "19": 91.0,
                    "20": 91.0,
                    "21": 90.0,
                    "22": 89.0,
                    "23": 87.0,
                    "24": 84.0,
                    "25": 82.0,
                    "26": 83.0,
                    "27": 83.0,
                    "28": 84.0,
                    "29": 85.0,
                    "30": 85.0,
                    "31": 88.0,
                    "32": 88.0,
                    "33": 88.0,
                    "34": 88.0,
                    "35": 89.0,
                    "36": 90.0,
                    "37": 90.0,
                    "38": 90.0,
                    "39": 91.0,
                    "40": 96.0,
                    "41": 97.0,
                    "42": 97.0,
                    "43": 97.0,
                    "44": 97.0,
                    "45": 97.0,
                    "46": 96.0,
                    "47": 95.0,
                    "48": 95.0,
                    "50": 94.0,
                    "51": 92.0,
                    "52": 92.0,
                    "53": 92.0,
                    "54": 93.0,
                    "55": 93.0,
                    "56": 94.0,
                    "57": 94.0,
                    "58": 94.0,
                    "59": 94.0,
                    "60": 93.0,
                    "61": 92.0,
                    "62": 89.0,
                    "63": 90.0,
                    "64": 91.0,
                    "65": 93.0,
                    "66": 93.0,
                    "67": 93.0,
                    "68": 93.0,
                    "69": 92.0,
                    "70": 92.0,
                    "71": 92.0,
                    "72": 92.0,
                    "73": 90.0,
                    "74": 89.0,
                    "75": 88.0,
                    "76": 88.0,
                    "77": 88.0,
                    "78": 87.0,
                    "79": 87.0,
                    "80": 87.0,
                    "81": 87.0,
                    "82": 87.0,
                    "83": 87.0,
                    "84": 87.0,
                    "85": 87.0,
                    "86": 87.0,
                    "87": 90.0,
                    "88": 89.0,
                    "89": 87.0,
                    "90": 83.0,
                    "91": 82.0,
                    "92": 81.0,
                    "93": 80.0,
                    "94": 80.0,
                    "95": 80.0,
                    "96": 80.0,
                    "97": 80.0,
                    "98": 80.0,
                    "99": 79.0,
                    "100": 78.0,
                    "101": 78.0,
                    "102": 78.0,
                    "103": 78.0,
                    "104": 78.0,
                    "105": 79.0,
                    "106": 81.0,
                    "107": 83.0,
                    "108": 84.0,
                    "109": 85.0,
                    "110": 87.0,
                    "111": 90.0,
                    "112": 92.0,
                    "113": 92.0,
                    "114": 91.0,
                    "115": 91.0,
                    "116": 90.0,
                    "117": 89.0,
                    "118": 89.0,
                    "119": 89.0,
                    "120": 89.0,
                    "121": 89.0
                }
            },
            {
                "summaryType": "respiration",
                "minValue": 13.15999984741211,
                "maxValue": 14.029999732971191,
                "avgValue": 13.640000343322754,
                "epochSummaries": {
                    "0": 13.819999694824219,
                    "1": 13.819999694824219,
                    "2": 13.819999694824219,
                    "3": 13.819999694824219,
                    "4": 13.819999694824219,
                    "5": 13.819999694824219,
                    "6": 13.59000015258789,
                    "7": 13.520000457763672,
                    "8": 13.520000457763672,
                    "9": 13.520000457763672,
                    "10": 13.520000457763672,
                    "11": 13.520000457763672,
                    "12": 13.520000457763672,
                    "13": 13.350000381469727,
                    "14": 13.350000381469727,
                    "15": 13.350000381469727,
                    "16": 13.350000381469727,
                    "17": 13.5,
                    "18": 13.5,
                    "19": 13.5,
                    "20": 13.5,
                    "21": 13.5,
                    "22": 13.5,
                    "23": 13.5,
                    "24": 13.5,
                    "25": 13.15999984741211,
                    "26": 13.15999984741211,
                    "27": 13.15999984741211,
                    "28": 13.15999984741211,
                    "29": 13.270000457763672,
                    "30": 13.270000457763672,
                    "31": 13.270000457763672,
                    "32": 13.420000076293945,
                    "33": 13.420000076293945,
                    "34": 13.420000076293945,
                    "35": 13.420000076293945,
                    "36": 13.640000343322754,
                    "37": 13.640000343322754,
                    "38": 13.640000343322754,
                    "39": 13.640000343322754,
                    "40": 13.640000343322754,
                    "41": 13.640000343322754,
                    "42": 13.640000343322754,
                    "43": 13.640000343322754,
                    "44": 13.640000343322754,
                    "45": 13.640000343322754,
                    "46": 13.640000343322754,
                    "47": 13.640000343322754,
                    "48": 13.640000343322754,
                    "50": 13.640000343322754,
                    "51": 13.640000343322754,
                    "52": 13.859999656677246,
                    "53": 13.859999656677246,
                    "54": 13.859999656677246,
                    "55": 14.029999732971191,
                    "56": 14.029999732971191,
                    "57": 14.029999732971191,
                    "58": 14.029999732971191,
                    "59": 14.029999732971191,
                    "60": 14.029999732971191,
                    "61": 14.029999732971191,
                    "62": 14.029999732971191,
                    "63": 14.029999732971191,
                    "64": 13.720000267028809,
                    "65": 13.720000267028809,
                    "66": 13.720000267028809,
                    "67": 13.720000267028809,
                    "68": 13.720000267028809,
                    "69": 13.720000267028809,
                    "70": 13.720000267028809,
                    "71": 13.720000267028809,
                    "72": 13.720000267028809,
                    "73": 13.84000015258789,
                    "74": 13.819999694824219,
                    "75": 13.819999694824219,
                    "76": 13.819999694824219,
                    "77": 13.819999694824219,
                    "78": 13.819999694824219,
                    "79": 13.819999694824219,
                    "80": 13.640000343322754,
                    "81": 13.640000343322754,
                    "82": 13.640000343322754,
                    "83": 13.640000343322754,
                    "84": 13.640000343322754,
                    "85": 13.640000343322754,
                    "86": 13.640000343322754,
                    "87": 13.640000343322754,
                    "88": 13.640000343322754,
                    "89": 13.640000343322754,
                    "90": 13.640000343322754,
                    "91": 13.640000343322754,
                    "92": 13.640000343322754,
                    "93": 13.640000343322754,
                    "94": 13.640000343322754,
                    "95": 13.640000343322754,
                    "96": 13.640000343322754,
                    "97": 13.640000343322754,
                    "98": 13.640000343322754,
                    "99": 13.640000343322754,
                    "100": 13.640000343322754,
                    "101": 13.640000343322754,
                    "102": 13.640000343322754,
                    "103": 13.640000343322754,
                    "104": 13.640000343322754,
                    "105": 13.640000343322754,
                    "106": 13.640000343322754,
                    "107": 13.640000343322754,
                    "108": 13.640000343322754,
                    "109": 13.640000343322754,
                    "110": 13.640000343322754,
                    "111": 13.640000343322754,
                    "112": 13.640000343322754,
                    "113": 13.640000343322754,
                    "114": 13.640000343322754,
                    "115": 13.640000343322754,
                    "116": 13.640000343322754,
                    "117": 13.640000343322754,
                    "118": 13.640000343322754,
                    "119": 13.640000343322754,
                    "120": 13.640000343322754,
                    "121": 13.640000343322754
                }
            },
            {
                "summaryType": "stress",
                "minValue": 36.0,
                "maxValue": 85.0,
                "avgValue": 67.0,
                "epochSummaries": {
                    "0": 36.0,
                    "1": 42.0,
                    "2": 42.0,
                    "3": 42.0,
                    "4": 42.0,
                    "5": 42.0,
                    "6": 47.0,
                    "7": 47.0,
                    "8": 47.0,
                    "9": 47.0,
                    "10": 47.0,
                    "11": 54.0,
                    "12": 54.0,
                    "13": 54.0,
                    "14": 54.0,
                    "15": 54.0,
                    "16": 50.0,
                    "17": 50.0,
                    "18": 50.0,
                    "19": 50.0,
                    "20": 50.0,
                    "21": 51.0,
                    "22": 51.0,
                    "23": 51.0,
                    "24": 51.0,
                    "25": 51.0,
                    "26": 53.0,
                    "27": 53.0,
                    "28": 53.0,
                    "29": 53.0,
                    "30": 53.0,
                    "31": 51.0,
                    "32": 51.0,
                    "33": 51.0,
                    "34": 51.0,
                    "35": 51.0,
                    "36": 53.0,
                    "37": 53.0,
                    "38": 53.0,
                    "39": 53.0,
                    "40": 53.0,
                    "41": 56.0,
                    "42": 56.0,
                    "43": 56.0,
                    "44": 56.0,
                    "45": 56.0,
                    "46": 65.0,
                    "47": 65.0,
                    "48": 65.0,
                    "50": 65.0,
                    "51": 65.0,
                    "52": 72.0,
                    "53": 72.0,
                    "54": 72.0,
                    "55": 72.0,
                    "56": 72.0,
                    "57": 80.0,
                    "58": 80.0,
                    "59": 80.0,
                    "60": 80.0,
                    "61": 80.0,
                    "62": 84.0,
                    "63": 84.0,
                    "64": 84.0,
                    "65": 84.0,
                    "66": 84.0,
                    "67": 85.0,
                    "68": 85.0,
                    "69": 85.0,
                    "70": 85.0,
                    "71": 85.0,
                    "72": 84.0,
                    "73": 84.0,
                    "74": 84.0,
                    "75": 84.0,
                    "76": 84.0,
                    "77": 84.0,
                    "78": 84.0,
                    "79": 84.0,
                    "80": 84.0,
                    "81": 84.0,
                    "82": 82.0,
                    "83": 82.0,
                    "84": 82.0,
                    "85": 82.0,
                    "86": 82.0,
                    "87": 81.0,
                    "88": 81.0,
                    "89": 81.0,
                    "90": 81.0,
                    "91": 81.0,
                    "92": 80.0,
                    "93": 80.0,
                    "94": 80.0,
                    "95": 80.0,
                    "96": 80.0,
                    "97": 77.0,
                    "98": 77.0,
                    "99": 77.0,
                    "100": 77.0,
                    "101": 77.0,
                    "102": 74.0,
                    "103": 74.0,
                    "104": 74.0,
                    "105": 74.0,
                    "106": 74.0,
                    "107": 71.0,
                    "108": 71.0,
                    "109": 71.0,
                    "110": 71.0,
                    "111": 71.0,
                    "112": 70.0,
                    "113": 70.0,
                    "114": 70.0,
                    "115": 70.0,
                    "116": 70.0,
                    "117": 71.0,
                    "118": 71.0,
                    "119": 71.0,
                    "120": 71.0,
                    "121": 71.0
                }
            },
            {
                "summaryType": "spo2",
                "minValue": 98.0,
                "maxValue": 99.0,
                "avgValue": 98.0,
                "epochSummaries": {
                    "1": 98.0,
                    "2": 98.0,
                    "3": 98.0,
                    "4": 98.0,
                    "5": 98.0,
                    "6": 98.0,
                    "7": 98.0,
                    "8": 98.0,
                    "9": 98.0,
                    "10": 98.0,
                    "11": 98.0,
                    "12": 98.0,
                    "13": 98.0,
                    "14": 98.0,
                    "15": 98.0,
                    "16": 98.0,
                    "17": 98.0,
                    "18": 98.0,
                    "19": 98.0,
                    "20": 98.0,
                    "21": 98.0,
                    "22": 98.0,
                    "23": 98.0,
                    "24": 98.0,
                    "25": 98.0,
                    "26": 98.0,
                    "27": 98.0,
                    "28": 98.0,
                    "29": 98.0,
                    "30": 98.0,
                    "31": 98.0,
                    "32": 98.0,
                    "33": 98.0,
                    "34": 99.0,
                    "35": 99.0,
                    "36": 99.0,
                    "37": 99.0,
                    "38": 99.0,
                    "39": 99.0,
                    "40": 99.0,
                    "41": 99.0,
                    "42": 99.0,
                    "43": 99.0,
                    "44": 99.0,
                    "45": 99.0,
                    "46": 99.0,
                    "47": 99.0,
                    "48": 99.0,
                    "50": 99.0,
                    "51": 99.0,
                    "52": 99.0,
                    "53": 99.0,
                    "54": 99.0,
                    "55": 99.0,
                    "56": 99.0,
                    "57": 99.0,
                    "58": 99.0,
                    "59": 99.0,
                    "60": 98.0,
                    "61": 98.0,
                    "62": 98.0,
                    "63": 98.0,
                    "64": 98.0,
                    "65": 98.0,
                    "66": 98.0,
                    "67": 98.0,
                    "68": 98.0,
                    "69": 98.0,
                    "70": 98.0,
                    "71": 98.0,
                    "72": 98.0,
                    "73": 98.0,
                    "74": 98.0,
                    "75": 98.0,
                    "76": 98.0,
                    "77": 98.0,
                    "78": 98.0,
                    "79": 98.0,
                    "80": 98.0,
                    "81": 98.0,
                    "82": 98.0,
                    "83": 98.0,
                    "84": 98.0,
                    "85": 98.0,
                    "86": 98.0,
                    "87": 98.0,
                    "88": 98.0,
                    "89": 98.0,
                    "90": 98.0,
                    "91": 98.0,
                    "92": 98.0,
                    "93": 98.0,
                    "94": 98.0,
                    "95": 98.0,
                    "96": 98.0,
                    "97": 98.0,
                    "98": 98.0,
                    "99": 98.0,
                    "100": 98.0,
                    "101": 98.0,
                    "102": 98.0,
                    "103": 98.0,
                    "104": 99.0,
                    "105": 99.0,
                    "106": 99.0,
                    "107": 99.0,
                    "108": 99.0,
                    "109": 99.0,
                    "110": 99.0,
                    "111": 99.0,
                    "112": 99.0,
                    "113": 99.0,
                    "114": 99.0,
                    "115": 99.0,
                    "116": 99.0,
                    "117": 99.0,
                    "118": 99.0,
                    "119": 99.0,
                    "120": 99.0,
                    "121": 99.0
                }
            },
            {
                "summaryType": "rmssd_hrv",
                "avgValue": 53.0
            },
            {
                "summaryType": "sdrr_hrv",
                "avgValue": 53.0
            }
        ]
    }
]