[
    {
        "userId": "49d85c6a-b8f8-4787-95fa-f145553e59a9",
        "userAccessToken": "7b64f2c3-1572-407f-ac1a-ea3ef127ff2c",
        "summaryId": "x45dba26-670cbccff6191c0e-aa9d-4039-a6ae-77a2d7005d1778",
        "calendarDate": "2024-10-14",
        "startTimeInSeconds": 1728888015,
        "durationInSeconds": 120,
        "startTimeOffsetInSeconds": 7254,
        "summaries": [
            {
                "summaryType": "heart_rate",
                "minValue": 53.0,
                "maxValue": 91.0,
                "avgValue": 76.0,
                "epochSummaries": {
                    "0": 75.0,
                    "1": 75.0,
                    "2": 76.0,
                    "3": 76.0,
                    "4": 76.0,
                    "5": 77.0,
                    "6": 77.0,
                    "7": 78.0,
                    "8": 79.0,
                    "9": 80.0,
                    "10": 81.0,
                    "11": 87.0,
                    "12": 87.0,
                    "13": 87.0,
                    "14": 87.0,
                    "15": 87.0,
                    "16": 87.0,
                    "17": 87.0,
                    "18": 87.0,
                    "19": 87.0,
                    "20": 87.0,
                    "21": 87.0,
                    "22": 87.0,
                    "23": 86.0,
                    "24": 86.0,
                    "25": 86.0,
                    "26": 87.0,
                    "27": 90.0,
                    "28": 91.0,
                    "29": 91.0,
                    "30": 90.0,
                    "31": 89.0,
                    "32": 89.0,
                    "33": 89.0,
                    "34": 89.0,
                    "35": 89.0,
                    "36": 89.0,
                    "37": 89.0,
                    "38": 89.0,
                    "39": 88.0,
                    "40": 87.0,
                    "41": 87.0,
                    "42": 86.0,
                    "43": 86.0,
                    "44": 86.0,
                    "45": 86.0,
                    "46": 86.0,
                    "47": 86.0,
                    "48": 85.0,
                    "49": 84.0,
                    "50": 83.0,
                    "51": 83.0,
                    "52": 83.0,
                    "53": 83.0,
                    "54": 82.0,
                    "55": 82.0,
                    "56": 83.0,
                    "57": 83.0,
                    "58": 83.0,
                    "59": 83.0,
                    "60": 83.0,
                    "61": 83.0,
                    "62": 83.0,
                    "63": 82.0,
                    "64": 82.0,
                    "65": 82.0,
                    "66": 82.0,
                    "67": 79.0,
                    "68": 77.0,
                    "69": 75.0,
                    "70": 73.0,
                    "71": 72.0,
                    "72": 71.0,
                    "73": 71.0,
                    "74": 69.0,
                    "75": 63.0,
                    "76": 59.0,
                    "77": 57.0,
                    "78": 55.0,
                    "79": 54.0,
                    "80": 55.0,
                    "81": 55.0,
                    "82": 60.0,
                    "83": 60.0,
                    "84": 60.0,
                    "85": 59.0,
                    "86": 58.0,
                    "87": 57.0,
                    "88": 57.0,
                    "89": 57.0,
                    "90": 56.0,
                    "91": 56.0,
                    "92": 54.0,
                    "93": 53.0,
                    "94": 53.0,
                    "95": 53.0,
                    "96": 54.0,
                    "97": 58.0,
                    "98": 62.0,
                    "99": 56.0,
                    "100": 56.0,
                    "101": 57.0,
                    "102": 59.0,
                    "103": 63.0,
                    "104": 65.0,
                    "105": 67.0,
                    "106": 69.0,
                    "107": 71.0,
                    "108": 73.0,
                    "109": 74.0,
                    "110": 75.0,
                    "111": 76.0,
                    "112": 77.0,
                    "113": 77.0,
                    "114": 78.0,
                    "115": 81.0,
                    "116": 82.0,
                    "117": 81.0,
                    "118": 82.0,
                    "119": 82.0,
                    "120": 82.0
                }
            },
            {
                "summaryType": "respiration",
                "minValue": 12.920000076293945,
                "maxValue": 15.960000038146973,
                "avgValue": 14.680000305175781,
                "epochSummaries": {
                    "0": 14.210000038146973,
                    "1": 14.210000038146973,
                    "2": 14.210000038146973,
                    "3": 14.210000038146973,
                    "4": 14.130000114440918,
                    "5": 14.130000114440918,
                    "6": 14.130000114440918,
                    "7": 14.130000114440918,
                    "8": 14.130000114440918,
                    "9": 14.130000114440918,
                    "10": 14.130000114440918,
                    "11": 14.130000114440918,
                    "12": 14.130000114440918,
                    "13": 14.130000114440918,
                    "14": 13.65999984741211,
                    "15": 13.65999984741211,
                    "16": 13.65999984741211,
                    "17": 13.65999984741211,
                    "18": 13.770000457763672,
                    "19": 13.770000457763672,
                    "20": 13.899999618530273,
                    "21": 13.899999618530273,
                    "22": 13.899999618530273,
                    "23": 14.069999694824219,
                    "24": 14.069999694824219,
                    "25": 14.069999694824219,
                    "26": 14.069999694824219,
                    "27": 14.069999694824219,
                    "28": 14.069999694824219,
                    "29": 14.069999694824219,
                    "30": 14.069999694824219,
                    "31": 14.069999694824219,
                    "32": 14.069999694824219,
                    "33": 14.069999694824219,
                    "34": 14.069999694824219,
                    "35": 14.069999694824219,
                    "36": 14.069999694824219,
                    "37": 14.069999694824219,
                    "38": 14.069999694824219,
                    "39": 14.069999694824219,
                    "40": 14.109999656677246,
                    "41": 14.109999656677246,
                    "42": 14.109999656677246,
                    "43": 14.109999656677246,
                    "44": 14.109999656677246,
                    "45": 14.109999656677246,
                    "46": 14.109999656677246,
                    "47": 13.899999618530273,
                    "48": 13.899999618530273,
                    "49": 13.899999618530273,
                    "50": 13.899999618530273,
                    "51": 13.899999618530273,
                    "52": 13.899999618530273,
                    "53": 13.899999618530273,
                    "54": 14.050000190734863,
                    "55": 14.180000305175781,
                    "56": 14.399999618530273,
                    "57": 14.399999618530273,
                    "58": 14.399999618530273,
                    "59": 14.399999618530273,
                    "60": 14.529999732971191,
                    "61": 14.529999732971191,
                    "62": 14.529999732971191,
                    "63": 14.529999732971191,
                    "64": 14.529999732971191,
                    "65": 14.529999732971191,
                    "66": 14.520000457763672,
                    "67": 14.520000457763672,
                    "68": 14.520000457763672,
                    "69": 14.520000457763672,
                    "70": 14.520000457763672,
                    "71": 14.520000457763672,
                    "72": 14.520000457763672,
                    "73": 14.989999771118164,
                    "74": 15.550000190734863,
                    "75": 15.550000190734863,
                    "76": 15.550000190734863,
                    "77": 15.550000190734863,
                    "78": 15.550000190734863,
                    "79": 15.550000190734863,
                    "80": 15.770000457763672,
                    "81": 15.770000457763672,
                    "82": 15.770000457763672,
                    "83": 15.649999618530273,
                    "84": 15.649999618530273,
                    "85": 15.649999618530273,
                    "86": 15.649999618530273,
                    "87": 15.880000114440918,
                    "88": 15.880000114440918,
                    "89": 15.880000114440918,
                    "90": 15.880000114440918,
                    "91": 15.880000114440918,
                    "92": 15.960000038146973,
                    "93": 15.960000038146973,
                    "94": 15.8100004196167,
                    "95": 15.8100004196167,
                    "96": 15.8100004196167,
                    "97": 15.8100004196167,
                    "98": 15.8100004196167,
                    "99": 15.40999984741211,
                    "100": 15.40999984741211,
                    "101": 15.40999984741211,
                    "102": 15.40999984741211,
                    "103": 15.40999984741211,
                    "104": 15.40999984741211,
                    "105": 15.40999984741211,
                    "106": 15.0600004196167,
                    "107": 15.319999694824219,
                    "108": 15.319999694824219,
                    "109": 15.319999694824219,
                    "110": 15.319999694824219,
                    "111": 15.319999694824219,
                    "112": 15.319999694824219,
                    "113": 15.319999694824219,
                    "114": 15.319999694824219,
                    "115": 15.319999694824219,
                    "116": 15.319999694824219,
                    "117": 15.319999694824219,
                    "118": 15.479999542236328,
                    "119": 15.479999542236328,
                    "120": 12.920000076293945
                }
            },
            {
                "summaryType": "stress",
                "minValue": 20.0,
                "maxValue": 77.0,
                "avgValue": 57.0,
                "epochSummaries": {
                    "0": 48.0,
                    "1": 55.0,
                    "2": 55.0,
                    "3": 55.0,
                    "4": 55.0,
                    "5": 55.0,
                    "6": 60.0,
                    "7": 60.0,
                    "8": 60.0,
                    "9": 60.0,
                    "10": 60.0,
                    "11": 66.0,
                    "12": 66.0,
                    "13": 66.0,
                    "14": 66.0,
                    "15": 66.0,
                    "16": 68.0,
                    "17": 68.0,
                    "18": 68.0,
                    "19": 68.0,
                    "20": 68.0,
                    "21": 69.0,
                    "22": 69.0,
                    "23": 69.0,
                    "24": 69.0,
                    "25": 69.0,
                    "26": 70.0,
                    "27": 70.0,
                    "28": 70.0,
                    "29": 70.0,
                    "30": 70.0,
                    "31": 72.0,
                    "32": 72.0,
                    "33": 72.0,
                    "34": 72.0,
                    "35": 72.0,
                    "36": 75.0,
                    "37": 75.0,
                    "38": 75.0,
                    "39": 75.0,
                    "40": 75.0,
                    "41": 76.0,
                    "42": 76.0,
                    "43": 76.0,
                    "44": 76.0,
                    "45": 76.0,
                    "46": 76.0,
                    "47": 76.0,
                    "48": 76.0,
                    "49": 76.0,
                    "50": 76.0,
                    "51": 76.0,
                    "52": 76.0,
                    "53": 76.0,
                    "54": 76.0,
                    "55": 76.0,
                    "56": 77.0,
                    "57": 77.0,
                    "58": 77.0,
                    "59": 77.0,
                    "60": 77.0,
                    "61": 77.0,
                    "62": 77.0,
                    "63": 77.0,
                    "64": 77.0,
                    "65": 77.0,
                    "66": 75.0,
                    "67": 75.0,
                    "68": 75.0,
                    "69": 75.0,
                    "70": 75.0,
                    "71": 72.0,
                    "72": 72.0,
                    "73": 72.0,
                    "74": 72.0,
                    "75": 72.0,
                    "76": 68.0,
                    "77": 68.0,
                    "78": 68.0,
                    "79": 68.0,
                    "80": 68.0,
                    "81": 56.0,
                    "82": 56.0,
                    "83": 56.0,
                    "84": 56.0,
                    "85": 56.0,
                    "86": 42.0,
                    "87": 42.0,
                    "88": 42.0,
                    "89": 42.0,
                    "90": 42.0,
                    "91": 30.0,
                    "92": 30.0,
                    "93": 30.0,
                    "94": 30.0,
                    "95": 30.0,
                    "96": 22.0,
                    "97": 22.0,
                    "98": 22.0,
                    "99": 22.0,
                    "100": 22.0,
                    "101": 21.0,
                    "102": 21.0,
                    "103": 21.0,
                    "104": 21.0,
                    "105": 21.0,
                    "106": 20.0,
                    "107": 20.0,
                    "108": 20.0,
                    "109": 20.0,
                    "110": 20.0,
                    "111": 21.0,
                    "112": 21.0,
                    "113": 21.0,
                    "114": 21.0,
                    "115": 21.0,
                    "116": 25.0,
                    "117": 25.0,
                    "118": 25.0,
                    "119": 25.0,
                    "120": 25.0
                }
            },
            {
                "summaryType": "spo2",
                "minValue": 94.0,
                "maxValue": 100.0,
                "avgValue": 98.0,
                "epochSummaries": {
                    "0": 100.0,
                    "1": 100.0,
                    "2": 100.0,
                    "3": 100.0,
                    "4": 100.0,
                    "5": 100.0,
                    "6": 100.0,
                    "7": 100.0,
                    "8": 100.0,
                    "9": 100.0,
                    "10": 100.0,
                    "11": 100.0,
                    "12": 100.0,
                    "13": 100.0,
                    "14": 100.0,
                    "15": 100.0,
                    "16": 100.0,
                    "17": 100.0,
                    "18": 100.0,
                    "19": 100.0,
                    "20": 100.0,
                    "21": 100.0,
                    "22": 100.0,
                    "23": 99.0,
                    "24": 99.0,
                    "25": 99.0,
                    "26": 99.0,
                    "27": 99.0,
                    "28": 99.0,
                    "29": 99.0,
                    "30": 99.0,
                    "31": 99.0,
                    "32": 99.0,
                    "33": 99.0,
                    "34": 99.0,
                    "35": 98.0,
                    "36": 98.0,
                    "37": 97.0,
                    "38": 97.0,
                    "39": 96.0,
                    "40": 96.0,
                    "41": 95.0,
                    "42": 95.0,
                    "43": 94.0,
                    "44": 94.0,
                    "45": 94.0,
                    "46": 94.0,
                    "47": 94.0,
                    "48": 94.0,
                    "49": 94.0,
                    "50": 94.0,
                    "51": 94.0,
                    "52": 95.0,
                    "53": 95.0,
                    "54": 95.0,
                    "55": 95.0,
                    "56": 96.0,
                    "57": 96.0,
                    "58": 96.0,
                    "59": 96.0,
                    "60": 96.0,
                    "61": 96.0,
                    "62": 96.0,
                    "63": 96.0,
                    "64": 96.0,
                    "65": 96.0,
                    "66": 95.0,
                    "67": 95.0,
                    "68": 96.0,
                    "69": 96.0,
                    "70": 97.0,
                    "71": 97.0,
                    "72": 97.0,
                    "73": 97.0,
                    "74": 98.0,
                    "75": 98.0,
                    "76": 98.0,
                    "77": 98.0,
                    "78": 99.0,
                    "79": 99.0,
                    "80": 99.0,
                    "81": 99.0,
                    "82": 99.0,
                    "83": 99.0,
                    "84": 99.0,
                    "85": 99.0,
                    "86": 99.0,
                    "87": 99.0,
                    "88": 99.0,
                    "89": 99.0,
                    "90": 99.0,
                    "91": 99.0,
                    "92": 99.0,
                    "93": 99.0,
                    "94": 99.0,
                    "95": 99.0,
                    "96": 99.0,
                    "97": 99.0,
                    "98": 99.0,
                    "99": 99.0,
                    "100": 99.0,
                    "101": 99.0,
                    "102": 99.0,
                    "103": 99.0,
                    "104": 99.0,
                    "105": 99.0,
                    "106": 99.0,
                    "107": 99.0,
                    "108": 99.0,
                    "109": 99.0,
                    "110": 99.0,
                    "111": 99.0,
                    "112": 99.0,
                    "113": 99.0,
                    "114": 99.0,
                    "115": 99.0,
                    "116": 99.0,
                    "117": 99.0,
                    "118": 99.0,
                    "119": 99.0,
                    "120": 99.0
                }
            },
            {
                "summaryType": "rmssd_hrv",
                "avgValue": 80.0
            },
            {
                "summaryType": "sdrr_hrv",
                "avgValue": 143.0
            }
        ]
    }
]