[
    {
        "userId": "49d85c6a-b8f8-4787-95fa-f145553e59a9",
        "userAccessToken": "7b64f2c3-1572-407f-ac1a-ea3ef127ff2c",
        "summaryId": "x45dba26-670d078ea89a0d2b-e7d3-48f1-846a-c1bf5a2b930a78",
        "calendarDate": "2024-10-14",
        "startTimeInSeconds": 1728907150,
        "durationInSeconds": 120,
        "startTimeOffsetInSeconds": 7254,
        "summaries": [
            {
                "summaryType": "heart_rate",
                "minValue": 127,
                "maxValue": 154,
                "avgValue": 139,
                "epochSummaries": {
                    "1": 138.7,
                    "2": 139.8,
                    "3": 140.5,
                    "4": 137.3,
                    "5": 139.1,
                    "6": 138.5,
                    "7": 141.0,
                    "8": 138.3,
                    "9": 140.6,
                    "10": 137.9,
                    "11": 139.5,
                    "12": 140.1,
                    "13": 140.3,
                    "14": 138.4,
                    "15": 139.0,
                    "16": 137.7,
                    "17": 138.8,
                    "18": 141.2,
                    "19": 139.7,
                    "20": 139.0,
                    "21": 140.2,
                    "22": 139.4,
                    "23": 137.9,
                    "24": 138.5,
                    "25": 139.1,
                    "26": 138.2,
                    "27": 140.4,
                    "28": 138.9,
                    "29": 141.0,
                    "30": 137.3,
                    "31": 138.7,
                    "32": 140.0,
                    "33": 138.6,
                    "34": 139.9,
                    "35": 137.8,
                    "36": 141.1,
                    "37": 138.9,
                    "38": 137.2,
                    "39": 139.5,
                    "40": 140.8,
                    "41": 139.1,
                    "42": 140.2,
                    "43": 138.7,
                    "44": 137.5,
                    "45": 140.0,
                    "46": 138.6,
                    "47": 140.9,
                    "48": 137.9,
                    "49": 138.3,
                    "50": 141.0,
                    "51": 139.7,
                    "52": 137.4,
                    "53": 138.9,
                    "54": 140.5,
                    "55": 139.8,
                    "56": 138.7,
                    "57": 137.5,
                    "58": 140.3,
                    "59": 138.8,
                    "60": 140.1,
                    "61": 137.6,
                    "62": 138.4,
                    "63": 140.7,
                    "64": 137.8,
                    "65": 139.5,
                    "66": 141.0,
                    "67": 137.3,
                    "68": 140.2,
                    "69": 139.0,
                    "70": 137.9,
                    "71": 138.5,
                    "72": 140.6,
                    "73": 137.8,
                    "74": 139.7,
                    "75": 140.0,
                    "76": 139.9,
                    "77": 138.3,
                    "78": 137.5,
                    "79": 141.0,
                    "80": 138.7,
                    "81": 139.5,
                    "82": 140.6,
                    "83": 137.9,
                    "84": 139.1,
                    "85": 138.2,
                    "86": 140.0,
                    "87": 137.6,
                    "88": 138.8,
                    "89": 140.3,
                    "90": 138.7,
                    "91": 139.1,
                    "92": 140.2,
                    "93": 138.6,
                    "94": 137.5,
                    "95": 141.1,
                    "96": 139.3,
                    "97": 138.5,
                    "98": 140.0,
                    "99": 137.7,
                    "100": 139.8,
                    "101": 140.6,
                    "102": 137.9,
                    "103": 138.5,
                    "104": 139.1,
                    "105": 140.2,
                    "106": 137.7,
                    "107": 140.4,
                    "108": 138.9,
                    "109": 137.3,
                    "110": 141.0,
                    "111": 138.5,
                    "112": 140.7,
                    "113": 137.6,
                    "114": 139.8,
                    "115": 137.9,
                    "116": 138.4,
                    "117": 140.6,
                    "118": 137.5,
                    "119": 138.8,
                    "120": 140.1
                }
            },
            {
                "summaryType": "stress",
                "avgValue": 99,
                "epochSummaries": {
                    "1": 99,
                    "2": 99,
                    "3": 99,
                    "4": 99,
                    "5": 99,
                    "6": 99,
                    "7": 99,
                    "8": 99,
                    "9": 99,
                    "10": 99,
                    "11": 99,
                    "12": 99,
                    "13": 99,
                    "14": 99,
                    "15": 99,
                    "16": 99,
                    "17": 99,
                    "18": 99,
                    "19": 99,
                    "20": 99,
                    "21": 99,
                    "22": 99,
                    "23": 99,
                    "24": 99,
                    "25": 99,
                    "26": 99,
                    "27": 99,
                    "28": 99,
                    "29": 99,
                    "30": 99,
                    "31": 99,
                    "32": 99,
                    "33": 99,
                    "34": 99,
                    "35": 99,
                    "36": 99,
                    "37": 99,
                    "38": 99,
                    "39": 99,
                    "40": 99,
                    "41": 99,
                    "42": 99,
                    "43": 99,
                    "44": 99,
                    "45": 99,
                    "46": 99,
                    "47": 99,
                    "48": 99,
                    "49": 99,
                    "50": 99,
                    "51": 99,
                    "52": 99,
                    "53": 99,
                    "54": 99,
                    "55": 99,
                    "56": 99,
                    "57": 99,
                    "58": 99,
                    "59": 99,
                    "60": 99,
                    "61": 99,
                    "62": 99,
                    "63": 99,
                    "64": 99,
                    "65": 99,
                    "66": 99,
                    "67": 99,
                    "68": 99,
                    "69": 99,
                    "70": 99,
                    "71": 99,
                    "72": 99,
                    "73": 99,
                    "74": 99,
                    "75": 99,
                    "76": 99,
                    "77": 99,
                    "78": 99,
                    "79": 99,
                    "80": 99,
                    "81": 99,
                    "82": 99,
                    "83": 99,
                    "84": 99,
                    "85": 99,
                    "86": 99,
                    "87": 99,
                    "88": 99,
                    "89": 99,
                    "90": 99,
                    "91": 99,
                    "92": 99,
                    "93": 99,
                    "94": 99,
                    "95": 99,
                    "96": 99,
                    "97": 99,
                    "98": 99,
                    "99": 99,
                    "100": 99,
                    "101": 99,
                    "102": 99,
                    "103": 99,
                    "104": 99,
                    "105": 99,
                    "106": 99,
                    "107": 99,
                    "108": 99,
                    "109": 99,
                    "110": 99,
                    "111": 99,
                    "112": 99,
                    "113": 99,
                    "114": 99,
                    "115": 99,
                    "116": 99,
                    "117": 99,
                    "118": 99,
                    "119": 99,
                    "120": 99
                }
            },
            {
                "summaryType": "respiration",
                "avgValue": 15,
                "epochSummaries": {
                    "1": 15.2,
                    "2": 14.9,
                    "3": 15.1,
                    "4": 15.0,
                    "5": 15.3,
                    "6": 15.2,
                    "7": 14.8,
                    "8": 15.1,
                    "9": 15.0,
                    "10": 15.4,
                    "11": 14.9,
                    "12": 15.3,
                    "13": 15.1,
                    "14": 15.2,
                    "15": 14.9,
                    "16": 15.2,
                    "17": 14.9,
                    "18": 15.1,
                    "19": 15.3,
                    "20": 14.9,
                    "21": 15.0,
                    "22": 15.2,
                    "23": 14.8,
                    "24": 15.1,
                    "25": 15.0,
                    "26": 15.3,
                    "27": 15.1,
                    "28": 14.9,
                    "29": 15.0,
                    "30": 15.2,
                    "31": 14.8,
                    "32": 15.3,
                    "33": 14.9,
                    "34": 15.1,
                    "35": 15.0,
                    "36": 15.2,
                    "37": 15.1,
                    "38": 14.9,
                    "39": 15.3,
                    "40": 15.0,
                    "41": 15.2,
                    "42": 14.8,
                    "43": 15.1,
                    "44": 15.0,
                    "45": 15.3,
                    "46": 15.1,
                    "47": 14.9,
                    "48": 15.0,
                    "49": 15.2,
                    "50": 14.8,
                    "51": 15.3,
                    "52": 14.9,
                    "53": 15.1,
                    "54": 15.0,
                    "55": 15.2,
                    "56": 14.8,
                    "57": 15.1,
                    "58": 15.0,
                    "59": 15.3,
                    "60": 15.1,
                    "61": 14.9,
                    "62": 15.2,
                    "63": 15.0,
                    "64": 15.1,
                    "65": 14.8,
                    "66": 15.3,
                    "67": 14.9,
                    "68": 15.0,
                    "69": 15.2,
                    "70": 14.8,
                    "71": 15.3,
                    "72": 14.9,
                    "73": 15.1,
                    "74": 15.0,
                    "75": 15.2,
                    "76": 14.8,
                    "77": 15.1,
                    "78": 15.0,
                    "79": 15.3,
                    "80": 14.9,
                    "81": 15.2,
                    "82": 15.1,
                    "83": 14.9,
                    "84": 15.3,
                    "85": 15.0,
                    "86": 15.2,
                    "87": 14.8,
                    "88": 15.1,
                    "89": 15.0,
                    "90": 15.3,
                    "91": 15.1,
                    "92": 14.9,
                    "93": 15.2,
                    "94": 15.0,
                    "95": 15.1,
                    "96": 14.8,
                    "97": 15.3,
                    "98": 14.9,
                    "99": 15.0,
                    "100": 15.2,
                    "101": 14.8,
                    "102": 15.3,
                    "103": 14.9,
                    "104": 15.1,
                    "105": 15.0,
                    "106": 15.2,
                    "107": 14.8,
                    "108": 15.1,
                    "109": 15.0,
                    "110": 15.3,
                    "111": 15.1,
                    "112": 14.9,
                    "113": 15.2,
                    "114": 15.0,
                    "115": 15.1,
                    "116": 14.8,
                    "117": 15.3,
                    "118": 14.9,
                    "119": 15.0,
                    "120": 15.2
                }
            },
            {
                "summaryType": "rmssd_hrv",
                "avgValue": 32.0
            },
            {
                "summaryType": "sdrr_hrv",
                "avgValue": 53.0
            }
        ]
    }
]