[

    
    {
        "userId": "49d85c6a-b8f8-4787-95fa-f145553e59a9",
        "userAccessToken": "7b64f2c3-1572-407f-ac1a-ea3ef127ff2c",
        "summaryId": "x45dba26-670d8c4f54e7f39c-85b6-442d-9a6b-5d2fd468a7b978",
        "calendarDate": "2024-10-14",
        "startTimeInSeconds": 1728941135,
        "durationInSeconds": 120,
        "startTimeOffsetInSeconds": 7254,
        "summaries": [
            {
                "summaryType": "heart_rate",
                "minValue": 58.0,
                "maxValue": 82.0,
                "avgValue": 64.0,
                "epochSummaries": {
                    "0": 69.0,
                    "1": 69.0,
                    "2": 69.0,
                    "3": 69.0,
                    "4": 69.0,
                    "5": 70.0,
                    "6": 71.0,
                    "7": 72.0,
                    "8": 73.0,
                    "9": 76.0,
                    "10": 78.0,
                    "11": 79.0,
                    "12": 81.0,
                    "13": 82.0,
                    "14": 82.0,
                    "15": 78.0,
                    "16": 74.0,
                    "17": 74.0,
                    "18": 74.0,
                    "19": 74.0,
                    "20": 74.0,
                    "21": 74.0,
                    "22": 72.0,
                    "23": 71.0,
                    "24": 70.0,
                    "25": 66.0,
                    "26": 59.0,
                    "27": 58.0,
                    "28": 58.0,
                    "29": 59.0,
                    "30": 60.0,
                    "31": 60.0,
                    "32": 60.0,
                    "33": 60.0,
                    "34": 60.0,
                    "35": 60.0,
                    "36": 59.0,
                    "37": 59.0,
                    "38": 60.0,
                    "39": 60.0,
                    "40": 60.0,
                    "41": 60.0,
                    "42": 60.0,
                    "43": 60.0,
                    "44": 59.0,
                    "45": 59.0,
                    "46": 59.0,
                    "47": 59.0,
                    "48": 59.0,
                    "49": 59.0,
                    "50": 59.0,
                    "51": 59.0,
                    "52": 59.0,
                    "53": 60.0,
                    "54": 60.0,
                    "55": 60.0,
                    "56": 60.0,
                    "57": 60.0,
                    "58": 60.0,
                    "59": 60.0,
                    "60": 60.0,
                    "61": 60.0,
                    "62": 60.0,
                    "63": 60.0,
                    "64": 60.0,
                    "65": 60.0,
                    "66": 60.0,
                    "67": 61.0,
                    "68": 61.0,
                    "69": 61.0,
                    "70": 62.0,
                    "71": 63.0,
                    "72": 64.0,
                    "73": 64.0,
                    "74": 64.0,
                    "75": 63.0,
                    "76": 63.0,
                    "77": 63.0,
                    "78": 62.0,
                    "79": 62.0,
                    "80": 62.0,
                    "81": 63.0,
                    "82": 63.0,
                    "83": 63.0,
                    "84": 63.0,
                    "85": 63.0,
                    "86": 63.0,
                    "87": 63.0,
                    "88": 63.0,
                    "89": 63.0,
                    "90": 62.0,
                    "91": 62.0,
                    "92": 62.0,
                    "93": 62.0,
                    "94": 63.0,
                    "95": 63.0,
                    "96": 63.0,
                    "97": 63.0,
                    "98": 63.0,
                    "99": 63.0,
                    "100": 63.0,
                    "101": 63.0,
                    "102": 63.0,
                    "103": 63.0,
                    "104": 63.0,
                    "105": 63.0,
                    "106": 64.0,
                    "107": 65.0,
                    "108": 65.0,
                    "109": 65.0,
                    "110": 65.0,
                    "111": 65.0,
                    "112": 65.0,
                    "113": 64.0,
                    "114": 65.0,
                    "115": 64.0,
                    "116": 63.0,
                    "117": 62.0,
                    "118": 61.0,
                    "119": 62.0,
                    "120": 63.0
                }
            },
            {
                "summaryType": "respiration",
                "minValue": 11.399999618530273,
                "maxValue": 14.65999984741211,
                "avgValue": 14.109999656677246,
                "epochSummaries": {
                    "0": 14.539999961853027,
                    "1": 14.539999961853027,
                    "2": 14.539999961853027,
                    "3": 14.270000457763672,
                    "4": 14.069999694824219,
                    "5": 14.069999694824219,
                    "6": 14.069999694824219,
                    "7": 14.069999694824219,
                    "8": 14.069999694824219,
                    "9": 14.210000038146973,
                    "10": 14.210000038146973,
                    "11": 14.399999618530273,
                    "12": 14.399999618530273,
                    "13": 14.399999618530273,
                    "14": 14.399999618530273,
                    "15": 14.399999618530273,
                    "16": 14.399999618530273,
                    "17": 14.399999618530273,
                    "18": 14.0600004196167,
                    "19": 14.0600004196167,
                    "20": 14.0600004196167,
                    "21": 14.0600004196167,
                    "22": 14.0600004196167,
                    "23": 14.09000015258789,
                    "24": 14.09000015258789,
                    "25": 14.09000015258789,
                    "26": 14.09000015258789,
                    "27": 14.09000015258789,
                    "28": 14.140000343322754,
                    "29": 14.140000343322754,
                    "30": 14.140000343322754,
                    "31": 14.140000343322754,
                    "32": 14.140000343322754,
                    "33": 14.140000343322754,
                    "34": 14.140000343322754,
                    "35": 14.140000343322754,
                    "36": 14.140000343322754,
                    "37": 14.140000343322754,
                    "38": 14.140000343322754,
                    "39": 14.260000228881836,
                    "40": 14.260000228881836,
                    "41": 14.260000228881836,
                    "42": 14.260000228881836,
                    "43": 14.260000228881836,
                    "44": 14.260000228881836,
                    "45": 14.65999984741211,
                    "46": 14.65999984741211,
                    "47": 14.65999984741211,
                    "48": 14.65999984741211,
                    "49": 14.65999984741211,
                    "50": 14.65999984741211,
                    "51": 14.65999984741211,
                    "52": 14.4399995803833,
                    "53": 14.4399995803833,
                    "54": 14.4399995803833,
                    "55": 14.4399995803833,
                    "56": 14.4399995803833,
                    "57": 14.4399995803833,
                    "58": 14.329999923706055,
                    "59": 14.329999923706055,
                    "60": 14.329999923706055,
                    "61": 14.329999923706055,
                    "62": 14.329999923706055,
                    "63": 14.0600004196167,
                    "64": 14.289999961853027,
                    "65": 14.289999961853027,
                    "66": 14.289999961853027,
                    "67": 14.289999961853027,
                    "68": 14.289999961853027,
                    "69": 14.4399995803833,
                    "70": 14.4399995803833,
                    "71": 14.4399995803833,
                    "72": 14.4399995803833,
                    "73": 14.4399995803833,
                    "74": 14.4399995803833,
                    "75": 14.4399995803833,
                    "76": 14.4399995803833,
                    "77": 14.4399995803833,
                    "78": 14.4399995803833,
                    "79": 14.4399995803833,
                    "80": 14.4399995803833,
                    "81": 14.4399995803833,
                    "82": 14.020000457763672,
                    "83": 14.020000457763672,
                    "84": 14.020000457763672,
                    "85": 14.020000457763672,
                    "86": 14.020000457763672,
                    "87": 14.020000457763672,
                    "88": 14.020000457763672,
                    "89": 14.020000457763672,
                    "90": 14.020000457763672,
                    "91": 14.020000457763672,
                    "92": 14.020000457763672,
                    "93": 13.680000305175781,
                    "94": 13.569999694824219,
                    "95": 13.569999694824219,
                    "96": 13.569999694824219,
                    "97": 13.569999694824219,
                    "98": 13.670000076293945,
                    "99": 13.670000076293945,
                    "100": 13.670000076293945,
                    "101": 13.670000076293945,
                    "102": 13.670000076293945,
                    "103": 13.670000076293945,
                    "104": 13.5,
                    "105": 13.489999771118164,
                    "106": 13.489999771118164,
                    "107": 13.489999771118164,
                    "108": 13.489999771118164,
                    "109": 13.489999771118164,
                    "110": 13.489999771118164,
                    "111": 13.489999771118164,
                    "112": 13.720000267028809,
                    "113": 13.850000381469727,
                    "114": 13.850000381469727,
                    "115": 13.850000381469727,
                    "116": 13.850000381469727,
                    "117": 13.850000381469727,
                    "118": 13.850000381469727,
                    "119": 13.850000381469727,
                    "120": 11.399999618530273
                }
            },
            {
                "summaryType": "stress",
                "minValue": 15.0,
                "maxValue": 24.0,
                "avgValue": 19.0,
                "epochSummaries": {
                    "0": 16.0,
                    "1": 16.0,
                    "2": 16.0,
                    "3": 16.0,
                    "4": 16.0,
                    "5": 16.0,
                    "6": 16.0,
                    "7": 16.0,
                    "8": 16.0,
                    "9": 16.0,
                    "10": 19.0,
                    "11": 19.0,
                    "12": 19.0,
                    "13": 19.0,
                    "14": 19.0,
                    "15": 21.0,
                    "16": 21.0,
                    "17": 21.0,
                    "18": 21.0,
                    "19": 21.0,
                    "20": 22.0,
                    "21": 22.0,
                    "22": 22.0,
                    "23": 22.0,
                    "24": 22.0,
                    "25": 24.0,
                    "26": 24.0,
                    "27": 24.0,
                    "28": 24.0,
                    "29": 24.0,
                    "30": 23.0,
                    "31": 23.0,
                    "32": 23.0,
                    "33": 23.0,
                    "34": 23.0,
                    "35": 24.0,
                    "36": 24.0,
                    "37": 24.0,
                    "38": 24.0,
                    "39": 24.0,
                    "40": 24.0,
                    "41": 24.0,
                    "42": 24.0,
                    "43": 24.0,
                    "44": 24.0,
                    "45": 22.0,
                    "46": 22.0,
                    "47": 22.0,
                    "48": 22.0,
                    "49": 22.0,
                    "50": 21.0,
                    "51": 21.0,
                    "52": 21.0,
                    "53": 21.0,
                    "54": 21.0,
                    "55": 15.0,
                    "56": 15.0,
                    "57": 15.0,
                    "58": 15.0,
                    "59": 15.0,
                    "60": 15.0,
                    "61": 15.0,
                    "62": 15.0,
                    "63": 15.0,
                    "64": 15.0,
                    "65": 15.0,
                    "66": 15.0,
                    "67": 15.0,
                    "68": 15.0,
                    "69": 15.0,
                    "70": 15.0,
                    "71": 15.0,
                    "72": 15.0,
                    "73": 15.0,
                    "74": 15.0,
                    "75": 16.0,
                    "76": 16.0,
                    "77": 16.0,
                    "78": 16.0,
                    "79": 16.0,
                    "80": 16.0,
                    "81": 16.0,
                    "82": 16.0,
                    "83": 16.0,
                    "84": 16.0,
                    "85": 16.0,
                    "86": 16.0,
                    "87": 16.0,
                    "88": 16.0,
                    "89": 16.0,
                    "90": 16.0,
                    "91": 16.0,
                    "92": 16.0,
                    "93": 16.0,
                    "94": 16.0,
                    "95": 18.0,
                    "96": 18.0,
                    "97": 18.0,
                    "98": 18.0,
                    "99": 18.0,
                    "100": 18.0,
                    "101": 18.0,
                    "102": 18.0,
                    "103": 18.0,
                    "104": 18.0,
                    "105": 19.0,
                    "106": 19.0,
                    "107": 19.0,
                    "108": 19.0,
                    "109": 19.0,
                    "110": 22.0,
                    "111": 22.0,
                    "112": 22.0,
                    "113": 22.0,
                    "114": 22.0,
                    "115": 23.0,
                    "116": 23.0,
                    "117": 23.0,
                    "118": 23.0,
                    "119": 23.0,
                    "120": 23.0
                }
            },
            {
                "summaryType": "spo2",
                "minValue": 96.0,
                "maxValue": 97.0,
                "avgValue": 96.0,
                "epochSummaries": {
                    "1": 97.0,
                    "2": 97.0,
                    "3": 97.0,
                    "4": 97.0,
                    "5": 97.0,
                    "6": 97.0,
                    "7": 97.0,
                    "8": 97.0,
                    "9": 97.0,
                    "10": 97.0,
                    "11": 97.0,
                    "12": 97.0,
                    "13": 97.0,
                    "14": 97.0,
                    "15": 97.0,
                    "16": 97.0,
                    "17": 97.0,
                    "18": 97.0,
                    "19": 97.0,
                    "20": 97.0,
                    "21": 97.0,
                    "22": 97.0,
                    "23": 97.0,
                    "24": 97.0,
                    "25": 97.0,
                    "26": 97.0,
                    "27": 97.0,
                    "28": 97.0,
                    "29": 97.0,
                    "30": 97.0,
                    "31": 97.0,
                    "32": 97.0,
                    "33": 97.0,
                    "34": 97.0,
                    "35": 97.0,
                    "36": 97.0,
                    "37": 97.0,
                    "38": 97.0,
                    "39": 97.0,
                    "40": 97.0,
                    "41": 97.0,
                    "42": 97.0,
                    "43": 97.0,
                    "44": 97.0,
                    "45": 97.0,
                    "46": 97.0,
                    "47": 97.0,
                    "48": 97.0,
                    "49": 97.0,
                    "50": 97.0,
                    "51": 97.0,
                    "52": 97.0,
                    "53": 97.0,
                    "54": 97.0,
                    "55": 97.0,
                    "56": 97.0,
                    "57": 96.0,
                    "58": 96.0,
                    "59": 96.0,
                    "60": 96.0,
                    "61": 96.0,
                    "62": 96.0,
                    "63": 96.0,
                    "64": 96.0,
                    "65": 96.0,
                    "66": 96.0,
                    "67": 96.0,
                    "68": 96.0,
                    "69": 97.0,
                    "70": 97.0,
                    "71": 97.0,
                    "72": 97.0,
                    "73": 97.0,
                    "74": 97.0,
                    "75": 97.0,
                    "76": 97.0,
                    "77": 97.0,
                    "78": 97.0,
                    "79": 97.0,
                    "80": 97.0,
                    "81": 96.0,
                    "82": 96.0,
                    "83": 96.0,
                    "84": 96.0,
                    "85": 96.0,
                    "86": 96.0,
                    "87": 96.0,
                    "88": 96.0,
                    "89": 96.0,
                    "90": 96.0,
                    "91": 96.0,
                    "92": 96.0,
                    "93": 96.0,
                    "94": 96.0,
                    "95": 96.0,
                    "96": 96.0,
                    "97": 96.0,
                    "98": 96.0,
                    "99": 96.0,
                    "100": 96.0,
                    "101": 96.0,
                    "102": 96.0,
                    "103": 96.0,
                    "104": 96.0,
                    "105": 96.0,
                    "106": 96.0,
                    "107": 96.0,
                    "108": 96.0,
                    "109": 96.0,
                    "110": 96.0,
                    "111": 96.0,
                    "112": 96.0,
                    "113": 96.0,
                    "114": 96.0,
                    "115": 96.0,
                    "116": 96.0,
                    "117": 96.0,
                    "118": 96.0,
                    "119": 96.0,
                    "120": 96.0
                }
            },
            {
                "summaryType": "rmssd_hrv",
                "avgValue": 62.0
            },
            {
                "summaryType": "sdrr_hrv",
                "avgValue": 118.0
            }
        ]
    
    }
]