[
    {
        "userId": "49d85c6a-b8f8-4787-95fa-f145553e59a9",
        "userAccessToken": "7b64f2c3-1572-407f-ac1a-ea3ef127ff2c",
        "summaryId": "x45dba26-670d343136e6bc86-7fe0-4802-b43c-aa5d1fa7005278",
        "calendarDate": "2024-10-14",
        "startTimeInSeconds": 1728918577,
        "durationInSeconds": 120,
        "startTimeOffsetInSeconds": 7254,
        "summaries": [
            {
                "summaryType": "heart_rate",
                "minValue": 62.0,
                "maxValue": 86.0,
                "avgValue": 70.0,
                "epochSummaries": {
                    "0": 64.0,
                    "1": 64.0,
                    "2": 64.0,
                    "3": 64.0,
                    "4": 65.0,
                    "5": 66.0,
                    "6": 68.0,
                    "7": 70.0,
                    "8": 70.0,
                    "9": 71.0,
                    "10": 72.0,
                    "11": 71.0,
                    "12": 69.0,
                    "13": 67.0,
                    "14": 66.0,
                    "15": 62.0,
                    "16": 62.0,
                    "17": 62.0,
                    "18": 63.0,
                    "19": 64.0,
                    "20": 67.0,
                    "21": 70.0,
                    "22": 68.0,
                    "23": 67.0,
                    "24": 66.0,
                    "25": 66.0,
                    "26": 65.0,
                    "27": 64.0,
                    "28": 64.0,
                    "29": 64.0,
                    "30": 65.0,
                    "31": 65.0,
                    "32": 65.0,
                    "33": 66.0,
                    "34": 70.0,
                    "35": 71.0,
                    "36": 71.0,
                    "37": 71.0,
                    "38": 71.0,
                    "39": 71.0,
                    "40": 70.0,
                    "41": 70.0,
                    "42": 71.0,
                    "43": 71.0,
                    "44": 71.0,
                    "45": 70.0,
                    "46": 70.0,
                    "47": 70.0,
                    "48": 70.0,
                    "49": 69.0,
                    "50": 70.0,
                    "51": 70.0,
                    "52": 70.0,
                    "53": 74.0,
                    "54": 75.0,
                    "55": 74.0,
                    "56": 74.0,
                    "57": 74.0,
                    "58": 75.0,
                    "59": 76.0,
                    "60": 77.0,
                    "61": 78.0,
                    "62": 82.0,
                    "63": 85.0,
                    "64": 86.0,
                    "65": 86.0,
                    "66": 86.0,
                    "67": 77.0,
                    "68": 74.0,
                    "69": 72.0,
                    "70": 72.0,
                    "71": 72.0,
                    "72": 72.0,
                    "73": 73.0,
                    "74": 74.0,
                    "75": 74.0,
                    "76": 74.0,
                    "77": 75.0,
                    "78": 75.0,
                    "79": 76.0,
                    "80": 76.0,
                    "81": 76.0,
                    "82": 73.0,
                    "83": 69.0,
                    "84": 67.0,
                    "85": 67.0,
                    "86": 67.0,
                    "87": 68.0,
                    "88": 69.0,
                    "89": 70.0,
                    "90": 70.0,
                    "91": 71.0,
                    "92": 75.0,
                    "93": 75.0,
                    "94": 73.0,
                    "95": 72.0,
                    "96": 72.0,
                    "97": 72.0,
                    "98": 71.0,
                    "99": 71.0,
                    "100": 71.0,
                    "101": 71.0,
                    "102": 70.0,
                    "103": 69.0,
                    "104": 67.0,
                    "105": 67.0,
                    "106": 67.0,
                    "107": 65.0,
                    "108": 65.0,
                    "109": 65.0,
                    "110": 65.0,
                    "111": 66.0,
                    "112": 66.0,
                    "113": 65.0,
                    "114": 64.0,
                    "115": 64.0,
                    "116": 64.0,
                    "117": 63.0,
                    "118": 63.0,
                    "119": 63.0,
                    "120": 63.0
                }
            },
            {
                "summaryType": "respiration",
                "minValue": 13.0,
                "maxValue": 14.3100004196167,
                "avgValue": 13.6899995803833,
                "epochSummaries": {
                    "0": 13.75,
                    "1": 13.75,
                    "2": 13.75,
                    "3": 13.75,
                    "4": 13.75,
                    "5": 13.75,
                    "6": 13.75,
                    "7": 13.75,
                    "8": 13.75,
                    "9": 13.75,
                    "10": 13.75,
                    "11": 14.010000228881836,
                    "12": 14.010000228881836,
                    "13": 14.010000228881836,
                    "14": 14.010000228881836,
                    "15": 14.010000228881836,
                    "16": 14.010000228881836,
                    "17": 13.479999542236328,
                    "18": 13.479999542236328,
                    "19": 13.479999542236328,
                    "20": 13.609999656677246,
                    "21": 13.609999656677246,
                    "22": 13.609999656677246,
                    "23": 13.609999656677246,
                    "24": 13.609999656677246,
                    "25": 13.619999885559082,
                    "26": 13.619999885559082,
                    "27": 13.619999885559082,
                    "28": 13.619999885559082,
                    "29": 13.619999885559082,
                    "30": 13.569999694824219,
                    "31": 13.569999694824219,
                    "32": 13.569999694824219,
                    "33": 13.569999694824219,
                    "34": 13.569999694824219,
                    "35": 13.529999732971191,
                    "36": 13.529999732971191,
                    "37": 13.529999732971191,
                    "38": 13.529999732971191,
                    "39": 13.529999732971191,
                    "40": 13.529999732971191,
                    "41": 13.529999732971191,
                    "42": 13.4399995803833,
                    "43": 13.4399995803833,
                    "44": 13.359999656677246,
                    "45": 13.359999656677246,
                    "46": 13.359999656677246,
                    "47": 13.359999656677246,
                    "48": 13.359999656677246,
                    "49": 13.359999656677246,
                    "50": 13.359999656677246,
                    "51": 13.359999656677246,
                    "52": 13.359999656677246,
                    "53": 13.359999656677246,
                    "54": 13.420000076293945,
                    "55": 13.420000076293945,
                    "56": 13.420000076293945,
                    "57": 13.420000076293945,
                    "58": 13.420000076293945,
                    "59": 13.420000076293945,
                    "60": 13.420000076293945,
                    "61": 13.420000076293945,
                    "62": 13.420000076293945,
                    "63": 13.420000076293945,
                    "64": 13.420000076293945,
                    "65": 13.420000076293945,
                    "66": 13.420000076293945,
                    "67": 13.420000076293945,
                    "68": 13.420000076293945,
                    "69": 13.420000076293945,
                    "70": 13.420000076293945,
                    "71": 13.420000076293945,
                    "72": 13.420000076293945,
                    "73": 13.420000076293945,
                    "74": 13.420000076293945,
                    "75": 13.420000076293945,
                    "76": 13.420000076293945,
                    "77": 14.029999732971191,
                    "78": 14.029999732971191,
                    "79": 14.029999732971191,
                    "80": 14.029999732971191,
                    "81": 14.029999732971191,
                    "82": 14.029999732971191,
                    "83": 14.029999732971191,
                    "84": 14.029999732971191,
                    "85": 14.029999732971191,
                    "86": 14.029999732971191,
                    "87": 14.029999732971191,
                    "88": 14.029999732971191,
                    "89": 14.029999732971191,
                    "90": 13.5,
                    "91": 13.710000038146973,
                    "92": 13.710000038146973,
                    "93": 13.8100004196167,
                    "94": 13.8100004196167,
                    "95": 13.8100004196167,
                    "96": 13.8100004196167,
                    "97": 13.8100004196167,
                    "98": 13.8100004196167,
                    "99": 13.8100004196167,
                    "100": 13.600000381469727,
                    "101": 13.600000381469727,
                    "102": 13.779999732971191,
                    "103": 13.779999732971191,
                    "104": 13.779999732971191,
                    "105": 13.779999732971191,
                    "106": 13.899999618530273,
                    "107": 13.899999618530273,
                    "108": 13.899999618530273,
                    "109": 13.899999618530273,
                    "110": 13.899999618530273,
                    "111": 13.899999618530273,
                    "112": 13.899999618530273,
                    "113": 14.020000457763672,
                    "114": 14.3100004196167,
                    "115": 14.3100004196167,
                    "116": 14.3100004196167,
                    "117": 14.3100004196167,
                    "118": 14.3100004196167,
                    "119": 14.3100004196167,
                    "120": 13.0
                }
            },
            {
                "summaryType": "stress",
                "minValue": 18.0,
                "maxValue": 59.0,
                "avgValue": 34.0,
                "epochSummaries": {
                    "0": 18.0,
                    "1": 18.0,
                    "2": 18.0,
                    "3": 18.0,
                    "4": 18.0,
                    "5": 18.0,
                    "6": 18.0,
                    "7": 18.0,
                    "8": 18.0,
                    "9": 18.0,
                    "10": 18.0,
                    "11": 18.0,
                    "12": 18.0,
                    "13": 22.0,
                    "14": 22.0,
                    "15": 22.0,
                    "16": 22.0,
                    "17": 22.0,
                    "18": 25.0,
                    "19": 25.0,
                    "20": 25.0,
                    "21": 25.0,
                    "22": 25.0,
                    "23": 32.0,
                    "24": 32.0,
                    "25": 32.0,
                    "26": 32.0,
                    "27": 32.0,
                    "28": 30.0,
                    "29": 30.0,
                    "30": 30.0,
                    "31": 30.0,
                    "32": 30.0,
                    "33": 30.0,
                    "34": 30.0,
                    "35": 30.0,
                    "36": 30.0,
                    "37": 30.0,
                    "38": 29.0,
                    "39": 29.0,
                    "40": 29.0,
                    "41": 29.0,
                    "42": 29.0,
                    "43": 29.0,
                    "44": 29.0,
                    "45": 29.0,
                    "46": 29.0,
                    "47": 29.0,
                    "48": 30.0,
                    "49": 30.0,
                    "50": 30.0,
                    "51": 30.0,
                    "52": 30.0,
                    "53": 31.0,
                    "54": 31.0,
                    "55": 31.0,
                    "56": 31.0,
                    "57": 31.0,
                    "58": 31.0,
                    "59": 31.0,
                    "60": 31.0,
                    "61": 31.0,
                    "62": 31.0,
                    "63": 37.0,
                    "64": 37.0,
                    "65": 37.0,
                    "66": 37.0,
                    "67": 37.0,
                    "68": 46.0,
                    "69": 46.0,
                    "70": 46.0,
                    "71": 46.0,
                    "72": 46.0,
                    "73": 48.0,
                    "74": 48.0,
                    "75": 48.0,
                    "76": 48.0,
                    "77": 48.0,
                    "78": 51.0,
                    "79": 51.0,
                    "80": 51.0,
                    "81": 51.0,
                    "82": 51.0,
                    "83": 54.0,
                    "84": 54.0,
                    "85": 54.0,
                    "86": 54.0,
                    "87": 54.0,
                    "88": 59.0,
                    "89": 59.0,
                    "90": 59.0,
                    "91": 59.0,
                    "92": 59.0,
                    "93": 52.0,
                    "94": 52.0,
                    "95": 52.0,
                    "96": 52.0,
                    "97": 52.0,
                    "98": 44.0,
                    "99": 44.0,
                    "100": 44.0,
                    "101": 44.0,
                    "102": 44.0,
                    "103": 37.0,
                    "104": 37.0,
                    "105": 37.0,
                    "106": 37.0,
                    "107": 37.0,
                    "108": 29.0,
                    "109": 29.0,
                    "110": 29.0,
                    "111": 29.0,
                    "112": 29.0,
                    "113": 24.0,
                    "114": 24.0,
                    "115": 24.0,
                    "116": 24.0,
                    "117": 24.0,
                    "118": 22.0,
                    "119": 22.0,
                    "120": 22.0
                }
            },
            {
                "summaryType": "spo2",
                "minValue": 97.0,
                "maxValue": 99.0,
                "avgValue": 97.0,
                "epochSummaries": {
                    "0": 99.0,
                    "1": 99.0,
                    "2": 99.0,
                    "3": 99.0,
                    "4": 99.0,
                    "5": 99.0,
                    "6": 99.0,
                    "7": 99.0,
                    "8": 99.0,
                    "9": 99.0,
                    "10": 99.0,
                    "11": 99.0,
                    "12": 99.0,
                    "13": 99.0,
                    "14": 99.0,
                    "15": 99.0,
                    "16": 99.0,
                    "17": 98.0,
                    "18": 98.0,
                    "19": 98.0,
                    "20": 98.0,
                    "21": 98.0,
                    "22": 98.0,
                    "23": 98.0,
                    "24": 98.0,
                    "25": 98.0,
                    "26": 98.0,
                    "27": 98.0,
                    "28": 98.0,
                    "29": 98.0,
                    "30": 98.0,
                    "31": 98.0,
                    "32": 98.0,
                    "33": 98.0,
                    "34": 98.0,
                    "35": 98.0,
                    "36": 98.0,
                    "37": 98.0,
                    "38": 98.0,
                    "39": 98.0,
                    "40": 98.0,
                    "41": 98.0,
                    "42": 98.0,
                    "43": 98.0,
                    "44": 98.0,
                    "45": 98.0,
                    "46": 98.0,
                    "47": 98.0,
                    "48": 98.0,
                    "49": 98.0,
                    "50": 98.0,
                    "51": 98.0,
                    "52": 98.0,
                    "53": 98.0,
                    "54": 98.0,
                    "55": 98.0,
                    "56": 98.0,
                    "57": 97.0,
                    "58": 97.0,
                    "59": 98.0,
                    "60": 98.0,
                    "61": 98.0,
                    "62": 98.0,
                    "63": 98.0,
                    "64": 98.0,
                    "65": 98.0,
                    "66": 98.0,
                    "67": 98.0,
                    "68": 98.0,
                    "69": 98.0,
                    "70": 98.0,
                    "71": 98.0,
                    "72": 98.0,
                    "73": 98.0,
                    "74": 98.0,
                    "75": 97.0,
                    "76": 97.0,
                    "77": 97.0,
                    "78": 97.0,
                    "79": 97.0,
                    "80": 97.0,
                    "81": 97.0,
                    "82": 97.0,
                    "83": 97.0,
                    "84": 97.0,
                    "85": 97.0,
                    "86": 97.0,
                    "87": 97.0,
                    "88": 97.0,
                    "89": 97.0,
                    "90": 97.0,
                    "91": 97.0,
                    "92": 97.0,
                    "93": 97.0,
                    "94": 97.0,
                    "95": 97.0,
                    "96": 97.0,
                    "97": 97.0,
                    "98": 97.0,
                    "99": 97.0,
                    "100": 97.0,
                    "101": 97.0,
                    "102": 97.0,
                    "103": 97.0,
                    "104": 97.0,
                    "105": 97.0,
                    "106": 97.0,
                    "107": 97.0,
                    "108": 97.0,
                    "109": 97.0,
                    "110": 97.0,
                    "111": 97.0,
                    "112": 97.0,
                    "113": 97.0,
                    "114": 97.0,
                    "115": 97.0,
                    "116": 97.0,
                    "117": 97.0,
                    "118": 97.0,
                    "119": 97.0,
                    "120": 97.0
                }
            },
            {
                "summaryType": "rmssd_hrv",
                "avgValue": 74.0
            },
            {
                "summaryType": "sdrr_hrv",
                "avgValue": 75.0
            }
        ]
    
    }
]