[
    {
        "userId": "49d85c6a-b8f8-4787-95fa-f145553e59a9",
        "userAccessToken": "7b64f2c3-1572-407f-ac1a-ea3ef127ff2c",
        "summaryId": "x45dba26-670d8d697737d365-c5f1-4b11-a5f7-fce1bccbb89d78",
        "calendarDate": "2024-10-14",
        "startTimeInSeconds": 1728941417,
        "durationInSeconds": 120,
        "startTimeOffsetInSeconds": 7254,
        "summaries": [
            {
                "summaryType": "heart_rate",
                "minValue": 54.0,
                "maxValue": 83.0,
                "avgValue": 64.0,
                "epochSummaries": {
                    "0": 75.0,
                    "1": 75.0,
                    "2": 75.0,
                    "3": 75.0,
                    "4": 75.0,
                    "5": 75.0,
                    "6": 75.0,
                    "7": 75.0,
                    "8": 75.0,
                    "9": 79.0,
                    "10": 83.0,
                    "11": 81.0,
                    "12": 80.0,
                    "13": 80.0,
                    "14": 80.0,
                    "15": 80.0,
                    "16": 79.0,
                    "17": 79.0,
                    "18": 79.0,
                    "19": 79.0,
                    "20": 79.0,
                    "21": 79.0,
                    "22": 80.0,
                    "23": 80.0,
                    "24": 81.0,
                    "25": 80.0,
                    "26": 78.0,
                    "27": 73.0,
                    "28": 70.0,
                    "29": 66.0,
                    "30": 63.0,
                    "31": 60.0,
                    "32": 59.0,
                    "33": 59.0,
                    "34": 59.0,
                    "35": 59.0,
                    "36": 59.0,
                    "37": 59.0,
                    "38": 59.0,
                    "39": 59.0,
                    "40": 59.0,
                    "41": 59.0,
                    "42": 59.0,
                    "43": 59.0,
                    "44": 59.0,
                    "45": 59.0,
                    "46": 59.0,
                    "47": 59.0,
                    "48": 59.0,
                    "49": 59.0,
                    "50": 59.0,
                    "51": 59.0,
                    "52": 59.0,
                    "53": 59.0,
                    "54": 59.0,
                    "55": 59.0,
                    "56": 59.0,
                    "57": 59.0,
                    "58": 59.0,
                    "59": 59.0,
                    "60": 60.0,
                    "61": 60.0,
                    "62": 60.0,
                    "63": 60.0,
                    "64": 60.0,
                    "65": 60.0,
                    "66": 60.0,
                    "67": 60.0,
                    "68": 60.0,
                    "69": 61.0,
                    "70": 62.0,
                    "71": 61.0,
                    "72": 61.0,
                    "73": 60.0,
                    "74": 60.0,
                    "75": 58.0,
                    "76": 58.0,
                    "77": 57.0,
                    "78": 57.0,
                    "79": 57.0,
                    "80": 57.0,
                    "81": 58.0,
                    "82": 58.0,
                    "83": 59.0,
                    "84": 59.0,
                    "85": 59.0,
                    "86": 61.0,
                    "87": 63.0,
                    "88": 62.0,
                    "89": 62.0,
                    "90": 61.0,
                    "91": 61.0,
                    "92": 60.0,
                    "93": 60.0,
                    "94": 60.0,
                    "95": 60.0,
                    "96": 60.0,
                    "97": 60.0,
                    "98": 60.0,
                    "99": 60.0,
                    "100": 60.0,
                    "101": 60.0,
                    "102": 60.0,
                    "103": 60.0,
                    "104": 60.0,
                    "105": 60.0,
                    "106": 60.0,
                    "107": 60.0,
                    "108": 60.0,
                    "109": 60.0,
                    "110": 59.0,
                    "111": 58.0,
                    "112": 56.0,
                    "113": 55.0,
                    "114": 54.0,
                    "115": 55.0,
                    "116": 56.0,
                    "117": 57.0,
                    "118": 58.0,
                    "119": 58.0,
                    "120": 58.0
                }
            },
            {
                "summaryType": "respiration",
                "minValue": 12.420000076293945,
                "maxValue": 13.819999694824219,
                "avgValue": 13.359999656677246,
                "epochSummaries": {
                    "0": 13.5600004196167,
                    "1": 13.5600004196167,
                    "2": 13.5600004196167,
                    "3": 13.5600004196167,
                    "4": 13.5600004196167,
                    "5": 13.5600004196167,
                    "6": 13.5600004196167,
                    "7": 13.399999618530273,
                    "8": 13.399999618530273,
                    "9": 13.550000190734863,
                    "10": 13.550000190734863,
                    "11": 13.550000190734863,
                    "12": 13.550000190734863,
                    "13": 13.550000190734863,
                    "14": 13.550000190734863,
                    "15": 13.550000190734863,
                    "16": 13.550000190734863,
                    "17": 13.550000190734863,
                    "18": 13.550000190734863,
                    "19": 13.550000190734863,
                    "20": 13.550000190734863,
                    "21": 13.550000190734863,
                    "22": 13.550000190734863,
                    "23": 13.550000190734863,
                    "24": 13.550000190734863,
                    "25": 13.579999923706055,
                    "26": 13.609999656677246,
                    "27": 13.609999656677246,
                    "28": 13.380000114440918,
                    "29": 13.380000114440918,
                    "30": 13.380000114440918,
                    "31": 13.380000114440918,
                    "32": 13.380000114440918,
                    "33": 13.380000114440918,
                    "34": 13.380000114440918,
                    "35": 13.380000114440918,
                    "36": 13.319999694824219,
                    "37": 13.319999694824219,
                    "38": 13.319999694824219,
                    "39": 13.319999694824219,
                    "40": 13.510000228881836,
                    "41": 13.510000228881836,
                    "42": 13.510000228881836,
                    "43": 13.470000267028809,
                    "44": 13.470000267028809,
                    "45": 13.470000267028809,
                    "46": 13.470000267028809,
                    "47": 13.470000267028809,
                    "48": 13.680000305175781,
                    "49": 13.819999694824219,
                    "50": 13.819999694824219,
                    "51": 13.819999694824219,
                    "52": 13.819999694824219,
                    "53": 13.819999694824219,
                    "54": 13.819999694824219,
                    "55": 13.819999694824219,
                    "56": 13.819999694824219,
                    "57": 13.819999694824219,
                    "58": 13.819999694824219,
                    "59": 13.819999694824219,
                    "60": 13.819999694824219,
                    "61": 13.819999694824219,
                    "62": 13.819999694824219,
                    "63": 13.819999694824219,
                    "64": 13.819999694824219,
                    "65": 13.819999694824219,
                    "66": 13.819999694824219,
                    "67": 13.819999694824219,
                    "68": 13.819999694824219,
                    "69": 13.819999694824219,
                    "70": 13.819999694824219,
                    "71": 13.819999694824219,
                    "72": 13.819999694824219,
                    "73": 13.819999694824219,
                    "74": 13.819999694824219,
                    "75": 13.819999694824219,
                    "76": 13.819999694824219,
                    "77": 13.819999694824219,
                    "78": 13.819999694824219,
                    "79": 13.819999694824219,
                    "80": 13.819999694824219,
                    "81": 13.819999694824219,
                    "82": 13.819999694824219,
                    "83": 13.819999694824219,
                    "84": 13.819999694824219,
                    "85": 13.819999694824219,
                    "86": 13.819999694824219,
                    "87": 13.819999694824219,
                    "88": 12.640000343322754,
                    "89": 12.640000343322754,
                    "90": 12.640000343322754,
                    "91": 12.640000343322754,
                    "92": 12.640000343322754,
                    "93": 12.640000343322754,
                    "94": 12.640000343322754,
                    "95": 12.640000343322754,
                    "96": 12.640000343322754,
                    "97": 12.640000343322754,
                    "98": 12.640000343322754,
                    "99": 12.640000343322754,
                    "100": 12.640000343322754,
                    "101": 12.640000343322754,
                    "102": 12.640000343322754,
                    "103": 12.640000343322754,
                    "104": 12.640000343322754,
                    "105": 12.640000343322754,
                    "106": 12.640000343322754,
                    "107": 12.640000343322754,
                    "108": 12.640000343322754,
                    "109": 12.640000343322754,
                    "110": 12.640000343322754,
                    "111": 12.640000343322754,
                    "112": 12.640000343322754,
                    "113": 12.640000343322754,
                    "114": 12.640000343322754,
                    "115": 12.640000343322754,
                    "116": 12.640000343322754,
                    "117": 12.640000343322754,
                    "118": 12.640000343322754,
                    "119": 12.640000343322754,
                    "120": 12.420000076293945
                }
            },
            {
                "summaryType": "stress",
                "minValue": 8.0,
                "maxValue": 59.0,
                "avgValue": 31.0,
                "epochSummaries": {
                    "0": 50.0,
                    "1": 50.0,
                    "2": 50.0,
                    "3": 52.0,
                    "4": 52.0,
                    "5": 52.0,
                    "6": 52.0,
                    "7": 52.0,
                    "8": 53.0,
                    "9": 53.0,
                    "10": 53.0,
                    "11": 53.0,
                    "12": 53.0,
                    "13": 52.0,
                    "14": 52.0,
                    "15": 52.0,
                    "16": 52.0,
                    "17": 52.0,
                    "18": 51.0,
                    "19": 51.0,
                    "20": 51.0,
                    "21": 51.0,
                    "22": 51.0,
                    "23": 59.0,
                    "24": 59.0,
                    "25": 59.0,
                    "26": 59.0,
                    "27": 59.0,
                    "28": 53.0,
                    "29": 53.0,
                    "30": 53.0,
                    "31": 53.0,
                    "32": 53.0,
                    "33": 47.0,
                    "34": 47.0,
                    "35": 47.0,
                    "36": 47.0,
                    "37": 47.0,
                    "38": 47.0,
                    "39": 47.0,
                    "40": 47.0,
                    "41": 47.0,
                    "42": 47.0,
                    "43": 39.0,
                    "44": 39.0,
                    "45": 39.0,
                    "46": 39.0,
                    "47": 39.0,
                    "48": 37.0,
                    "49": 37.0,
                    "50": 37.0,
                    "51": 37.0,
                    "52": 37.0,
                    "53": 27.0,
                    "54": 27.0,
                    "55": 27.0,
                    "56": 27.0,
                    "57": 27.0,
                    "58": 24.0,
                    "59": 24.0,
                    "60": 24.0,
                    "61": 24.0,
                    "62": 24.0,
                    "63": 21.0,
                    "64": 21.0,
                    "65": 21.0,
                    "66": 21.0,
                    "67": 21.0,
                    "68": 21.0,
                    "69": 21.0,
                    "70": 21.0,
                    "71": 21.0,
                    "72": 21.0,
                    "73": 21.0,
                    "74": 21.0,
                    "75": 21.0,
                    "76": 21.0,
                    "77": 21.0,
                    "78": 21.0,
                    "79": 21.0,
                    "80": 21.0,
                    "81": 21.0,
                    "82": 21.0,
                    "83": 14.0,
                    "84": 14.0,
                    "85": 14.0,
                    "86": 14.0,
                    "87": 14.0,
                    "88": 14.0,
                    "89": 14.0,
                    "90": 14.0,
                    "91": 14.0,
                    "92": 14.0,
                    "93": 14.0,
                    "94": 14.0,
                    "95": 14.0,
                    "96": 14.0,
                    "97": 14.0,
                    "98": 14.0,
                    "99": 14.0,
                    "100": 14.0,
                    "101": 14.0,
                    "102": 14.0,
                    "103": 14.0,
                    "104": 14.0,
                    "105": 14.0,
                    "106": 14.0,
                    "107": 14.0,
                    "108": 14.0,
                    "109": 14.0,
                    "110": 14.0,
                    "111": 14.0,
                    "112": 14.0,
                    "113": 8.0,
                    "114": 8.0,
                    "115": 8.0,
                    "116": 8.0,
                    "117": 8.0,
                    "118": 12.0,
                    "119": 12.0,
                    "120": 12.0
                }
            },
            {
                "summaryType": "spo2",
                "minValue": 96.0,
                "maxValue": 97.0,
                "avgValue": 96.0,
                "epochSummaries": {
                    "1": 96.0,
                    "2": 96.0,
                    "3": 96.0,
                    "4": 96.0,
                    "5": 96.0,
                    "6": 96.0,
                    "7": 96.0,
                    "8": 96.0,
                    "9": 96.0,
                    "10": 96.0,
                    "11": 96.0,
                    "12": 96.0,
                    "13": 96.0,
                    "14": 96.0,
                    "15": 96.0,
                    "16": 96.0,
                    "17": 96.0,
                    "18": 96.0,
                    "19": 96.0,
                    "20": 96.0,
                    "21": 96.0,
                    "22": 96.0,
                    "23": 96.0,
                    "24": 96.0,
                    "25": 96.0,
                    "26": 96.0,
                    "27": 96.0,
                    "28": 96.0,
                    "29": 96.0,
                    "30": 96.0,
                    "31": 96.0,
                    "32": 96.0,
                    "33": 96.0,
                    "34": 96.0,
                    "35": 96.0,
                    "36": 96.0,
                    "37": 96.0,
                    "38": 96.0,
                    "39": 96.0,
                    "40": 96.0,
                    "41": 96.0,
                    "42": 96.0,
                    "43": 96.0,
                    "44": 96.0,
                    "45": 96.0,
                    "46": 96.0,
                    "47": 96.0,
                    "48": 96.0,
                    "49": 96.0,
                    "50": 96.0,
                    "51": 96.0,
                    "52": 96.0,
                    "53": 96.0,
                    "54": 96.0,
                    "55": 96.0,
                    "56": 96.0,
                    "57": 96.0,
                    "58": 96.0,
                    "59": 96.0,
                    "60": 96.0,
                    "61": 96.0,
                    "62": 96.0,
                    "63": 96.0,
                    "64": 96.0,
                    "65": 96.0,
                    "66": 96.0,
                    "67": 96.0,
                    "68": 96.0,
                    "69": 96.0,
                    "70": 96.0,
                    "71": 96.0,
                    "72": 96.0,
                    "73": 96.0,
                    "74": 96.0,
                    "75": 96.0,
                    "76": 96.0,
                    "77": 96.0,
                    "78": 96.0,
                    "79": 96.0,
                    "80": 96.0,
                    "81": 96.0,
                    "82": 96.0,
                    "83": 96.0,
                    "84": 96.0,
                    "85": 96.0,
                    "86": 96.0,
                    "87": 96.0,
                    "88": 96.0,
                    "89": 96.0,
                    "90": 96.0,
                    "91": 97.0,
                    "92": 97.0,
                    "93": 97.0,
                    "94": 97.0,
                    "95": 97.0,
                    "96": 97.0,
                    "97": 97.0,
                    "98": 97.0,
                    "99": 97.0,
                    "100": 97.0,
                    "101": 97.0,
                    "102": 97.0,
                    "103": 97.0,
                    "104": 97.0,
                    "105": 97.0,
                    "106": 97.0,
                    "107": 96.0,
                    "108": 96.0,
                    "109": 96.0,
                    "110": 96.0,
                    "111": 96.0,
                    "112": 96.0,
                    "113": 96.0,
                    "114": 96.0,
                    "115": 96.0,
                    "116": 96.0,
                    "117": 96.0,
                    "118": 96.0,
                    "119": 96.0,
                    "120": 96.0
                }
            },
            {
                "summaryType": "rmssd_hrv",
                "avgValue": 57.0
            },
            {
                "summaryType": "sdrr_hrv",
                "avgValue": 132.0
            }
        ]
    }
]