[
   
    {
        "userId": "49d85c6a-b8f8-4787-95fa-f145553e59a9",
        "userAccessToken": "7b64f2c3-1572-407f-ac1a-ea3ef127ff2c",
        "summaryId": "x45dba26-671022043e17d4b1-c2cc-4fc0-a6a2-f3f57cb78ac278",
        "calendarDate": "2024-10-16",
        "startTimeInSeconds": 1729110532,
        "durationInSeconds": 120,
        "startTimeOffsetInSeconds": 7254,
        "summaries": [
            {
                "summaryType": "heart_rate",
                "minValue": 59.0,
                "maxValue": 82.0,
                "avgValue": 70.0,
                "epochSummaries": {
                    "0": 64.0,
                    "1": 65.0,
                    "2": 65.0,
                    "3": 65.0,
                    "4": 65.0,
                    "5": 66.0,
                    "6": 68.0,
                    "7": 75.0,
                    "8": 77.0,
                    "9": 78.0,
                    "10": 79.0,
                    "11": 80.0,
                    "12": 81.0,
                    "13": 81.0,
                    "14": 81.0,
                    "15": 81.0,
                    "16": 81.0,
                    "17": 81.0,
                    "18": 81.0,
                    "19": 81.0,
                    "20": 82.0,
                    "21": 82.0,
                    "22": 82.0,
                    "23": 82.0,
                    "24": 82.0,
                    "25": 82.0,
                    "26": 81.0,
                    "27": 80.0,
                    "28": 78.0,
                    "29": 74.0,
                    "30": 71.0,
                    "31": 66.0,
                    "32": 64.0,
                    "33": 63.0,
                    "34": 62.0,
                    "35": 62.0,
                    "36": 62.0,
                    "37": 62.0,
                    "38": 62.0,
                    "39": 62.0,
                    "40": 62.0,
                    "41": 62.0,
                    "42": 62.0,
                    "43": 64.0,
                    "44": 65.0,
                    "45": 66.0,
                    "46": 66.0,
                    "47": 66.0,
                    "48": 66.0,
                    "49": 65.0,
                    "50": 65.0,
                    "51": 65.0,
                    "52": 65.0,
                    "53": 65.0,
                    "54": 66.0,
                    "55": 66.0,
                    "56": 65.0,
                    "57": 65.0,
                    "58": 65.0,
                    "59": 65.0,
                    "60": 65.0,
                    "61": 65.0,
                    "62": 65.0,
                    "63": 65.0,
                    "64": 65.0,
                    "65": 66.0,
                    "66": 67.0,
                    "67": 68.0,
                    "68": 69.0,
                    "69": 70.0,
                    "70": 70.0,
                    "71": 71.0,
                    "72": 73.0,
                    "73": 75.0,
                    "74": 78.0,
                    "75": 80.0,
                    "76": 81.0,
                    "77": 81.0,
                    "78": 82.0,
                    "79": 81.0,
                    "80": 81.0,
                    "81": 81.0,
                    "82": 81.0,
                    "83": 81.0,
                    "84": 81.0,
                    "85": 81.0,
                    "86": 81.0,
                    "87": 81.0,
                    "88": 77.0,
                    "89": 76.0,
                    "90": 72.0,
                    "91": 72.0,
                    "92": 72.0,
                    "93": 70.0,
                    "94": 69.0,
                    "95": 68.0,
                    "96": 69.0,
                    "97": 64.0,
                    "98": 62.0,
                    "99": 61.0,
                    "100": 61.0,
                    "101": 61.0,
                    "102": 62.0,
                    "103": 65.0,
                    "104": 65.0,
                    "105": 65.0,
                    "106": 65.0,
                    "107": 61.0,
                    "108": 59.0,
                    "109": 60.0,
                    "110": 59.0,
                    "111": 60.0,
                    "112": 61.0,
                    "113": 62.0,
                    "114": 64.0,
                    "115": 64.0,
                    "116": 64.0,
                    "117": 64.0,
                    "118": 65.0,
                    "119": 66.0,
                    "120": 66.0
                }
            },
            {
                "summaryType": "respiration",
                "minValue": 13.109999656677246,
                "maxValue": 14.260000228881836,
                "avgValue": 13.739999771118164,
                "epochSummaries": {
                    "0": 13.109999656677246,
                    "1": 13.109999656677246,
                    "2": 13.109999656677246,
                    "3": 13.109999656677246,
                    "4": 13.109999656677246,
                    "5": 13.109999656677246,
                    "6": 13.109999656677246,
                    "7": 13.109999656677246,
                    "8": 13.109999656677246,
                    "9": 13.109999656677246,
                    "10": 13.109999656677246,
                    "11": 13.109999656677246,
                    "12": 13.619999885559082,
                    "13": 13.619999885559082,
                    "14": 13.619999885559082,
                    "15": 13.619999885559082,
                    "16": 13.619999885559082,
                    "17": 13.619999885559082,
                    "18": 13.619999885559082,
                    "19": 13.619999885559082,
                    "20": 13.329999923706055,
                    "21": 13.329999923706055,
                    "22": 13.329999923706055,
                    "23": 13.329999923706055,
                    "24": 13.859999656677246,
                    "25": 13.859999656677246,
                    "26": 13.859999656677246,
                    "27": 13.859999656677246,
                    "28": 13.859999656677246,
                    "29": 13.859999656677246,
                    "30": 13.859999656677246,
                    "31": 13.859999656677246,
                    "32": 13.859999656677246,
                    "33": 13.859999656677246,
                    "34": 14.149999618530273,
                    "35": 14.149999618530273,
                    "36": 14.149999618530273,
                    "37": 14.149999618530273,
                    "38": 14.149999618530273,
                    "39": 14.119999885559082,
                    "40": 14.119999885559082,
                    "41": 14.119999885559082,
                    "42": 14.119999885559082,
                    "43": 14.119999885559082,
                    "44": 14.119999885559082,
                    "45": 14.119999885559082,
                    "46": 14.119999885559082,
                    "47": 14.119999885559082,
                    "48": 13.6899995803833,
                    "49": 13.6899995803833,
                    "50": 13.6899995803833,
                    "51": 13.6899995803833,
                    "52": 13.6899995803833,
                    "53": 13.6899995803833,
                    "54": 13.670000076293945,
                    "55": 13.670000076293945,
                    "56": 13.670000076293945,
                    "57": 13.670000076293945,
                    "58": 13.670000076293945,
                    "59": 13.630000114440918,
                    "60": 13.630000114440918,
                    "61": 13.630000114440918,
                    "62": 13.630000114440918,
                    "63": 13.630000114440918,
                    "64": 13.359999656677246,
                    "65": 13.359999656677246,
                    "66": 13.359999656677246,
                    "67": 13.359999656677246,
                    "68": 13.359999656677246,
                    "69": 13.510000228881836,
                    "70": 13.510000228881836,
                    "71": 13.510000228881836,
                    "72": 13.670000076293945,
                    "73": 13.670000076293945,
                    "74": 13.670000076293945,
                    "75": 13.670000076293945,
                    "76": 13.729999542236328,
                    "77": 13.729999542236328,
                    "78": 13.729999542236328,
                    "79": 13.729999542236328,
                    "80": 13.729999542236328,
                    "81": 13.729999542236328,
                    "82": 13.529999732971191,
                    "83": 13.529999732971191,
                    "84": 13.529999732971191,
                    "85": 13.529999732971191,
                    "86": 13.670000076293945,
                    "87": 13.670000076293945,
                    "88": 13.670000076293945,
                    "89": 13.670000076293945,
                    "90": 13.670000076293945,
                    "91": 13.670000076293945,
                    "92": 13.670000076293945,
                    "93": 13.670000076293945,
                    "94": 13.670000076293945,
                    "95": 13.670000076293945,
                    "96": 14.0600004196167,
                    "97": 14.0600004196167,
                    "98": 14.100000381469727,
                    "99": 14.100000381469727,
                    "100": 14.100000381469727,
                    "101": 14.100000381469727,
                    "102": 13.970000267028809,
                    "103": 13.970000267028809,
                    "104": 13.970000267028809,
                    "105": 13.970000267028809,
                    "106": 14.119999885559082,
                    "107": 14.119999885559082,
                    "108": 14.119999885559082,
                    "109": 14.25,
                    "110": 14.25,
                    "111": 14.25,
                    "112": 14.25,
                    "113": 14.25,
                    "114": 14.229999542236328,
                    "115": 14.229999542236328,
                    "116": 14.229999542236328,
                    "117": 14.229999542236328,
                    "118": 14.260000228881836,
                    "119": 14.260000228881836,
                    "120": 13.289999961853027
                }
            },
            {
                "summaryType": "stress",
                "minValue": 16.0,
                "maxValue": 51.0,
                "avgValue": 33.0,
                "epochSummaries": {
                    "0": 30.0,
                    "1": 30.0,
                    "2": 30.0,
                    "3": 30.0,
                    "4": 30.0,
                    "5": 30.0,
                    "6": 30.0,
                    "7": 30.0,
                    "8": 30.0,
                    "9": 30.0,
                    "10": 30.0,
                    "11": 30.0,
                    "12": 30.0,
                    "13": 30.0,
                    "14": 28.0,
                    "15": 28.0,
                    "16": 28.0,
                    "17": 28.0,
                    "18": 28.0,
                    "19": 29.0,
                    "20": 29.0,
                    "21": 29.0,
                    "22": 29.0,
                    "23": 29.0,
                    "24": 38.0,
                    "25": 38.0,
                    "26": 38.0,
                    "27": 38.0,
                    "28": 38.0,
                    "29": 39.0,
                    "30": 39.0,
                    "31": 39.0,
                    "32": 39.0,
                    "33": 39.0,
                    "34": 42.0,
                    "35": 42.0,
                    "36": 42.0,
                    "37": 42.0,
                    "38": 42.0,
                    "39": 42.0,
                    "40": 42.0,
                    "41": 42.0,
                    "42": 42.0,
                    "43": 42.0,
                    "44": 31.0,
                    "45": 31.0,
                    "46": 31.0,
                    "47": 31.0,
                    "48": 31.0,
                    "49": 24.0,
                    "50": 24.0,
                    "51": 24.0,
                    "52": 24.0,
                    "53": 24.0,
                    "54": 18.0,
                    "55": 18.0,
                    "56": 18.0,
                    "57": 18.0,
                    "58": 18.0,
                    "59": 16.0,
                    "60": 16.0,
                    "61": 16.0,
                    "62": 16.0,
                    "63": 16.0,
                    "64": 16.0,
                    "65": 16.0,
                    "66": 16.0,
                    "67": 16.0,
                    "68": 16.0,
                    "69": 18.0,
                    "70": 18.0,
                    "71": 18.0,
                    "72": 18.0,
                    "73": 18.0,
                    "74": 21.0,
                    "75": 21.0,
                    "76": 21.0,
                    "77": 21.0,
                    "78": 21.0,
                    "79": 24.0,
                    "80": 24.0,
                    "81": 24.0,
                    "82": 24.0,
                    "83": 24.0,
                    "84": 33.0,
                    "85": 33.0,
                    "86": 33.0,
                    "87": 33.0,
                    "88": 33.0,
                    "89": 43.0,
                    "90": 43.0,
                    "91": 43.0,
                    "92": 43.0,
                    "93": 43.0,
                    "94": 49.0,
                    "95": 49.0,
                    "96": 49.0,
                    "97": 49.0,
                    "98": 49.0,
                    "99": 51.0,
                    "100": 51.0,
                    "101": 51.0,
                    "102": 51.0,
                    "103": 51.0,
                    "104": 49.0,
                    "105": 49.0,
                    "106": 49.0,
                    "107": 49.0,
                    "108": 49.0,
                    "109": 44.0,
                    "110": 44.0,
                    "111": 44.0,
                    "112": 44.0,
                    "113": 44.0,
                    "114": 38.0,
                    "115": 38.0,
                    "116": 38.0,
                    "117": 38.0,
                    "118": 38.0,
                    "119": 33.0,
                    "120": 33.0
                }
            },
            {
                "summaryType": "spo2",
                "minValue": 95.0,
                "maxValue": 98.0,
                "avgValue": 96.0,
                "epochSummaries": {
                    "2": 96.0,
                    "3": 96.0,
                    "4": 96.0,
                    "5": 96.0,
                    "6": 96.0,
                    "7": 96.0,
                    "8": 96.0,
                    "9": 96.0,
                    "10": 96.0,
                    "11": 96.0,
                    "12": 96.0,
                    "13": 96.0,
                    "14": 96.0,
                    "15": 96.0,
                    "16": 97.0,
                    "17": 97.0,
                    "18": 97.0,
                    "19": 97.0,
                    "20": 97.0,
                    "21": 97.0,
                    "22": 97.0,
                    "23": 97.0,
                    "24": 97.0,
                    "25": 97.0,
                    "26": 97.0,
                    "27": 97.0,
                    "28": 97.0,
                    "29": 97.0,
                    "30": 97.0,
                    "31": 97.0,
                    "32": 97.0,
                    "33": 97.0,
                    "34": 97.0,
                    "35": 97.0,
                    "36": 97.0,
                    "37": 97.0,
                    "38": 98.0,
                    "39": 98.0,
                    "40": 98.0,
                    "41": 98.0,
                    "42": 98.0,
                    "43": 98.0,
                    "44": 98.0,
                    "45": 98.0,
                    "46": 98.0,
                    "47": 98.0,
                    "48": 98.0,
                    "49": 98.0,
                    "50": 98.0,
                    "51": 98.0,
                    "52": 98.0,
                    "53": 98.0,
                    "54": 97.0,
                    "55": 97.0,
                    "56": 97.0,
                    "57": 97.0,
                    "58": 97.0,
                    "59": 97.0,
                    "60": 97.0,
                    "61": 97.0,
                    "62": 97.0,
                    "63": 97.0,
                    "64": 97.0,
                    "65": 97.0,
                    "66": 97.0,
                    "67": 97.0,
                    "68": 97.0,
                    "69": 97.0,
                    "70": 96.0,
                    "71": 96.0,
                    "72": 96.0,
                    "73": 96.0,
                    "74": 96.0,
                    "75": 96.0,
                    "76": 96.0,
                    "77": 96.0,
                    "78": 96.0,
                    "79": 96.0,
                    "80": 96.0,
                    "81": 96.0,
                    "82": 96.0,
                    "83": 96.0,
                    "84": 96.0,
                    "85": 96.0,
                    "86": 95.0,
                    "87": 95.0,
                    "88": 95.0,
                    "89": 95.0,
                    "90": 95.0,
                    "91": 95.0,
                    "92": 96.0,
                    "93": 96.0,
                    "94": 96.0,
                    "95": 96.0,
                    "96": 96.0,
                    "97": 96.0,
                    "98": 96.0,
                    "99": 96.0,
                    "100": 96.0,
                    "101": 96.0,
                    "102": 96.0,
                    "103": 96.0,
                    "104": 96.0,
                    "105": 96.0,
                    "106": 96.0,
                    "107": 96.0,
                    "108": 96.0,
                    "109": 96.0,
                    "110": 96.0,
                    "111": 96.0,
                    "112": 96.0,
                    "113": 96.0,
                    "114": 96.0,
                    "115": 96.0,
                    "116": 96.0,
                    "117": 96.0,
                    "118": 96.0,
                    "119": 96.0,
                    "120": 96.0
                }
            },
            {
                "summaryType": "rmssd_hrv",
                "avgValue": 58.0
            },
            {
                "summaryType": "sdrr_hrv",
                "avgValue": 103.0
            }
        ]
    }
]