[
    
    {
        "userId": "49d85c6a-b8f8-4787-95fa-f145553e59a9",
        "userAccessToken": "7b64f2c3-1572-407f-ac1a-ea3ef127ff2c",
        "summaryId": "x45dba26-670fa9b29266870a-3158-4e29-9164-01740698f5e478",
        "calendarDate": "2024-10-16",
        "startTimeInSeconds": 1729079730,
        "durationInSeconds": 120,
        "startTimeOffsetInSeconds": 7254,
        "summaries": [
            {
                "summaryType": "heart_rate",
                "minValue": 59.0,
                "maxValue": 69.0,
                "avgValue": 63.0,
                "epochSummaries": {
                    "0": 68.0,
                    "1": 67.0,
                    "2": 67.0,
                    "3": 67.0,
                    "4": 67.0,
                    "5": 67.0,
                    "6": 67.0,
                    "7": 67.0,
                    "8": 68.0,
                    "9": 69.0,
                    "10": 67.0,
                    "11": 65.0,
                    "12": 63.0,
                    "13": 60.0,
                    "14": 60.0,
                    "15": 60.0,
                    "16": 60.0,
                    "17": 61.0,
                    "18": 61.0,
                    "19": 60.0,
                    "20": 60.0,
                    "21": 60.0,
                    "22": 60.0,
                    "23": 60.0,
                    "24": 60.0,
                    "25": 60.0,
                    "26": 60.0,
                    "27": 61.0,
                    "28": 61.0,
                    "29": 62.0,
                    "30": 62.0,
                    "31": 62.0,
                    "32": 63.0,
                    "33": 64.0,
                    "34": 64.0,
                    "35": 65.0,
                    "36": 64.0,
                    "37": 64.0,
                    "38": 63.0,
                    "39": 63.0,
                    "40": 63.0,
                    "41": 63.0,
                    "42": 63.0,
                    "43": 63.0,
                    "44": 63.0,
                    "45": 63.0,
                    "46": 63.0,
                    "47": 63.0,
                    "48": 63.0,
                    "49": 63.0,
                    "50": 63.0,
                    "51": 63.0,
                    "52": 63.0,
                    "53": 63.0,
                    "54": 63.0,
                    "55": 63.0,
                    "56": 63.0,
                    "57": 63.0,
                    "58": 63.0,
                    "59": 63.0,
                    "60": 63.0,
                    "61": 63.0,
                    "62": 63.0,
                    "63": 63.0,
                    "64": 63.0,
                    "65": 63.0,
                    "66": 65.0,
                    "67": 66.0,
                    "68": 67.0,
                    "69": 66.0,
                    "70": 65.0,
                    "71": 65.0,
                    "72": 65.0,
                    "73": 65.0,
                    "74": 65.0,
                    "75": 64.0,
                    "76": 65.0,
                    "77": 66.0,
                    "78": 66.0,
                    "79": 66.0,
                    "80": 66.0,
                    "81": 66.0,
                    "82": 65.0,
                    "83": 62.0,
                    "84": 60.0,
                    "85": 59.0,
                    "86": 60.0,
                    "87": 60.0,
                    "88": 60.0,
                    "89": 61.0,
                    "90": 61.0,
                    "91": 62.0,
                    "92": 62.0,
                    "93": 62.0,
                    "94": 62.0,
                    "95": 62.0,
                    "96": 62.0,
                    "97": 62.0,
                    "98": 62.0,
                    "99": 62.0,
                    "100": 62.0,
                    "101": 62.0,
                    "102": 62.0,
                    "103": 62.0,
                    "104": 62.0,
                    "105": 61.0,
                    "106": 61.0,
                    "107": 62.0,
                    "108": 62.0,
                    "109": 62.0,
                    "110": 62.0,
                    "111": 62.0,
                    "112": 62.0,
                    "113": 62.0,
                    "114": 62.0,
                    "115": 62.0,
                    "116": 62.0,
                    "117": 63.0,
                    "118": 63.0,
                    "119": 65.0,
                    "120": 66.0
                }
            },
            {
                "summaryType": "respiration",
                "minValue": 10.869999885559082,
                "maxValue": 12.8100004196167,
                "avgValue": 12.199999809265137,
                "epochSummaries": {
                    "0": 11.510000228881836,
                    "1": 11.510000228881836,
                    "2": 11.510000228881836,
                    "3": 11.960000038146973,
                    "4": 11.960000038146973,
                    "5": 11.960000038146973,
                    "6": 11.960000038146973,
                    "7": 11.960000038146973,
                    "8": 11.960000038146973,
                    "9": 11.90999984741211,
                    "10": 11.90999984741211,
                    "11": 11.90999984741211,
                    "12": 11.90999984741211,
                    "13": 11.90999984741211,
                    "14": 12.079999923706055,
                    "15": 12.079999923706055,
                    "16": 12.079999923706055,
                    "17": 12.079999923706055,
                    "18": 12.079999923706055,
                    "19": 12.140000343322754,
                    "20": 12.140000343322754,
                    "21": 12.140000343322754,
                    "22": 12.140000343322754,
                    "23": 12.239999771118164,
                    "24": 12.239999771118164,
                    "25": 12.239999771118164,
                    "26": 12.539999961853027,
                    "27": 12.539999961853027,
                    "28": 12.539999961853027,
                    "29": 12.539999961853027,
                    "30": 12.539999961853027,
                    "31": 12.579999923706055,
                    "32": 12.579999923706055,
                    "33": 12.579999923706055,
                    "34": 12.579999923706055,
                    "35": 12.579999923706055,
                    "36": 12.470000267028809,
                    "37": 12.470000267028809,
                    "38": 12.470000267028809,
                    "39": 12.470000267028809,
                    "40": 12.470000267028809,
                    "41": 12.8100004196167,
                    "42": 12.8100004196167,
                    "43": 12.8100004196167,
                    "44": 12.8100004196167,
                    "45": 12.789999961853027,
                    "46": 12.789999961853027,
                    "47": 12.789999961853027,
                    "48": 12.789999961853027,
                    "49": 12.789999961853027,
                    "50": 12.789999961853027,
                    "51": 12.600000381469727,
                    "52": 12.600000381469727,
                    "53": 12.600000381469727,
                    "54": 12.600000381469727,
                    "55": 12.600000381469727,
                    "56": 12.600000381469727,
                    "57": 12.289999961853027,
                    "58": 12.289999961853027,
                    "59": 12.289999961853027,
                    "60": 12.289999961853027,
                    "61": 12.289999961853027,
                    "62": 12.079999923706055,
                    "63": 12.079999923706055,
                    "64": 12.079999923706055,
                    "65": 12.079999923706055,
                    "66": 12.079999923706055,
                    "67": 12.079999923706055,
                    "68": 12.079999923706055,
                    "69": 12.079999923706055,
                    "70": 12.079999923706055,
                    "71": 11.670000076293945,
                    "72": 11.670000076293945,
                    "73": 11.670000076293945,
                    "74": 11.670000076293945,
                    "75": 11.670000076293945,
                    "76": 11.670000076293945,
                    "77": 11.819999694824219,
                    "78": 11.819999694824219,
                    "79": 12.15999984741211,
                    "80": 12.15999984741211,
                    "81": 12.15999984741211,
                    "82": 12.15999984741211,
                    "83": 12.15999984741211,
                    "84": 12.300000190734863,
                    "85": 12.300000190734863,
                    "86": 12.300000190734863,
                    "87": 12.300000190734863,
                    "88": 12.300000190734863,
                    "89": 12.350000381469727,
                    "90": 12.350000381469727,
                    "91": 12.350000381469727,
                    "92": 12.350000381469727,
                    "93": 12.350000381469727,
                    "94": 12.319999694824219,
                    "95": 12.319999694824219,
                    "96": 12.319999694824219,
                    "97": 12.319999694824219,
                    "98": 12.319999694824219,
                    "99": 12.319999694824219,
                    "100": 12.289999961853027,
                    "101": 12.289999961853027,
                    "102": 12.289999961853027,
                    "103": 12.289999961853027,
                    "104": 12.289999961853027,
                    "105": 12.289999961853027,
                    "106": 11.970000267028809,
                    "107": 11.970000267028809,
                    "108": 11.970000267028809,
                    "109": 11.970000267028809,
                    "110": 11.920000076293945,
                    "111": 11.920000076293945,
                    "112": 11.920000076293945,
                    "113": 11.920000076293945,
                    "114": 11.920000076293945,
                    "115": 11.920000076293945,
                    "116": 11.920000076293945,
                    "117": 11.84000015258789,
                    "118": 11.84000015258789,
                    "119": 11.84000015258789,
                    "120": 10.869999885559082
                }
            },
            {
                "summaryType": "stress",
                "minValue": 18.0,
                "maxValue": 29.0,
                "avgValue": 21.0,
                "epochSummaries": {
                    "0": 28.0,
                    "1": 28.0,
                    "2": 28.0,
                    "3": 28.0,
                    "4": 28.0,
                    "5": 29.0,
                    "6": 29.0,
                    "7": 29.0,
                    "8": 29.0,
                    "9": 29.0,
                    "10": 25.0,
                    "11": 25.0,
                    "12": 25.0,
                    "13": 25.0,
                    "14": 25.0,
                    "15": 24.0,
                    "16": 24.0,
                    "17": 24.0,
                    "18": 24.0,
                    "19": 24.0,
                    "20": 23.0,
                    "21": 23.0,
                    "22": 23.0,
                    "23": 23.0,
                    "24": 23.0,
                    "25": 21.0,
                    "26": 21.0,
                    "27": 21.0,
                    "28": 21.0,
                    "29": 21.0,
                    "30": 20.0,
                    "31": 20.0,
                    "32": 20.0,
                    "33": 20.0,
                    "34": 20.0,
                    "35": 18.0,
                    "36": 18.0,
                    "37": 18.0,
                    "38": 18.0,
                    "39": 18.0,
                    "40": 18.0,
                    "41": 18.0,
                    "42": 18.0,
                    "43": 18.0,
                    "44": 18.0,
                    "45": 18.0,
                    "46": 18.0,
                    "47": 18.0,
                    "48": 18.0,
                    "49": 18.0,
                    "50": 18.0,
                    "51": 18.0,
                    "52": 18.0,
                    "53": 18.0,
                    "54": 18.0,
                    "55": 19.0,
                    "56": 19.0,
                    "57": 19.0,
                    "58": 19.0,
                    "59": 19.0,
                    "60": 19.0,
                    "61": 19.0,
                    "62": 19.0,
                    "63": 19.0,
                    "64": 19.0,
                    "65": 19.0,
                    "66": 19.0,
                    "67": 19.0,
                    "68": 19.0,
                    "69": 19.0,
                    "70": 19.0,
                    "71": 19.0,
                    "72": 19.0,
                    "73": 19.0,
                    "74": 19.0,
                    "75": 20.0,
                    "76": 20.0,
                    "77": 20.0,
                    "78": 20.0,
                    "79": 20.0,
                    "80": 20.0,
                    "81": 20.0,
                    "82": 20.0,
                    "83": 20.0,
                    "84": 20.0,
                    "85": 20.0,
                    "86": 20.0,
                    "87": 20.0,
                    "88": 20.0,
                    "89": 20.0,
                    "90": 20.0,
                    "91": 20.0,
                    "92": 20.0,
                    "93": 20.0,
                    "94": 20.0,
                    "95": 21.0,
                    "96": 21.0,
                    "97": 21.0,
                    "98": 21.0,
                    "99": 21.0,
                    "100": 22.0,
                    "101": 22.0,
                    "102": 22.0,
                    "103": 22.0,
                    "104": 22.0,
                    "105": 23.0,
                    "106": 23.0,
                    "107": 23.0,
                    "108": 23.0,
                    "109": 23.0,
                    "110": 24.0,
                    "111": 24.0,
                    "112": 24.0,
                    "113": 24.0,
                    "114": 24.0,
                    "115": 25.0,
                    "116": 25.0,
                    "117": 25.0,
                    "118": 25.0,
                    "119": 25.0,
                    "120": 27.0
                }
            },
            {
                "summaryType": "spo2",
                "minValue": 96.0,
                "maxValue": 97.0,
                "avgValue": 96.0,
                "epochSummaries": {
                    "1": 97.0,
                    "2": 97.0,
                    "3": 97.0,
                    "4": 97.0,
                    "5": 97.0,
                    "6": 97.0,
                    "7": 97.0,
                    "8": 97.0,
                    "9": 97.0,
                    "10": 97.0,
                    "11": 97.0,
                    "12": 97.0,
                    "13": 97.0,
                    "14": 97.0,
                    "15": 97.0,
                    "16": 97.0,
                    "17": 97.0,
                    "18": 97.0,
                    "19": 97.0,
                    "20": 97.0,
                    "21": 97.0,
                    "22": 97.0,
                    "23": 97.0,
                    "24": 97.0,
                    "25": 97.0,
                    "26": 97.0,
                    "27": 97.0,
                    "28": 97.0,
                    "29": 97.0,
                    "30": 97.0,
                    "31": 97.0,
                    "32": 97.0,
                    "33": 97.0,
                    "34": 97.0,
                    "35": 97.0,
                    "36": 97.0,
                    "37": 97.0,
                    "38": 97.0,
                    "39": 97.0,
                    "40": 97.0,
                    "41": 97.0,
                    "42": 97.0,
                    "43": 97.0,
                    "44": 97.0,
                    "45": 97.0,
                    "46": 97.0,
                    "47": 97.0,
                    "48": 97.0,
                    "49": 97.0,
                    "50": 97.0,
                    "51": 97.0,
                    "52": 97.0,
                    "53": 97.0,
                    "54": 97.0,
                    "55": 97.0,
                    "56": 97.0,
                    "57": 97.0,
                    "58": 97.0,
                    "59": 97.0,
                    "60": 97.0,
                    "61": 97.0,
                    "62": 97.0,
                    "63": 97.0,
                    "64": 96.0,
                    "65": 96.0,
                    "66": 96.0,
                    "67": 96.0,
                    "68": 96.0,
                    "69": 96.0,
                    "70": 96.0,
                    "71": 96.0,
                    "72": 96.0,
                    "73": 96.0,
                    "74": 96.0,
                    "75": 96.0,
                    "76": 96.0,
                    "77": 96.0,
                    "78": 96.0,
                    "79": 96.0,
                    "80": 96.0,
                    "81": 96.0,
                    "82": 96.0,
                    "83": 96.0,
                    "84": 96.0,
                    "85": 96.0,
                    "86": 96.0,
                    "87": 96.0,
                    "88": 96.0,
                    "89": 96.0,
                    "90": 96.0,
                    "91": 96.0,
                    "92": 96.0,
                    "93": 96.0,
                    "94": 96.0,
                    "95": 96.0,
                    "96": 96.0,
                    "97": 96.0,
                    "98": 96.0,
                    "99": 97.0,
                    "100": 97.0,
                    "101": 97.0,
                    "102": 97.0,
                    "103": 97.0,
                    "104": 97.0,
                    "105": 97.0,
                    "106": 97.0,
                    "107": 97.0,
                    "108": 97.0,
                    "109": 97.0,
                    "110": 97.0,
                    "111": 97.0,
                    "112": 97.0,
                    "113": 97.0,
                    "114": 97.0,
                    "115": 97.0,
                    "116": 97.0,
                    "117": 97.0,
                    "118": 97.0,
                    "119": 97.0,
                    "120": 97.0
                }
            },
            {
                "summaryType": "rmssd_hrv",
                "avgValue": 61.0
            },
            {
                "summaryType": "sdrr_hrv",
                "avgValue": 68.0
            }
        ]
    }
]