[
    {
        "userId": "49d85c6a-b8f8-4787-95fa-f145553e59a9",
        "userAccessToken": "7b64f2c3-1572-407f-ac1a-ea3ef127ff2c",
        "summaryId": "x45dba26-670f4d8f805f0d77-209e-4e37-9618-ccffee79eb4d78",
        "calendarDate": "2024-10-16",
        "startTimeInSeconds": 1729056143,
        "durationInSeconds": 120,
        "startTimeOffsetInSeconds": 7254,
        "summaries": [
            {
                "summaryType": "heart_rate",
                "minValue": 51.0,
                "maxValue": 62.0,
                "avgValue": 56.0,
                "epochSummaries": {
                    "0": 56.0,
                    "1": 56.0,
                    "2": 56.0,
                    "3": 56.0,
                    "4": 56.0,
                    "5": 57.0,
                    "6": 56.0,
                    "7": 56.0,
                    "8": 56.0,
                    "9": 56.0,
                    "10": 57.0,
                    "11": 57.0,
                    "12": 58.0,
                    "13": 58.0,
                    "14": 58.0,
                    "15": 57.0,
                    "16": 57.0,
                    "17": 57.0,
                    "18": 57.0,
                    "19": 57.0,
                    "20": 56.0,
                    "21": 56.0,
                    "22": 55.0,
                    "23": 54.0,
                    "24": 53.0,
                    "25": 53.0,
                    "26": 54.0,
                    "27": 54.0,
                    "28": 56.0,
                    "29": 56.0,
                    "30": 56.0,
                    "31": 58.0,
                    "32": 58.0,
                    "33": 59.0,
                    "34": 59.0,
                    "35": 59.0,
                    "36": 59.0,
                    "37": 60.0,
                    "38": 60.0,
                    "39": 59.0,
                    "40": 59.0,
                    "41": 58.0,
                    "42": 57.0,
                    "43": 56.0,
                    "44": 56.0,
                    "45": 57.0,
                    "46": 57.0,
                    "47": 57.0,
                    "48": 57.0,
                    "49": 57.0,
                    "50": 57.0,
                    "51": 57.0,
                    "52": 57.0,
                    "53": 57.0,
                    "54": 57.0,
                    "55": 57.0,
                    "56": 57.0,
                    "57": 57.0,
                    "58": 57.0,
                    "59": 57.0,
                    "60": 56.0,
                    "61": 56.0,
                    "62": 54.0,
                    "63": 53.0,
                    "64": 52.0,
                    "65": 53.0,
                    "66": 53.0,
                    "67": 54.0,
                    "68": 54.0,
                    "69": 54.0,
                    "70": 54.0,
                    "71": 53.0,
                    "72": 53.0,
                    "73": 53.0,
                    "74": 53.0,
                    "75": 53.0,
                    "76": 53.0,
                    "77": 53.0,
                    "78": 53.0,
                    "79": 53.0,
                    "80": 53.0,
                    "81": 53.0,
                    "82": 53.0,
                    "83": 54.0,
                    "84": 54.0,
                    "85": 54.0,
                    "86": 54.0,
                    "87": 55.0,
                    "88": 58.0,
                    "89": 58.0,
                    "90": 59.0,
                    "91": 59.0,
                    "92": 62.0,
                    "93": 58.0,
                    "94": 57.0,
                    "95": 55.0,
                    "96": 55.0,
                    "97": 55.0,
                    "98": 53.0,
                    "99": 52.0,
                    "100": 51.0,
                    "101": 52.0,
                    "102": 53.0,
                    "103": 54.0,
                    "104": 54.0,
                    "105": 54.0,
                    "106": 54.0,
                    "107": 55.0,
                    "108": 56.0,
                    "109": 57.0,
                    "110": 58.0,
                    "111": 60.0,
                    "112": 59.0,
                    "113": 59.0,
                    "114": 58.0,
                    "115": 56.0,
                    "116": 56.0,
                    "117": 57.0,
                    "118": 58.0,
                    "119": 59.0,
                    "120": 59.0,
                    "121": 59.0
                }
            },
            {
                "summaryType": "respiration",
                "minValue": 10.229999542236328,
                "maxValue": 11.970000267028809,
                "avgValue": 11.520000457763672,
                "epochSummaries": {
                    "0": 11.260000228881836,
                    "1": 11.260000228881836,
                    "2": 11.260000228881836,
                    "3": 11.479999542236328,
                    "4": 11.479999542236328,
                    "5": 11.479999542236328,
                    "6": 11.479999542236328,
                    "7": 11.479999542236328,
                    "8": 11.630000114440918,
                    "9": 11.630000114440918,
                    "10": 11.630000114440918,
                    "11": 11.630000114440918,
                    "12": 11.739999771118164,
                    "13": 11.739999771118164,
                    "14": 11.739999771118164,
                    "15": 11.739999771118164,
                    "16": 11.739999771118164,
                    "17": 11.739999771118164,
                    "18": 11.739999771118164,
                    "19": 11.520000457763672,
                    "20": 11.520000457763672,
                    "21": 11.520000457763672,
                    "22": 11.520000457763672,
                    "23": 11.59000015258789,
                    "24": 11.59000015258789,
                    "25": 11.59000015258789,
                    "26": 11.59000015258789,
                    "27": 11.59000015258789,
                    "28": 11.569999694824219,
                    "29": 11.569999694824219,
                    "30": 11.569999694824219,
                    "31": 11.569999694824219,
                    "32": 11.569999694824219,
                    "33": 11.640000343322754,
                    "34": 11.640000343322754,
                    "35": 11.640000343322754,
                    "36": 11.640000343322754,
                    "37": 11.640000343322754,
                    "38": 11.859999656677246,
                    "39": 11.859999656677246,
                    "40": 11.859999656677246,
                    "41": 11.859999656677246,
                    "42": 11.970000267028809,
                    "43": 11.970000267028809,
                    "44": 11.970000267028809,
                    "45": 11.970000267028809,
                    "46": 11.970000267028809,
                    "47": 11.970000267028809,
                    "48": 11.970000267028809,
                    "49": 11.930000305175781,
                    "50": 11.930000305175781,
                    "51": 11.930000305175781,
                    "52": 11.930000305175781,
                    "53": 11.930000305175781,
                    "54": 11.930000305175781,
                    "55": 11.930000305175781,
                    "56": 11.930000305175781,
                    "57": 11.930000305175781,
                    "58": 11.930000305175781,
                    "59": 11.770000457763672,
                    "60": 11.770000457763672,
                    "61": 11.470000267028809,
                    "62": 11.470000267028809,
                    "63": 11.470000267028809,
                    "64": 11.470000267028809,
                    "65": 11.470000267028809,
                    "66": 11.550000190734863,
                    "67": 11.550000190734863,
                    "68": 11.550000190734863,
                    "69": 11.550000190734863,
                    "70": 11.550000190734863,
                    "71": 11.550000190734863,
                    "72": 11.5600004196167,
                    "73": 11.5600004196167,
                    "74": 11.5600004196167,
                    "75": 11.5600004196167,
                    "76": 11.5600004196167,
                    "77": 11.5600004196167,
                    "78": 11.5600004196167,
                    "79": 11.5600004196167,
                    "80": 11.5600004196167,
                    "81": 11.5600004196167,
                    "82": 11.5600004196167,
                    "83": 11.130000114440918,
                    "84": 10.869999885559082,
                    "85": 10.869999885559082,
                    "86": 10.869999885559082,
                    "87": 10.869999885559082,
                    "88": 10.869999885559082,
                    "89": 10.869999885559082,
                    "90": 10.869999885559082,
                    "91": 10.789999961853027,
                    "92": 10.789999961853027,
                    "93": 10.789999961853027,
                    "94": 10.789999961853027,
                    "95": 10.789999961853027,
                    "96": 10.890000343322754,
                    "97": 10.890000343322754,
                    "98": 10.890000343322754,
                    "99": 10.890000343322754,
                    "100": 11.25,
                    "101": 11.25,
                    "102": 11.25,
                    "103": 11.25,
                    "104": 11.25,
                    "105": 11.430000305175781,
                    "106": 11.430000305175781,
                    "107": 11.430000305175781,
                    "108": 11.430000305175781,
                    "109": 11.430000305175781,
                    "110": 11.430000305175781,
                    "111": 11.430000305175781,
                    "112": 11.460000038146973,
                    "113": 11.869999885559082,
                    "114": 11.869999885559082,
                    "115": 11.869999885559082,
                    "116": 11.869999885559082,
                    "117": 11.869999885559082,
                    "118": 11.869999885559082,
                    "119": 11.899999618530273,
                    "120": 11.899999618530273,
                    "121": 10.229999542236328
                }
            },
            {
                "summaryType": "stress",
                "minValue": 11.0,
                "maxValue": 15.0,
                "avgValue": 13.0,
                "epochSummaries": {
                    "0": 13.0,
                    "1": 13.0,
                    "2": 13.0,
                    "3": 13.0,
                    "4": 13.0,
                    "5": 13.0,
                    "6": 13.0,
                    "7": 12.0,
                    "8": 12.0,
                    "9": 12.0,
                    "10": 12.0,
                    "11": 12.0,
                    "12": 13.0,
                    "13": 13.0,
                    "14": 13.0,
                    "15": 13.0,
                    "16": 13.0,
                    "17": 13.0,
                    "18": 13.0,
                    "19": 13.0,
                    "20": 13.0,
                    "21": 13.0,
                    "22": 11.0,
                    "23": 11.0,
                    "24": 11.0,
                    "25": 11.0,
                    "26": 11.0,
                    "27": 11.0,
                    "28": 11.0,
                    "29": 11.0,
                    "30": 11.0,
                    "31": 11.0,
                    "32": 11.0,
                    "33": 11.0,
                    "34": 11.0,
                    "35": 11.0,
                    "36": 11.0,
                    "37": 12.0,
                    "38": 12.0,
                    "39": 12.0,
                    "40": 12.0,
                    "41": 12.0,
                    "42": 12.0,
                    "43": 12.0,
                    "44": 12.0,
                    "45": 12.0,
                    "46": 12.0,
                    "47": 12.0,
                    "48": 12.0,
                    "49": 12.0,
                    "50": 12.0,
                    "51": 12.0,
                    "52": 14.0,
                    "53": 14.0,
                    "54": 14.0,
                    "55": 14.0,
                    "56": 14.0,
                    "57": 15.0,
                    "58": 15.0,
                    "59": 15.0,
                    "60": 15.0,
                    "61": 15.0,
                    "62": 15.0,
                    "63": 15.0,
                    "64": 15.0,
                    "65": 15.0,
                    "66": 15.0,
                    "67": 14.0,
                    "68": 14.0,
                    "69": 14.0,
                    "70": 14.0,
                    "71": 14.0,
                    "72": 13.0,
                    "73": 13.0,
                    "74": 13.0,
                    "75": 13.0,
                    "76": 13.0,
                    "77": 13.0,
                    "78": 13.0,
                    "79": 13.0,
                    "80": 13.0,
                    "81": 13.0,
                    "82": 13.0,
                    "83": 13.0,
                    "84": 13.0,
                    "85": 13.0,
                    "86": 13.0,
                    "87": 13.0,
                    "88": 13.0,
                    "89": 13.0,
                    "90": 13.0,
                    "91": 13.0,
                    "92": 13.0,
                    "93": 13.0,
                    "94": 13.0,
                    "95": 13.0,
                    "96": 13.0,
                    "97": 14.0,
                    "98": 14.0,
                    "99": 14.0,
                    "100": 14.0,
                    "101": 14.0,
                    "102": 15.0,
                    "103": 15.0,
                    "104": 15.0,
                    "105": 15.0,
                    "106": 15.0,
                    "107": 15.0,
                    "108": 15.0,
                    "109": 15.0,
                    "110": 15.0,
                    "111": 15.0,
                    "112": 15.0,
                    "113": 15.0,
                    "114": 15.0,
                    "115": 15.0,
                    "116": 15.0,
                    "117": 14.0,
                    "118": 14.0,
                    "119": 14.0,
                    "120": 14.0,
                    "121": 14.0
                }
            },
            {
                "summaryType": "spo2",
                "minValue": 95.0,
                "maxValue": 97.0,
                "avgValue": 96.0,
                "epochSummaries": {
                    "0": 95.0,
                    "1": 95.0,
                    "2": 95.0,
                    "3": 95.0,
                    "4": 95.0,
                    "5": 95.0,
                    "6": 95.0,
                    "7": 95.0,
                    "8": 95.0,
                    "9": 95.0,
                    "10": 95.0,
                    "11": 95.0,
                    "12": 95.0,
                    "13": 95.0,
                    "14": 95.0,
                    "15": 95.0,
                    "16": 96.0,
                    "17": 96.0,
                    "18": 97.0,
                    "19": 97.0,
                    "20": 97.0,
                    "21": 97.0,
                    "22": 97.0,
                    "23": 97.0,
                    "24": 97.0,
                    "25": 97.0,
                    "26": 97.0,
                    "27": 97.0,
                    "28": 97.0,
                    "29": 97.0,
                    "30": 97.0,
                    "31": 97.0,
                    "32": 97.0,
                    "33": 97.0,
                    "34": 97.0,
                    "35": 97.0,
                    "36": 97.0,
                    "37": 97.0,
                    "38": 97.0,
                    "39": 97.0,
                    "40": 97.0,
                    "41": 97.0,
                    "42": 97.0,
                    "43": 97.0,
                    "44": 97.0,
                    "45": 97.0,
                    "46": 97.0,
                    "47": 97.0,
                    "48": 97.0,
                    "49": 97.0,
                    "50": 97.0,
                    "51": 97.0,
                    "52": 97.0,
                    "53": 97.0,
                    "54": 97.0,
                    "55": 97.0,
                    "56": 97.0,
                    "57": 97.0,
                    "58": 97.0,
                    "59": 97.0,
                    "60": 97.0,
                    "61": 97.0,
                    "62": 97.0,
                    "63": 97.0,
                    "64": 97.0,
                    "65": 97.0,
                    "66": 97.0,
                    "67": 97.0,
                    "68": 97.0,
                    "69": 97.0,
                    "70": 97.0,
                    "71": 97.0,
                    "72": 97.0,
                    "73": 97.0,
                    "74": 97.0,
                    "75": 97.0,
                    "76": 97.0,
                    "77": 97.0,
                    "78": 97.0,
                    "79": 97.0,
                    "80": 97.0,
                    "81": 97.0,
                    "82": 97.0,
                    "83": 97.0,
                    "84": 97.0,
                    "85": 97.0,
                    "86": 97.0,
                    "87": 97.0,
                    "88": 97.0,
                    "89": 97.0,
                    "90": 97.0,
                    "91": 97.0,
                    "92": 97.0,
                    "93": 97.0,
                    "94": 97.0,
                    "95": 97.0,
                    "96": 97.0,
                    "97": 97.0,
                    "98": 97.0,
                    "99": 97.0,
                    "100": 97.0,
                    "101": 97.0,
                    "102": 97.0,
                    "103": 97.0,
                    "104": 97.0,
                    "105": 97.0,
                    "106": 97.0,
                    "107": 97.0,
                    "108": 97.0,
                    "109": 97.0,
                    "110": 97.0,
                    "111": 96.0,
                    "112": 96.0,
                    "113": 95.0,
                    "114": 95.0,
                    "115": 96.0,
                    "116": 96.0,
                    "117": 96.0,
                    "118": 96.0,
                    "119": 96.0,
                    "120": 96.0,
                    "121": 96.0
                }
            },
            {
                "summaryType": "rmssd_hrv",
                "avgValue": 86.0
            },
            {
                "summaryType": "sdrr_hrv",
                "avgValue": 96.0
            }
        ]
    }
]