[
    {
        "userId": "49d85c6a-b8f8-4787-95fa-f145553e59a9",
        "userAccessToken": "7b64f2c3-1572-407f-ac1a-ea3ef127ff2c",
        "summaryId": "x45dba26-6706fce0-15180",
        "startTimeInSeconds": 1728511200,
        "startTimeOffsetInSeconds": 7200,
        "durationInSeconds": 86400,
        "calendarDate": "2024-10-10",
        "timeOffsetStressLevelValues": {
            "0": 21,
            "180": 16,
            "360": 9,
            "540": 5,
            "720": 5,
            "900": 5,
            "1080": 5,
            "1260": 4,
            "1440": 4,
            "1620": 4,
            "1800": 3,
            "1980": 11,
            "2160": 2,
            "2340": 4,
            "2520": 4,
            "2700": 2,
            "2880": 2,
            "3060": 2,
            "3240": 2,
            "3420": 5,
            "3600": 11,
            "3780": 2,
            "3960": 3,
            "4140": 5,
            "4320": 9,
            "4500": 10,
            "4680": 4,
            "4860": 3,
            "5040": 3,
            "5220": 2,
            "5400": 3,
            "5580": 8,
            "5760": 2,
            "5940": 3,
            "6120": 1,
            "6300": 1,
            "6480": 1,
            "6660": 2,
            "6840": 2,
            "7020": 2,
            "7200": 2,
            "7380": 1,
            "7560": 4,
            "7740": -1,
            "7920": -1,
            "8100": -1,
            "8280": -1,
            "8460": 8,
            "8640": 1,
            "8820": 1,
            "9000": 1,
            "9180": 9,
            "9360": 4,
            "9540": 1,
            "9720": 1,
            "9900": 3,
            "10080": 4,
            "10260": 5,
            "10440": 2,
            "10620": 2,
            "10800": 1,
            "10980": 1,
            "11160": 1,
            "11340": 1,
            "11520": 1,
            "11700": 1,
            "11880": 1,
            "12060": 1,
            "12240": 2,
            "12420": 1,
            "12600": 1,
            "12780": 1,
            "12960": 12,
            "13140": 15,
            "13320": 3,
            "13500": 2,
            "13680": 12,
            "13860": 4,
            "14040": 6,
            "14220": 9,
            "14400": 8,
            "14580": 1,
            "14760": 3,
            "14940": 5,
            "15120": 4,
            "15300": 16,
            "15480": 16,
            "15660": 16,
            "15840": 16,
            "16020": 16,
            "16200": 8,
            "16380": 4,
            "16560": 3,
            "16740": 3,
            "16920": 2,
            "17100": 1,
            "17280": 2,
            "17460": 3,
            "17640": 9,
            "17820": 3,
            "18000": 3,
            "18180": 2,
            "18360": 2,
            "18540": 4,
            "18720": 4,
            "18900": 2,
            "19080": 2,
            "19260": 12,
            "19440": 16,
            "19620": 5,
            "19800": 3,
            "19980": 3,
            "20160": 4,
            "20340": 6,
            "20520": 14,
            "20700": 5,
            "20880": 6,
            "21060": 12,
            "21240": 6,
            "21420": 5,
            "21600": 13,
            "21780": 16,
            "21960": 15,
            "22140": 12,
            "22320": 9,
            "22500": 4,
            "22680": 12,
            "22860": 6,
            "23040": 5,
            "23220": 3,
            "23400": 5,
            "23580": 5,
            "23760": 5,
            "23940": 8,
            "24120": 6,
            "24300": 5,
            "24480": 4,
            "24660": 21,
            "24840": 23,
            "25020": 4,
            "25200": 19,
            "25380": 5,
            "25560": 2,
            "25740": 1,
            "25920": 2,
            "26100": 2,
            "26280": 2,
            "26460": 3,
            "26640": 3,
            "26820": 13,
            "27000": 8,
            "27180": 2,
            "27360": 14,
            "27540": -1,
            "27720": 8,
            "27900": 10,
            "28080": 8,
            "28260": 5,
            "28440": 5,
            "28620": 6,
            "28800": 5,
            "28980": 6,
            "29160": 7,
            "29340": 7,
            "29520": 13,
            "29700": 9,
            "29880": 10,
            "30060": 8,
            "30240": 12,
            "30420": 13,
            "30600": 13,
            "30780": 16,
            "30960": 5,
            "31140": 5,
            "31320": 8,
            "31500": 5,
            "31680": 8,
            "31860": 5,
            "32040": 5,
            "32220": 10,
            "32400": 20,
            "32580": 52,
            "32760": 53,
            "32940": 44,
            "33120": 62,
            "33300": 26,
            "33480": -1,
            "33660": -1,
            "33840": -1,
            "34020": -1,
            "34200": -1,
            "34380": -1,
            "34560": -1,
            "34740": -1,
            "34920": -1,
            "35100": -1,
            "35280": -2,
            "35460": -1,
            "35640": -1,
            "35820": 67,
            "36000": 55,
            "36180": 41,
            "36360": 22,
            "36540": -1,
            "36720": -1,
            "36900": -1,
            "37080": -2,
            "37260": -2,
            "37440": -2,
            "37620": -1,
            "37800": 94,
            "37980": 91,
            "38160": 91,
            "38340": 96,
            "38520": -2,
            "38700": -2,
            "38880": -2,
            "39060": -1,
            "39240": -2,
            "39420": -2,
            "39600": -1,
            "39780": -2,
            "39960": 93,
            "40140": -1,
            "40320": 80,
            "40500": -1,
            "40680": 80,
            "40860": 78,
            "41040": 76,
            "41220": 79,
            "41400": -1,
            "41580": -1,
            "41760": -2,
            "41940": -1,
            "42120": 74,
            "42300": -2,
            "42480": -2,
            "42660": -2,
            "42840": -1,
            "43020": -1,
            "43200": 66,
            "43380": 58,
            "43560": -1,
            "43740": -1,
            "43920": -1,
            "44100": -2,
            "44280": -1,
            "44460": -2,
            "44640": -2,
            "44820": -1,
            "45000": -2,
            "45180": 52,
            "45360": 57,
            "45540": 62,
            "45720": 51,
            "45900": 56,
            "46080": -1,
            "46260": -2,
            "46440": -2,
            "46620": 58,
            "46800": 54,
            "46980": 75,
            "47160": 49,
            "47340": 52,
            "47520": 57,
            "47700": 40,
            "47880": 46,
            "48060": 37,
            "48240": 45,
            "48420": -1,
            "48600": 73,
            "48780": 66,
            "48960": 49,
            "49140": 68,
            "49320": 40,
            "49500": 46,
            "49680": 30,
            "49860": 57,
            "50040": -2,
            "50220": -2,
            "50400": -1,
            "50580": -1,
            "50760": 89,
            "50940": -1,
            "51120": 86,
            "51300": -2,
            "51480": -2,
            "51660": -2,
            "51840": 63,
            "52020": -2,
            "52200": -1,
            "52380": -1,
            "52560": -1,
            "52740": -1,
            "52920": 85,
            "53100": -1,
            "53280": -2,
            "53460": -2,
            "53640": -1,
            "53820": -2,
            "54000": 47,
            "54180": 44,
            "54360": 43,
            "54540": 37,
            "54720": 61,
            "54900": 61,
            "55080": -1,
            "55260": 69,
            "55440": 80,
            "55620": 49,
            "55800": -1,
            "55980": -1,
            "56160": 73,
            "56340": 65,
            "56520": 72,
            "56700": 74,
            "56880": -1,
            "57060": -1,
            "57240": -1,
            "57420": -1,
            "57600": 71,
            "57780": 72,
            "57960": 76,
            "58140": 63,
            "58320": 58,
            "58500": 74,
            "58680": 79,
            "58860": 66,
            "59040": -1,
            "59220": 85,
            "59400": -1,
            "59580": 71,
            "59760": 72,
            "59940": 78,
            "60120": 88,
            "60300": 86,
            "60480": 84,
            "60660": 82,
            "60840": 79,
            "61020": 76,
            "61200": 74,
            "61380": 81,
            "61560": 72,
            "61740": 74,
            "61920": -1,
            "62100": 61,
            "62280": 51,
            "62460": 61,
            "62640": 66,
            "62820": 67,
            "63000": 46,
            "63180": 30,
            "63360": -2,
            "63540": -2,
            "63720": -1,
            "63900": -2,
            "64080": -2,
            "64260": -1,
            "64440": 66,
            "64620": -2,
            "64800": 67,
            "64980": 31,
            "65160": 41,
            "65340": 44,
            "65520": 52,
            "65700": 59,
            "65880": 55,
            "66060": 35,
            "66240": 52,
            "66420": -2,
            "66600": 58,
            "66780": 67,
            "66960": 46,
            "67140": -1,
            "67320": -1,
            "67500": -1,
            "67680": 42,
            "67860": 58,
            "68040": -1,
            "68220": 58,
            "68400": -2,
            "68580": -2,
            "68760": -1,
            "68940": -1,
            "69120": -1,
            "69300": 40,
            "69480": -2,
            "69660": -2,
            "69840": -1,
            "70020": 37,
            "70200": 38,
            "70380": -1,
            "70560": -1,
            "70740": 69,
            "70920": 54,
            "71100": -1,
            "71280": -1,
            "71460": 95,
            "71640": -1,
            "71820": -1,
            "72000": -1,
            "72180": -1,
            "72360": -1,
            "72540": -1,
            "72720": -1,
            "72900": -1,
            "73080": -1,
            "73260": -1,
            "73440": -1,
            "73620": -1,
            "73800": -1,
            "73980": -1,
            "74160": -1,
            "74340": -1,
            "74520": -1,
            "74700": -1,
            "74880": -1,
            "75060": -1,
            "75240": -1,
            "75420": -1,
            "75600": -1,
            "75780": -1,
            "75960": -1,
            "76140": -1,
            "76320": -1,
            "76500": -1,
            "76680": -1,
            "76860": -1,
            "77040": -1,
            "77220": -2,
            "77400": -2,
            "77580": -1,
            "77760": 96,
            "77940": -1,
            "78120": -1,
            "78300": 96,
            "78480": -2,
            "78660": -2,
            "78840": -1,
            "79020": -1,
            "79200": -1,
            "79380": 64,
            "79560": -2,
            "79740": -2,
            "79920": -2,
            "80100": 85,
            "80280": -2,
            "80460": -2,
            "80640": -2,
            "80820": -2,
            "81000": -1,
            "81180": -2,
            "81360": -2,
            "81540": -2,
            "81720": -1,
            "81900": 73,
            "82080": 67,
            "82260": 77,
            "82440": 75,
            "82620": 72,
            "82800": -2,
            "82980": 68,
            "83160": 78,
            "83340": 76,
            "83520": 87,
            "83700": -2,
            "83880": -1,
            "84060": -1,
            "84240": 89,
            "84420": 91,
            "84600": -1,
            "84780": 87,
            "84960": -2,
            "85140": 85,
            "85320": 78,
            "85500": 82,
            "85680": -1,
            "85860": 82,
            "86040": -1,
            "86220": 75
        },
        "timeOffsetBodyBatteryValues": {
            "0": 12,
            "180": 12,
            "360": 12,
            "540": 12,
            "720": 13,
            "900": 14,
            "1080": 14,
            "1260": 15,
            "1440": 15,
            "1620": 16,
            "1800": 16,
            "1980": 17,
            "2160": 18,
            "2340": 18,
            "2520": 19,
            "2700": 20,
            "2880": 20,
            "3060": 20,
            "3240": 21,
            "3420": 22,
            "3600": 23,
            "3780": 23,
            "3960": 24,
            "4140": 25,
            "4320": 26,
            "4500": 26,
            "4680": 27,
            "4860": 27,
            "5040": 29,
            "5220": 29,
            "5400": 30,
            "5580": 31,
            "5760": 32,
            "5940": 32,
            "6120": 33,
            "6300": 34,
            "6480": 36,
            "6660": 36,
            "6840": 37,
            "7020": 38,
            "7200": 39,
            "7380": 40,
            "7560": 41,
            "7740": 41,
            "7920": 42,
            "8100": 42,
            "8280": 43,
            "8460": 43,
            "8640": 44,
            "8820": 45,
            "9000": 46,
            "9180": 47,
            "9360": 48,
            "9540": 49,
            "9720": 50,
            "9900": 51,
            "10080": 52,
            "10260": 53,
            "10440": 54,
            "10620": 55,
            "10800": 56,
            "10980": 57,
            "11160": 58,
            "11340": 59,
            "11520": 59,
            "11700": 60,
            "11880": 61,
            "12060": 62,
            "12240": 62,
            "12420": 63,
            "12600": 64,
            "12780": 65,
            "12960": 66,
            "13140": 66,
            "13320": 67,
            "13500": 67,
            "13680": 68,
            "13860": 68,
            "14040": 69,
            "14220": 70,
            "14400": 70,
            "14580": 71,
            "14760": 72,
            "14940": 72,
            "15120": 73,
            "15300": 73,
            "15480": 73,
            "15660": 74,
            "15840": 74,
            "16020": 74,
            "16200": 76,
            "16380": 76,
            "16560": 77,
            "16740": 77,
            "16920": 78,
            "17100": 78,
            "17280": 79,
            "17460": 80,
            "17640": 80,
            "17820": 81,
            "18000": 82,
            "18180": 83,
            "18360": 83,
            "18540": 84,
            "18720": 84,
            "18900": 85,
            "19080": 86,
            "19260": 86,
            "19440": 87,
            "19620": 87,
            "19800": 87,
            "19980": 88,
            "20160": 88,
            "20340": 89,
            "20520": 89,
            "20700": 89,
            "20880": 90,
            "21060": 91,
            "21240": 91,
            "21420": 92,
            "21600": 92,
            "21780": 92,
            "21960": 92,
            "22140": 93,
            "22320": 93,
            "22500": 94,
            "22680": 94,
            "22860": 94,
            "23040": 94,
            "23220": 95,
            "23400": 95,
            "23580": 96,
            "23760": 96,
            "23940": 96,
            "24120": 97,
            "24300": 97,
            "24480": 97,
            "24660": 97,
            "24840": 97,
            "25020": 98,
            "25200": 98,
            "25380": 98,
            "25560": 98,
            "25740": 98,
            "25920": 98,
            "26100": 98,
            "26280": 99,
            "26460": 99,
            "26640": 99,
            "26820": 99,
            "27000": 99,
            "27180": 99,
            "27360": 99,
            "27540": 100,
            "27720": 100,
            "27900": 100,
            "28080": 100,
            "28260": 100,
            "28440": 100,
            "28620": 100,
            "28800": 100,
            "28980": 100,
            "29160": 100,
            "29340": 100,
            "29520": 100,
            "29700": 100,
            "29880": 100,
            "30060": 100,
            "30240": 100,
            "30420": 100,
            "30600": 100,
            "30780": 100,
            "30960": 100,
            "31140": 100,
            "31320": 100,
            "31500": 100,
            "31680": 100,
            "31860": 100,
            "32040": 100,
            "32220": 100,
            "32400": 100,
            "32580": 100,
            "32760": 100,
            "32940": 100,
            "33120": 100,
            "33300": 100,
            "33480": 99,
            "33660": 99,
            "33840": 98,
            "34020": 97,
            "34200": 97,
            "34380": 96,
            "34560": 95,
            "34740": 95,
            "34920": 94,
            "35100": 94,
            "35280": 93,
            "35460": 93,
            "35640": 92,
            "35820": 91,
            "36000": 90,
            "36180": 90,
            "36360": 90,
            "36540": 90,
            "36720": 89,
            "36900": 89,
            "37080": 88,
            "37260": 88,
            "37440": 87,
            "37620": 87,
            "37800": 86,
            "37980": 85,
            "38160": 85,
            "38340": 84,
            "38520": 83,
            "38700": 83,
            "38880": 83,
            "39060": 82,
            "39240": 82,
            "39420": 82,
            "39600": 81,
            "39780": 80,
            "39960": 80,
            "40140": 78,
            "40320": 78,
            "40500": 77,
            "40680": 76,
            "40860": 76,
            "41040": 75,
            "41220": 75,
            "41400": 74,
            "41580": 74,
            "41760": 73,
            "41940": 73,
            "42120": 72,
            "42300": 71,
            "42480": 71,
            "42660": 70,
            "42840": 70,
            "43020": 70,
            "43200": 69,
            "43380": 69,
            "43560": 68,
            "43740": 68,
            "43920": 68,
            "44100": 68,
            "44280": 68,
            "44460": 67,
            "44640": 67,
            "44820": 67,
            "45000": 67,
            "45180": 66,
            "45360": 66,
            "45540": 65,
            "45720": 65,
            "45900": 65,
            "46080": 64,
            "46260": 64,
            "46440": 64,
            "46620": 63,
            "46800": 63,
            "46980": 62,
            "47160": 62,
            "47340": 62,
            "47520": 61,
            "47700": 61,
            "47880": 61,
            "48060": 61,
            "48240": 61,
            "48420": 60,
            "48600": 60,
            "48780": 59,
            "48960": 59,
            "49140": 58,
            "49320": 58,
            "49500": 58,
            "49680": 58,
            "49860": 57,
            "50040": 56,
            "50220": 56,
            "50400": 56,
            "50580": 56,
            "50760": 55,
            "50940": 55,
            "51120": 54,
            "51300": 54,
            "51480": 53,
            "51660": 53,
            "51840": 53,
            "52020": 53,
            "52200": 53,
            "52380": 53,
            "52560": 52,
            "52740": 52,
            "52920": 52,
            "53100": 52,
            "53280": 51,
            "53460": 51,
            "53640": 51,
            "53820": 50,
            "54000": 50,
            "54180": 50,
            "54360": 49,
            "54540": 49,
            "54720": 49,
            "54900": 48,
            "55080": 48,
            "55260": 48,
            "55440": 48,
            "55620": 47,
            "55800": 47,
            "55980": 47,
            "56160": 47,
            "56340": 46,
            "56520": 46,
            "56700": 45,
            "56880": 45,
            "57060": 45,
            "57240": 44,
            "57420": 44,
            "57600": 43,
            "57780": 43,
            "57960": 43,
            "58140": 43,
            "58320": 42,
            "58500": 42,
            "58680": 41,
            "58860": 41,
            "59040": 41,
            "59220": 40,
            "59400": 40,
            "59580": 40,
            "59760": 40,
            "59940": 39,
            "60120": 39,
            "60300": 39,
            "60480": 38,
            "60660": 38,
            "60840": 38,
            "61020": 37,
            "61200": 37,
            "61380": 37,
            "61560": 36,
            "61740": 36,
            "61920": 36,
            "62100": 35,
            "62280": 35,
            "62460": 35,
            "62640": 35,
            "62820": 34,
            "63000": 34,
            "63180": 34,
            "63360": 34,
            "63540": 34,
            "63720": 33,
            "63900": 32,
            "64080": 32,
            "64260": 32,
            "64440": 32,
            "64620": 31,
            "64800": 31,
            "64980": 31,
            "65160": 31,
            "65340": 31,
            "65520": 31,
            "65700": 31,
            "65880": 31,
            "66060": 31,
            "66240": 30,
            "66420": 30,
            "66600": 30,
            "66780": 30,
            "66960": 29,
            "67140": 29,
            "67320": 29,
            "67500": 29,
            "67680": 29,
            "67860": 28,
            "68040": 28,
            "68220": 28,
            "68400": 28,
            "68580": 28,
            "68760": 28,
            "68940": 28,
            "69120": 28,
            "69300": 28,
            "69480": 27,
            "69660": 27,
            "69840": 27,
            "70020": 27,
            "70200": 26,
            "70380": 26,
            "70560": 26,
            "70740": 26,
            "70920": 25,
            "71100": 25,
            "71280": 25,
            "71460": 25,
            "71640": 24,
            "71820": 23,
            "72000": 22,
            "72180": 21,
            "72360": 21,
            "72540": 20,
            "72720": 20,
            "72900": 19,
            "73080": 18,
            "73260": 17,
            "73440": 17,
            "73620": 17,
            "73800": 17,
            "73980": 16,
            "74160": 16,
            "74340": 15,
            "74520": 14,
            "74700": 13,
            "74880": 13,
            "75060": 12,
            "75240": 12,
            "75420": 12,
            "75600": 11,
            "75780": 11,
            "75960": 11,
            "76140": 11,
            "76320": 10,
            "76500": 9,
            "76680": 9,
            "76860": 9,
            "77040": 9,
            "77220": 9,
            "77400": 9,
            "77580": 8,
            "77760": 8,
            "77940": 8,
            "78120": 8,
            "78300": 8,
            "78480": 8,
            "78660": 8,
            "78840": 8,
            "79020": 8,
            "79200": 8,
            "79380": 7,
            "79560": 7,
            "79740": 7,
            "79920": 7,
            "80100": 6,
            "80280": 6,
            "80460": 6,
            "80640": 6,
            "80820": 5,
            "81000": 5,
            "81180": 5,
            "81360": 5,
            "81540": 5,
            "81720": 5,
            "81900": 5,
            "82080": 5,
            "82260": 5,
            "82440": 5,
            "82620": 5,
            "82800": 5,
            "82980": 5,
            "83160": 5,
            "83340": 5,
            "83520": 5,
            "83700": 5,
            "83880": 5,
            "84060": 5,
            "84240": 5,
            "84420": 5,
            "84600": 5,
            "84780": 5,
            "84960": 5,
            "85140": 5,
            "85320": 5,
            "85500": 5,
            "85680": 5,
            "85860": 5,
            "86040": 5,
            "86220": 5
        }
    }
]