[
    {
        "userId": "49d85c6a-b8f8-4787-95fa-f145553e59a9",
        "userAccessToken": "7b64f2c3-1572-407f-ac1a-ea3ef127ff2c",
        "summaryId": "x45dba26-670459e0-ed30",
        "startTimeInSeconds": 1728338400,
        "startTimeOffsetInSeconds": 7200,
        "durationInSeconds": 60720,
        "calendarDate": "2024-10-08",
        "timeOffsetStressLevelValues": {
            "0": 58,
            "180": 47,
            "360": 52,
            "540": 34,
            "720": 34,
            "900": 34,
            "1080": 24,
            "1260": 22,
            "1440": 18,
            "1620": 17,
            "1800": 62,
            "1980": -1,
            "2160": -1,
            "2340": -1,
            "2520": -1,
            "2700": 16,
            "2880": 15,
            "3060": 20,
            "3240": 18,
            "3420": 16,
            "3600": 13,
            "3780": 13,
            "3960": 9,
            "4140": 19,
            "4320": 16,
            "4500": 6,
            "4680": 8,
            "4860": 9,
            "5040": 7,
            "5220": 15,
            "5400": 9,
            "5580": 12,
            "5760": 10,
            "5940": 9,
            "6120": 9,
            "6300": 6,
            "6480": 7,
            "6660": 11,
            "6840": 18,
            "7020": 8,
            "7200": 11,
            "7380": 8,
            "7560": 4,
            "7740": 15,
            "7920": 13,
            "8100": 17,
            "8280": 11,
            "8460": 10,
            "8640": 23,
            "8820": 20,
            "9000": 15,
            "9180": 5,
            "9360": 1,
            "9540": 6,
            "9720": 1,
            "9900": 2,
            "10080": 2,
            "10260": 7,
            "10440": 2,
            "10620": 6,
            "10800": 3,
            "10980": 4,
            "11160": 13,
            "11340": 8,
            "11520": 5,
            "11700": 5,
            "11880": 7,
            "12060": 7,
            "12240": 7,
            "12420": 7,
            "12600": 7,
            "12780": 5,
            "12960": 5,
            "13140": 5,
            "13320": 6,
            "13500": 11,
            "13680": 12,
            "13860": 11,
            "14040": 7,
            "14220": 15,
            "14400": 14,
            "14580": 14,
            "14760": 10,
            "14940": 11,
            "15120": 8,
            "15300": 10,
            "15480": 4,
            "15660": 7,
            "15840": 3,
            "16020": 3,
            "16200": 6,
            "16380": 13,
            "16560": 17,
            "16740": 11,
            "16920": 16,
            "17100": 21,
            "17280": -1,
            "17460": 19,
            "17640": 6,
            "17820": 7,
            "18000": 6,
            "18180": 4,
            "18360": 7,
            "18540": 6,
            "18720": 8,
            "18900": 16,
            "19080": 18,
            "19260": 13,
            "19440": 11,
            "19620": 6,
            "19800": 11,
            "19980": 5,
            "20160": 16,
            "20340": 25,
            "20520": 9,
            "20700": 5,
            "20880": 4,
            "21060": 5,
            "21240": 6,
            "21420": 4,
            "21600": 8,
            "21780": 6,
            "21960": 10,
            "22140": 13,
            "22320": 14,
            "22500": 19,
            "22680": 13,
            "22860": 6,
            "23040": 9,
            "23220": 9,
            "23400": 5,
            "23580": 15,
            "23760": 15,
            "23940": 9,
            "24120": 11,
            "24300": 12,
            "24480": 11,
            "24660": 14,
            "24840": 11,
            "25020": 13,
            "25200": 12,
            "25380": 14,
            "25560": 21,
            "25740": 22,
            "25920": 19,
            "26100": 8,
            "26280": 8,
            "26460": 5,
            "26640": 9,
            "26820": 20,
            "27000": 41,
            "27180": 65,
            "27360": 46,
            "27540": 34,
            "27720": 24,
            "27900": 32,
            "28080": 25,
            "28260": -1,
            "28440": -1,
            "28620": -1,
            "28800": -1,
            "28980": -1,
            "29160": -1,
            "29340": 16,
            "29520": 19,
            "29700": 11,
            "29880": 34,
            "30060": -1,
            "30240": -1,
            "30420": -2,
            "30600": -1,
            "30780": -1,
            "30960": -2,
            "31140": -1,
            "31320": -1,
            "31500": -2,
            "31680": -2,
            "31860": -2,
            "32040": -2,
            "32220": -1,
            "32400": 84,
            "32580": 88,
            "32760": 82,
            "32940": -1,
            "33120": -2,
            "33300": -2,
            "33480": -1,
            "33660": 88,
            "33840": -2,
            "34020": -1,
            "34200": 85,
            "34380": 58,
            "34560": 61,
            "34740": 52,
            "34920": -1,
            "35100": 40,
            "35280": 42,
            "35460": 52,
            "35640": 66,
            "35820": 57,
            "36000": 49,
            "36180": 55,
            "36360": 71,
            "36540": 74,
            "36720": -1,
            "36900": 61,
            "37080": 76,
            "37260": 51,
            "37440": 67,
            "37620": 56,
            "37800": 64,
            "37980": 51,
            "38160": 53,
            "38340": 64,
            "38520": 46,
            "38700": 43,
            "38880": 48,
            "39060": 41,
            "39240": -1,
            "39420": 60,
            "39600": 40,
            "39780": 35,
            "39960": 38,
            "40140": -2,
            "40320": 38,
            "40500": -1,
            "40680": -1,
            "40860": -1,
            "41040": 67,
            "41220": 35,
            "41400": -2,
            "41580": -1,
            "41760": 70,
            "41940": -1,
            "42120": 76,
            "42300": 79,
            "42480": 72,
            "42660": 64,
            "42840": 78,
            "43020": 83,
            "43200": 83,
            "43380": 82,
            "43560": 82,
            "43740": 73,
            "43920": 76,
            "44100": 83,
            "44280": 77,
            "44460": -1,
            "44640": 78,
            "44820": 79,
            "45000": 80,
            "45180": 73,
            "45360": 79,
            "45540": 80,
            "45720": 77,
            "45900": 72,
            "46080": 68,
            "46260": 75,
            "46440": 73,
            "46620": 69,
            "46800": -1,
            "46980": 75,
            "47160": 76,
            "47340": 67,
            "47520": 81,
            "47700": 73,
            "47880": -1,
            "48060": -2,
            "48240": -2,
            "48420": -2,
            "48600": -2,
            "48780": -2,
            "48960": -1,
            "49140": -2,
            "49320": -2,
            "49500": -2,
            "49680": 98,
            "49860": -2,
            "50040": 91,
            "50220": -1,
            "50400": 88,
            "50580": 85,
            "50760": 92,
            "50940": 86,
            "51120": 89,
            "51300": 91,
            "51480": -2,
            "51660": -1,
            "51840": -2,
            "52020": -2,
            "52200": -2,
            "52380": 75,
            "52560": -1,
            "52740": 22,
            "52920": -1,
            "53100": 52,
            "53280": 25,
            "53460": 40,
            "53640": 41,
            "53820": 43,
            "54000": 55,
            "54180": 37,
            "54360": 33,
            "54540": 53,
            "54720": 54,
            "54900": 45,
            "55080": 50,
            "55260": 36,
            "55440": 37,
            "55620": 40,
            "55800": 58,
            "55980": 61,
            "56160": 51,
            "56340": -1,
            "56520": 66,
            "56700": 52,
            "56880": 42,
            "57060": 50,
            "57240": 56,
            "57420": 54,
            "57600": 71,
            "57780": 65,
            "57960": 55,
            "58140": -2,
            "58320": -2,
            "58500": -2,
            "58680": 84,
            "58860": 87,
            "59040": 78,
            "59220": 84,
            "59400": -1,
            "59580": -2,
            "59760": -1,
            "59940": 49,
            "60120": 59,
            "60300": 79,
            "60480": -2,
            "60660": -2
        },
        "timeOffsetBodyBatteryValues": {
            "0": 5,
            "180": 5,
            "360": 5,
            "540": 5,
            "720": 5,
            "900": 5,
            "1080": 5,
            "1260": 5,
            "1440": 5,
            "1620": 5,
            "1800": 5,
            "1980": 5,
            "2160": 6,
            "2340": 6,
            "2520": 6,
            "2700": 6,
            "2880": 6,
            "3060": 6,
            "3240": 7,
            "3420": 7,
            "3600": 7,
            "3780": 8,
            "3960": 8,
            "4140": 9,
            "4320": 9,
            "4500": 10,
            "4680": 10,
            "4860": 11,
            "5040": 12,
            "5220": 12,
            "5400": 13,
            "5580": 13,
            "5760": 14,
            "5940": 14,
            "6120": 15,
            "6300": 16,
            "6480": 17,
            "6660": 17,
            "6840": 18,
            "7020": 18,
            "7200": 19,
            "7380": 20,
            "7560": 20,
            "7740": 21,
            "7920": 22,
            "8100": 22,
            "8280": 23,
            "8460": 23,
            "8640": 24,
            "8820": 25,
            "9000": 25,
            "9180": 26,
            "9360": 27,
            "9540": 28,
            "9720": 29,
            "9900": 30,
            "10080": 31,
            "10260": 32,
            "10440": 33,
            "10620": 34,
            "10800": 35,
            "10980": 35,
            "11160": 36,
            "11340": 37,
            "11520": 38,
            "11700": 39,
            "11880": 40,
            "12060": 40,
            "12240": 41,
            "12420": 42,
            "12600": 42,
            "12780": 43,
            "12960": 44,
            "13140": 45,
            "13320": 46,
            "13500": 46,
            "13680": 47,
            "13860": 47,
            "14040": 48,
            "14220": 48,
            "14400": 49,
            "14580": 49,
            "14760": 50,
            "14940": 50,
            "15120": 51,
            "15300": 52,
            "15480": 53,
            "15660": 53,
            "15840": 54,
            "16020": 54,
            "16200": 55,
            "16380": 56,
            "16560": 57,
            "16740": 57,
            "16920": 58,
            "17100": 58,
            "17280": 58,
            "17460": 58,
            "17640": 58,
            "17820": 59,
            "18000": 59,
            "18180": 60,
            "18360": 61,
            "18540": 62,
            "18720": 63,
            "18900": 63,
            "19080": 64,
            "19260": 64,
            "19440": 64,
            "19620": 64,
            "19800": 64,
            "19980": 65,
            "20160": 65,
            "20340": 66,
            "20520": 66,
            "20700": 66,
            "20880": 67,
            "21060": 67,
            "21240": 68,
            "21420": 69,
            "21600": 69,
            "21780": 70,
            "21960": 70,
            "22140": 71,
            "22320": 71,
            "22500": 72,
            "22680": 72,
            "22860": 73,
            "23040": 73,
            "23220": 74,
            "23400": 74,
            "23580": 75,
            "23760": 75,
            "23940": 75,
            "24120": 76,
            "24300": 76,
            "24480": 76,
            "24660": 77,
            "24840": 77,
            "25020": 77,
            "25200": 77,
            "25380": 78,
            "25560": 78,
            "25740": 78,
            "25920": 78,
            "26100": 78,
            "26280": 78,
            "26460": 79,
            "26640": 79,
            "26820": 80,
            "27000": 80,
            "27180": 80,
            "27360": 80,
            "27540": 79,
            "27720": 79,
            "27900": 79,
            "28080": 79,
            "28260": 79,
            "28440": 78,
            "28620": 78,
            "28800": 78,
            "28980": 78,
            "29160": 77,
            "29340": 76,
            "29520": 76,
            "29700": 76,
            "29880": 75,
            "30060": 75,
            "30240": 74,
            "30420": 74,
            "30600": 74,
            "30780": 74,
            "30960": 74,
            "31140": 73,
            "31320": 72,
            "31500": 72,
            "31680": 71,
            "31860": 71,
            "32040": 70,
            "32220": 70,
            "32400": 69,
            "32580": 68,
            "32760": 68,
            "32940": 67,
            "33120": 67,
            "33300": 67,
            "33480": 67,
            "33660": 66,
            "33840": 66,
            "34020": 65,
            "34200": 65,
            "34380": 64,
            "34560": 64,
            "34740": 64,
            "34920": 63,
            "35100": 63,
            "35280": 63,
            "35460": 63,
            "35640": 62,
            "35820": 62,
            "36000": 62,
            "36180": 61,
            "36360": 61,
            "36540": 60,
            "36720": 60,
            "36900": 60,
            "37080": 59,
            "37260": 59,
            "37440": 58,
            "37620": 58,
            "37800": 58,
            "37980": 57,
            "38160": 57,
            "38340": 57,
            "38520": 56,
            "38700": 56,
            "38880": 56,
            "39060": 56,
            "39240": 55,
            "39420": 55,
            "39600": 55,
            "39780": 55,
            "39960": 55,
            "40140": 54,
            "40320": 54,
            "40500": 54,
            "40680": 53,
            "40860": 53,
            "41040": 52,
            "41220": 52,
            "41400": 52,
            "41580": 52,
            "41760": 52,
            "41940": 51,
            "42120": 51,
            "42300": 51,
            "42480": 50,
            "42660": 50,
            "42840": 49,
            "43020": 49,
            "43200": 48,
            "43380": 48,
            "43560": 47,
            "43740": 47,
            "43920": 47,
            "44100": 46,
            "44280": 46,
            "44460": 45,
            "44640": 45,
            "44820": 45,
            "45000": 44,
            "45180": 44,
            "45360": 44,
            "45540": 43,
            "45720": 43,
            "45900": 43,
            "46080": 42,
            "46260": 42,
            "46440": 42,
            "46620": 41,
            "46800": 41,
            "46980": 41,
            "47160": 40,
            "47340": 40,
            "47520": 40,
            "47700": 39,
            "47880": 39,
            "48060": 39,
            "48240": 38,
            "48420": 38,
            "48600": 38,
            "48780": 38,
            "48960": 38,
            "49140": 38,
            "49320": 38,
            "49500": 38,
            "49680": 37,
            "49860": 37,
            "50040": 37,
            "50220": 37,
            "50400": 36,
            "50580": 36,
            "50760": 36,
            "50940": 36,
            "51120": 35,
            "51300": 35,
            "51480": 35,
            "51660": 34,
            "51840": 34,
            "52020": 34,
            "52200": 33,
            "52380": 33,
            "52560": 33,
            "52740": 32,
            "52920": 32,
            "53100": 32,
            "53280": 32,
            "53460": 32,
            "53640": 32,
            "53820": 32,
            "54000": 31,
            "54180": 31,
            "54360": 31,
            "54540": 31,
            "54720": 31,
            "54900": 31,
            "55080": 31,
            "55260": 30,
            "55440": 30,
            "55620": 30,
            "55800": 30,
            "55980": 30,
            "56160": 30,
            "56340": 30,
            "56520": 29,
            "56700": 29,
            "56880": 29,
            "57060": 29,
            "57240": 29,
            "57420": 29,
            "57600": 29,
            "57780": 28,
            "57960": 28,
            "58140": 28,
            "58320": 27,
            "58500": 27,
            "58680": 27,
            "58860": 27,
            "59040": 26,
            "59220": 26,
            "59400": 26,
            "59580": 26,
            "59760": 25,
            "59940": 25,
            "60120": 25,
            "60300": 24,
            "60480": 24,
            "60660": 24
        }
    }
]