[
    {
        "userId": "49d85c6a-b8f8-4787-95fa-f145553e59a9",
        "userAccessToken": "7b64f2c3-1572-407f-ac1a-ea3ef127ff2c",
        "summaryId": "x45dba26-67084e60-8520",
        "startTimeInSeconds": 1728597600,
        "startTimeOffsetInSeconds": 7200,
        "durationInSeconds": 34080,
        "calendarDate": "2024-10-11",
        "timeOffsetStressLevelValues": {
            "0": 70,
            "180": 70,
            "360": 67,
            "540": 74,
            "720": 67,
            "900": 70,
            "1080": 74,
            "1260": 51,
            "1440": 31,
            "1620": 20,
            "1800": -1,
            "1980": 29,
            "2160": 49,
            "2340": 92,
            "2520": 43,
            "2700": 42,
            "2880": 59,
            "3060": 50,
            "3240": 25,
            "3420": 20,
            "3600": 20,
            "3780": 17,
            "3960": 20,
            "4140": 23,
            "4320": 24,
            "4500": 18,
            "4680": 23,
            "4860": 36,
            "5040": 13,
            "5220": 8,
            "5400": 9,
            "5580": 11,
            "5760": 12,
            "5940": 14,
            "6120": 7,
            "6300": 22,
            "6480": 11,
            "6660": 21,
            "6840": 18,
            "7020": 60,
            "7200": 18,
            "7380": 12,
            "7560": 15,
            "7740": 6,
            "7920": 4,
            "8100": 6,
            "8280": 5,
            "8460": 6,
            "8640": 5,
            "8820": 5,
            "9000": 4,
            "9180": 5,
            "9360": 4,
            "9540": 3,
            "9720": 4,
            "9900": 15,
            "10080": 13,
            "10260": 11,
            "10440": 5,
            "10620": 15,
            "10800": 14,
            "10980": 8,
            "11160": 4,
            "11340": 2,
            "11520": 6,
            "11700": 3,
            "11880": 7,
            "12060": 7,
            "12240": 8,
            "12420": 16,
            "12600": 7,
            "12780": 8,
            "12960": 7,
            "13140": 5,
            "13320": 7,
            "13500": 8,
            "13680": 9,
            "13860": 7,
            "14040": 7,
            "14220": 7,
            "14400": 7,
            "14580": 5,
            "14760": 5,
            "14940": 8,
            "15120": 8,
            "15300": 12,
            "15480": 8,
            "15660": 9,
            "15840": 9,
            "16020": 11,
            "16200": 11,
            "16380": 14,
            "16560": 2,
            "16740": 3,
            "16920": 5,
            "17100": 3,
            "17280": 5,
            "17460": 5,
            "17640": 5,
            "17820": 15,
            "18000": 13,
            "18180": 24,
            "18360": 13,
            "18540": 23,
            "18720": 14,
            "18900": 16,
            "19080": 23,
            "19260": 13,
            "19440": 16,
            "19620": 17,
            "19800": 18,
            "19980": 15,
            "20160": 14,
            "20340": 19,
            "20520": 12,
            "20700": 8,
            "20880": 8,
            "21060": 10,
            "21240": 13,
            "21420": 12,
            "21600": 18,
            "21780": 10,
            "21960": 11,
            "22140": 10,
            "22320": 16,
            "22500": 19,
            "22680": 10,
            "22860": 4,
            "23040": 4,
            "23220": 9,
            "23400": 18,
            "23580": 7,
            "23760": 7,
            "23940": 13,
            "24120": 17,
            "24300": 8,
            "24480": 5,
            "24660": 4,
            "24840": 8,
            "25020": 5,
            "25200": 13,
            "25380": -1,
            "25560": -1,
            "25740": 9,
            "25920": 24,
            "26100": 18,
            "26280": 6,
            "26460": 8,
            "26640": 11,
            "26820": 11,
            "27000": 12,
            "27180": 16,
            "27360": 15,
            "27540": 14,
            "27720": 18,
            "27900": 8,
            "28080": 11,
            "28260": 6,
            "28440": 5,
            "28620": 10,
            "28800": 9,
            "28980": 16,
            "29160": 16,
            "29340": 6,
            "29520": 12,
            "29700": 14,
            "29880": 9,
            "30060": 12,
            "30240": 12,
            "30420": 13,
            "30600": 15,
            "30780": 15,
            "30960": 15,
            "31140": 12,
            "31320": 15,
            "31500": 16,
            "31680": 17,
            "31860": 22,
            "32040": 16,
            "32220": 10,
            "32400": 39,
            "32580": -1,
            "32760": -1,
            "32940": -1,
            "33120": -1,
            "33300": -1,
            "33480": -1,
            "33660": -1,
            "33840": -1,
            "34020": -1
        },
        "timeOffsetBodyBatteryValues": {
            "0": 5,
            "180": 5,
            "360": 5,
            "540": 5,
            "720": 5,
            "900": 5,
            "1080": 5,
            "1260": 5,
            "1440": 5,
            "1620": 5,
            "1800": 5,
            "1980": 5,
            "2160": 5,
            "2340": 5,
            "2520": 5,
            "2700": 5,
            "2880": 5,
            "3060": 5,
            "3240": 5,
            "3420": 5,
            "3600": 5,
            "3780": 5,
            "3960": 5,
            "4140": 5,
            "4320": 5,
            "4500": 5,
            "4680": 5,
            "4860": 5,
            "5040": 5,
            "5220": 5,
            "5400": 5,
            "5580": 5,
            "5760": 5,
            "5940": 5,
            "6120": 5,
            "6300": 5,
            "6480": 5,
            "6660": 5,
            "6840": 6,
            "7020": 6,
            "7200": 6,
            "7380": 6,
            "7560": 6,
            "7740": 6,
            "7920": 7,
            "8100": 8,
            "8280": 8,
            "8460": 8,
            "8640": 9,
            "8820": 10,
            "9000": 10,
            "9180": 11,
            "9360": 11,
            "9540": 12,
            "9720": 14,
            "9900": 14,
            "10080": 15,
            "10260": 15,
            "10440": 16,
            "10620": 16,
            "10800": 17,
            "10980": 17,
            "11160": 18,
            "11340": 19,
            "11520": 19,
            "11700": 20,
            "11880": 20,
            "12060": 20,
            "12240": 21,
            "12420": 22,
            "12600": 23,
            "12780": 23,
            "12960": 24,
            "13140": 25,
            "13320": 26,
            "13500": 26,
            "13680": 27,
            "13860": 28,
            "14040": 29,
            "14220": 30,
            "14400": 31,
            "14580": 31,
            "14760": 33,
            "14940": 34,
            "15120": 35,
            "15300": 35,
            "15480": 36,
            "15660": 37,
            "15840": 38,
            "16020": 39,
            "16200": 39,
            "16380": 40,
            "16560": 41,
            "16740": 42,
            "16920": 42,
            "17100": 43,
            "17280": 44,
            "17460": 45,
            "17640": 45,
            "17820": 46,
            "18000": 47,
            "18180": 47,
            "18360": 48,
            "18540": 48,
            "18720": 48,
            "18900": 49,
            "19080": 49,
            "19260": 49,
            "19440": 49,
            "19620": 50,
            "19800": 51,
            "19980": 51,
            "20160": 51,
            "20340": 52,
            "20520": 52,
            "20700": 53,
            "20880": 54,
            "21060": 54,
            "21240": 55,
            "21420": 55,
            "21600": 56,
            "21780": 56,
            "21960": 57,
            "22140": 57,
            "22320": 58,
            "22500": 58,
            "22680": 58,
            "22860": 59,
            "23040": 59,
            "23220": 60,
            "23400": 60,
            "23580": 61,
            "23760": 62,
            "23940": 62,
            "24120": 63,
            "24300": 63,
            "24480": 64,
            "24660": 64,
            "24840": 65,
            "25020": 66,
            "25200": 66,
            "25380": 66,
            "25560": 66,
            "25740": 67,
            "25920": 67,
            "26100": 67,
            "26280": 67,
            "26460": 68,
            "26640": 68,
            "26820": 69,
            "27000": 69,
            "27180": 69,
            "27360": 70,
            "27540": 71,
            "27720": 71,
            "27900": 71,
            "28080": 72,
            "28260": 72,
            "28440": 73,
            "28620": 74,
            "28800": 74,
            "28980": 74,
            "29160": 75,
            "29340": 75,
            "29520": 75,
            "29700": 75,
            "29880": 76,
            "30060": 76,
            "30240": 76,
            "30420": 77,
            "30600": 77,
            "30780": 77,
            "30960": 78,
            "31140": 78,
            "31320": 78,
            "31500": 78,
            "31680": 78,
            "31860": 78,
            "32040": 78,
            "32220": 78,
            "32400": 79,
            "32580": 78,
            "32760": 78,
            "32940": 77,
            "33120": 76,
            "33300": 75,
            "33480": 75,
            "33660": 74,
            "33840": 74,
            "34020": 74
        }
    }
]