[
    {
        "userId": "49d85c6a-b8f8-4787-95fa-f145553e59a9",
        "userAccessToken": "7b64f2c3-1572-407f-ac1a-ea3ef127ff2c",
        "summaryId": "x45dba26-67030860-11418",
        "startTimeInSeconds": 1728252000,
        "startTimeOffsetInSeconds": 7200,
        "durationInSeconds": 70680,
        "calendarDate": "2024-10-07",
        "timeOffsetStressLevelValues": {
            "0": 11,
            "180": 11,
            "360": 11,
            "540": 9,
            "720": 8,
            "900": 6,
            "1080": 5,
            "1260": 4,
            "1440": -1,
            "1620": 11,
            "1800": 14,
            "1980": 10,
            "2160": 19,
            "2340": 14,
            "2520": 10,
            "2700": 9,
            "2880": 7,
            "3060": 7,
            "3240": 13,
            "3420": 18,
            "3600": 3,
            "3780": 5,
            "3960": 5,
            "4140": 5,
            "4320": 5,
            "4500": 5,
            "4680": 4,
            "4860": 5,
            "5040": 20,
            "5220": 6,
            "5400": 10,
            "5580": 3,
            "5760": 5,
            "5940": 13,
            "6120": 6,
            "6300": 7,
            "6480": 6,
            "6660": 4,
            "6840": 9,
            "7020": 5,
            "7200": 4,
            "7380": 3,
            "7560": 10,
            "7740": 6,
            "7920": 3,
            "8100": 18,
            "8280": 16,
            "8460": 9,
            "8640": 5,
            "8820": 4,
            "9000": 5,
            "9180": 5,
            "9360": 6,
            "9540": 6,
            "9720": 6,
            "9900": 6,
            "10080": 5,
            "10260": 5,
            "10440": 5,
            "10620": 6,
            "10800": 6,
            "10980": 5,
            "11160": 17,
            "11340": 10,
            "11520": 5,
            "11700": 6,
            "11880": 15,
            "12060": 6,
            "12240": 5,
            "12420": 9,
            "12600": 8,
            "12780": 5,
            "12960": 8,
            "13140": 20,
            "13320": 15,
            "13500": 21,
            "13680": 15,
            "13860": 21,
            "14040": 19,
            "14220": 10,
            "14400": 15,
            "14580": 9,
            "14760": 5,
            "14940": 13,
            "15120": 7,
            "15300": 2,
            "15480": 4,
            "15660": 3,
            "15840": 3,
            "16020": 4,
            "16200": 6,
            "16380": 6,
            "16560": 7,
            "16740": 8,
            "16920": 7,
            "17100": 7,
            "17280": 6,
            "17460": 5,
            "17640": 15,
            "17820": 15,
            "18000": 18,
            "18180": 5,
            "18360": 6,
            "18540": 6,
            "18720": 8,
            "18900": 7,
            "19080": 6,
            "19260": 5,
            "19440": 6,
            "19620": 6,
            "19800": 5,
            "19980": 5,
            "20160": 4,
            "20340": 2,
            "20520": 3,
            "20700": 6,
            "20880": 9,
            "21060": 17,
            "21240": 9,
            "21420": 12,
            "21600": 8,
            "21780": 12,
            "21960": 10,
            "22140": 6,
            "22320": 14,
            "22500": 16,
            "22680": 13,
            "22860": 16,
            "23040": 14,
            "23220": 12,
            "23400": 17,
            "23580": 7,
            "23760": 14,
            "23940": 6,
            "24120": 8,
            "24300": 2,
            "24480": 8,
            "24660": 17,
            "24840": 4,
            "25020": 4,
            "25200": 6,
            "25380": 11,
            "25560": 4,
            "25740": 10,
            "25920": 6,
            "26100": 5,
            "26280": 2,
            "26460": 3,
            "26640": 2,
            "26820": 3,
            "27000": 6,
            "27180": 3,
            "27360": 2,
            "27540": 5,
            "27720": 4,
            "27900": 6,
            "28080": 12,
            "28260": 7,
            "28440": 15,
            "28620": 4,
            "28800": 15,
            "28980": 13,
            "29160": -1,
            "29340": 21,
            "29520": 45,
            "29700": 32,
            "29880": -1,
            "30060": -1,
            "30240": -1,
            "30420": -1,
            "30600": -2,
            "30780": -2,
            "30960": -1,
            "31140": -1,
            "31320": 40,
            "31500": -2,
            "31680": -2,
            "31860": -1,
            "32040": 86,
            "32220": 85,
            "32400": 85,
            "32580": -1,
            "32760": -1,
            "32940": -2,
            "33120": -2,
            "33300": -2,
            "33480": 94,
            "33660": -1,
            "33840": -1,
            "34020": -2,
            "34200": 84,
            "34380": 59,
            "34560": 64,
            "34740": 82,
            "34920": -1,
            "35100": 75,
            "35280": 65,
            "35460": 74,
            "35640": 76,
            "35820": 73,
            "36000": 76,
            "36180": 74,
            "36360": 77,
            "36540": 75,
            "36720": 77,
            "36900": 31,
            "37080": 47,
            "37260": 70,
            "37440": 70,
            "37620": 73,
            "37800": 67,
            "37980": 46,
            "38160": 58,
            "38340": -1,
            "38520": 54,
            "38700": 59,
            "38880": 67,
            "39060": 73,
            "39240": -2,
            "39420": -2,
            "39600": -1,
            "39780": -2,
            "39960": 43,
            "40140": -2,
            "40320": -1,
            "40500": 72,
            "40680": 79,
            "40860": 41,
            "41040": 69,
            "41220": -1,
            "41400": -1,
            "41580": -2,
            "41760": -1,
            "41940": -1,
            "42120": 63,
            "42300": 79,
            "42480": -1,
            "42660": 64,
            "42840": 61,
            "43020": 76,
            "43200": -2,
            "43380": 61,
            "43560": -2,
            "43740": 82,
            "43920": 75,
            "44100": 66,
            "44280": 68,
            "44460": 74,
            "44640": -1,
            "44820": -2,
            "45000": -2,
            "45180": -2,
            "45360": -2,
            "45540": 93,
            "45720": 93,
            "45900": -1,
            "46080": -1,
            "46260": -1,
            "46440": -1,
            "46620": -1,
            "46800": -1,
            "46980": -1,
            "47160": -1,
            "47340": -2,
            "47520": -2,
            "47700": -2,
            "47880": -2,
            "48060": -1,
            "48240": 65,
            "48420": 48,
            "48600": 40,
            "48780": 35,
            "48960": 59,
            "49140": 69,
            "49320": 68,
            "49500": 72,
            "49680": 68,
            "49860": 46,
            "50040": -2,
            "50220": -2,
            "50400": 58,
            "50580": 34,
            "50760": 21,
            "50940": 25,
            "51120": -1,
            "51300": -2,
            "51480": -1,
            "51660": 14,
            "51840": -1,
            "52020": -1,
            "52200": -1,
            "52380": 65,
            "52560": 68,
            "52740": 72,
            "52920": 73,
            "53100": 59,
            "53280": 76,
            "53460": -1,
            "53640": 62,
            "53820": -1,
            "54000": 83,
            "54180": -1,
            "54360": -1,
            "54540": 70,
            "54720": 79,
            "54900": 64,
            "55080": -1,
            "55260": -1,
            "55440": -1,
            "55620": 77,
            "55800": 82,
            "55980": 61,
            "56160": -1,
            "56340": 66,
            "56520": 69,
            "56700": 75,
            "56880": 64,
            "57060": 70,
            "57240": 67,
            "57420": 35,
            "57600": 40,
            "57780": -1,
            "57960": 64,
            "58140": 58,
            "58320": 43,
            "58500": 64,
            "58680": 55,
            "58860": -1,
            "59040": 44,
            "59220": -1,
            "59400": 82,
            "59580": -1,
            "59760": 48,
            "59940": 62,
            "60120": 39,
            "60300": 55,
            "60480": 76,
            "60660": 45,
            "60840": 55,
            "61020": 33,
            "61200": 47,
            "61380": 43,
            "61560": 65,
            "61740": 66,
            "61920": 74,
            "62100": -2,
            "62280": -2,
            "62460": -2,
            "62640": -1,
            "62820": -1,
            "63000": -2,
            "63180": -2,
            "63360": -2,
            "63540": 74,
            "63720": 75,
            "63900": 79,
            "64080": 65,
            "64260": -2,
            "64440": -2,
            "64620": -1,
            "64800": 88,
            "64980": 21,
            "65160": -1,
            "65340": -2,
            "65520": -1,
            "65700": 80,
            "65880": 81,
            "66060": 82,
            "66240": -1,
            "66420": -2,
            "66600": -2,
            "66780": -1,
            "66960": -1,
            "67140": -2,
            "67320": 91,
            "67500": 88,
            "67680": 87,
            "67860": 87,
            "68040": -1,
            "68220": -1,
            "68400": -1,
            "68580": 83,
            "68760": -2,
            "68940": -1,
            "69120": -2,
            "69300": -2,
            "69480": -1,
            "69660": -2,
            "69840": -2,
            "70020": 77,
            "70200": 82,
            "70380": -1,
            "70560": -1
        },
        "timeOffsetBodyBatteryValues": {
            "0": 11,
            "180": 11,
            "360": 11,
            "540": 12,
            "720": 13,
            "900": 13,
            "1080": 14,
            "1260": 14,
            "1440": 14,
            "1620": 14,
            "1800": 15,
            "1980": 15,
            "2160": 16,
            "2340": 16,
            "2520": 17,
            "2700": 17,
            "2880": 18,
            "3060": 19,
            "3240": 19,
            "3420": 20,
            "3600": 20,
            "3780": 21,
            "3960": 22,
            "4140": 22,
            "4320": 23,
            "4500": 24,
            "4680": 25,
            "4860": 25,
            "5040": 26,
            "5220": 27,
            "5400": 27,
            "5580": 28,
            "5760": 29,
            "5940": 29,
            "6120": 30,
            "6300": 31,
            "6480": 32,
            "6660": 33,
            "6840": 34,
            "7020": 35,
            "7200": 35,
            "7380": 36,
            "7560": 37,
            "7740": 38,
            "7920": 38,
            "8100": 39,
            "8280": 40,
            "8460": 41,
            "8640": 41,
            "8820": 42,
            "9000": 43,
            "9180": 44,
            "9360": 45,
            "9540": 46,
            "9720": 47,
            "9900": 48,
            "10080": 48,
            "10260": 49,
            "10440": 49,
            "10620": 51,
            "10800": 51,
            "10980": 52,
            "11160": 53,
            "11340": 53,
            "11520": 54,
            "11700": 54,
            "11880": 55,
            "12060": 55,
            "12240": 56,
            "12420": 57,
            "12600": 57,
            "12780": 58,
            "12960": 58,
            "13140": 59,
            "13320": 60,
            "13500": 60,
            "13680": 60,
            "13860": 60,
            "14040": 60,
            "14220": 61,
            "14400": 62,
            "14580": 62,
            "14760": 63,
            "14940": 63,
            "15120": 64,
            "15300": 65,
            "15480": 65,
            "15660": 66,
            "15840": 67,
            "16020": 67,
            "16200": 68,
            "16380": 69,
            "16560": 69,
            "16740": 70,
            "16920": 70,
            "17100": 71,
            "17280": 71,
            "17460": 72,
            "17640": 73,
            "17820": 73,
            "18000": 73,
            "18180": 73,
            "18360": 74,
            "18540": 75,
            "18720": 75,
            "18900": 76,
            "19080": 76,
            "19260": 77,
            "19440": 78,
            "19620": 78,
            "19800": 79,
            "19980": 79,
            "20160": 80,
            "20340": 80,
            "20520": 81,
            "20700": 82,
            "20880": 82,
            "21060": 82,
            "21240": 82,
            "21420": 83,
            "21600": 83,
            "21780": 83,
            "21960": 84,
            "22140": 84,
            "22320": 84,
            "22500": 84,
            "22680": 85,
            "22860": 85,
            "23040": 86,
            "23220": 86,
            "23400": 86,
            "23580": 86,
            "23760": 87,
            "23940": 87,
            "24120": 87,
            "24300": 88,
            "24480": 88,
            "24660": 89,
            "24840": 89,
            "25020": 89,
            "25200": 90,
            "25380": 90,
            "25560": 91,
            "25740": 91,
            "25920": 91,
            "26100": 92,
            "26280": 92,
            "26460": 93,
            "26640": 93,
            "26820": 94,
            "27000": 94,
            "27180": 95,
            "27360": 95,
            "27540": 96,
            "27720": 96,
            "27900": 96,
            "28080": 96,
            "28260": 96,
            "28440": 96,
            "28620": 96,
            "28800": 97,
            "28980": 97,
            "29160": 97,
            "29340": 97,
            "29520": 97,
            "29700": 96,
            "29880": 96,
            "30060": 96,
            "30240": 95,
            "30420": 95,
            "30600": 95,
            "30780": 94,
            "30960": 94,
            "31140": 93,
            "31320": 93,
            "31500": 92,
            "31680": 92,
            "31860": 92,
            "32040": 91,
            "32220": 90,
            "32400": 89,
            "32580": 88,
            "32760": 88,
            "32940": 87,
            "33120": 87,
            "33300": 87,
            "33480": 86,
            "33660": 85,
            "33840": 84,
            "34020": 84,
            "34200": 83,
            "34380": 83,
            "34560": 82,
            "34740": 82,
            "34920": 81,
            "35100": 81,
            "35280": 80,
            "35460": 79,
            "35640": 79,
            "35820": 78,
            "36000": 77,
            "36180": 77,
            "36360": 76,
            "36540": 75,
            "36720": 75,
            "36900": 75,
            "37080": 75,
            "37260": 74,
            "37440": 74,
            "37620": 73,
            "37800": 73,
            "37980": 72,
            "38160": 72,
            "38340": 71,
            "38520": 71,
            "38700": 70,
            "38880": 70,
            "39060": 69,
            "39240": 69,
            "39420": 68,
            "39600": 68,
            "39780": 68,
            "39960": 67,
            "40140": 67,
            "40320": 66,
            "40500": 66,
            "40680": 65,
            "40860": 65,
            "41040": 64,
            "41220": 64,
            "41400": 64,
            "41580": 63,
            "41760": 63,
            "41940": 62,
            "42120": 62,
            "42300": 62,
            "42480": 61,
            "42660": 61,
            "42840": 60,
            "43020": 60,
            "43200": 60,
            "43380": 59,
            "43560": 59,
            "43740": 58,
            "43920": 58,
            "44100": 58,
            "44280": 57,
            "44460": 57,
            "44640": 56,
            "44820": 56,
            "45000": 55,
            "45180": 55,
            "45360": 55,
            "45540": 55,
            "45720": 54,
            "45900": 54,
            "46080": 53,
            "46260": 53,
            "46440": 53,
            "46620": 53,
            "46800": 53,
            "46980": 52,
            "47160": 52,
            "47340": 51,
            "47520": 51,
            "47700": 51,
            "47880": 51,
            "48060": 51,
            "48240": 51,
            "48420": 50,
            "48600": 50,
            "48780": 50,
            "48960": 50,
            "49140": 50,
            "49320": 49,
            "49500": 49,
            "49680": 49,
            "49860": 48,
            "50040": 48,
            "50220": 48,
            "50400": 48,
            "50580": 48,
            "50760": 48,
            "50940": 48,
            "51120": 48,
            "51300": 48,
            "51480": 47,
            "51660": 47,
            "51840": 47,
            "52020": 47,
            "52200": 47,
            "52380": 47,
            "52560": 46,
            "52740": 46,
            "52920": 46,
            "53100": 45,
            "53280": 45,
            "53460": 45,
            "53640": 44,
            "53820": 44,
            "54000": 44,
            "54180": 43,
            "54360": 43,
            "54540": 43,
            "54720": 42,
            "54900": 42,
            "55080": 42,
            "55260": 42,
            "55440": 41,
            "55620": 41,
            "55800": 41,
            "55980": 40,
            "56160": 40,
            "56340": 40,
            "56520": 39,
            "56700": 39,
            "56880": 39,
            "57060": 38,
            "57240": 38,
            "57420": 38,
            "57600": 38,
            "57780": 38,
            "57960": 38,
            "58140": 37,
            "58320": 37,
            "58500": 37,
            "58680": 37,
            "58860": 37,
            "59040": 37,
            "59220": 37,
            "59400": 36,
            "59580": 36,
            "59760": 36,
            "59940": 35,
            "60120": 35,
            "60300": 35,
            "60480": 35,
            "60660": 34,
            "60840": 34,
            "61020": 34,
            "61200": 34,
            "61380": 34,
            "61560": 34,
            "61740": 34,
            "61920": 33,
            "62100": 33,
            "62280": 33,
            "62460": 33,
            "62640": 32,
            "62820": 32,
            "63000": 32,
            "63180": 32,
            "63360": 31,
            "63540": 31,
            "63720": 31,
            "63900": 31,
            "64080": 30,
            "64260": 30,
            "64440": 30,
            "64620": 30,
            "64800": 29,
            "64980": 29,
            "65160": 29,
            "65340": 29,
            "65520": 29,
            "65700": 28,
            "65880": 28,
            "66060": 28,
            "66240": 27,
            "66420": 27,
            "66600": 27,
            "66780": 27,
            "66960": 27,
            "67140": 26,
            "67320": 26,
            "67500": 26,
            "67680": 26,
            "67860": 26,
            "68040": 26,
            "68220": 26,
            "68400": 25,
            "68580": 25,
            "68760": 25,
            "68940": 25,
            "69120": 25,
            "69300": 24,
            "69480": 24,
            "69660": 24,
            "69840": 24,
            "70020": 24,
            "70200": 24,
            "70380": 23,
            "70560": 23
        }
    }
]