[
    {
        "userId": "49d85c6a-b8f8-4787-95fa-f145553e59a9",
        "userAccessToken": "7b64f2c3-1572-407f-ac1a-ea3ef127ff2c",
        "summaryId": "x45dba26-67099fe0-15180",
        "startTimeInSeconds": 1728684000,
        "startTimeOffsetInSeconds": 7200,
        "durationInSeconds": 86400,
        "calendarDate": "2024-10-12",
        "timeOffsetStressLevelValues": {
            "0": 55,
            "180": 57,
            "360": 55,
            "540": 50,
            "720": 77,
            "900": 68,
            "1080": 34,
            "1260": 24,
            "1440": 28,
            "1620": 25,
            "1800": 26,
            "1980": 24,
            "2160": 25,
            "2340": 28,
            "2520": 26,
            "2700": 28,
            "2880": 27,
            "3060": 31,
            "3240": 25,
            "3420": 25,
            "3600": 26,
            "3780": 26,
            "3960": 25,
            "4140": 25,
            "4320": 24,
            "4500": 25,
            "4680": 21,
            "4860": 24,
            "5040": 22,
            "5220": 19,
            "5400": 21,
            "5580": 18,
            "5760": 17,
            "5940": 19,
            "6120": 12,
            "6300": 12,
            "6480": 13,
            "6660": 15,
            "6840": 14,
            "7020": 35,
            "7200": 21,
            "7380": 18,
            "7560": 23,
            "7740": 18,
            "7920": 18,
            "8100": 21,
            "8280": 24,
            "8460": 22,
            "8640": 17,
            "8820": 19,
            "9000": 19,
            "9180": 17,
            "9360": 16,
            "9540": 24,
            "9720": -1,
            "9900": 30,
            "10080": 24,
            "10260": 18,
            "10440": 13,
            "10620": 14,
            "10800": 12,
            "10980": 12,
            "11160": 11,
            "11340": 12,
            "11520": 16,
            "11700": 12,
            "11880": 8,
            "12060": 10,
            "12240": 13,
            "12420": 18,
            "12600": 12,
            "12780": 17,
            "12960": 16,
            "13140": 21,
            "13320": 18,
            "13500": 20,
            "13680": 13,
            "13860": 10,
            "14040": 13,
            "14220": 8,
            "14400": 8,
            "14580": 13,
            "14760": 11,
            "14940": 11,
            "15120": 11,
            "15300": 12,
            "15480": 12,
            "15660": 11,
            "15840": 9,
            "16020": 5,
            "16200": 7,
            "16380": 9,
            "16560": 8,
            "16740": 7,
            "16920": 8,
            "17100": 8,
            "17280": 9,
            "17460": 8,
            "17640": 9,
            "17820": 8,
            "18000": 8,
            "18180": 8,
            "18360": 8,
            "18540": 10,
            "18720": 5,
            "18900": 2,
            "19080": 4,
            "19260": 4,
            "19440": 8,
            "19620": 5,
            "19800": 4,
            "19980": 3,
            "20160": 3,
            "20340": 6,
            "20520": 5,
            "20700": 5,
            "20880": 8,
            "21060": 2,
            "21240": 5,
            "21420": 2,
            "21600": 3,
            "21780": 10,
            "21960": 5,
            "22140": 8,
            "22320": 9,
            "22500": 19,
            "22680": 9,
            "22860": 5,
            "23040": 11,
            "23220": 10,
            "23400": 2,
            "23580": 2,
            "23760": 9,
            "23940": 4,
            "24120": 6,
            "24300": 9,
            "24480": 3,
            "24660": 11,
            "24840": 8,
            "25020": 7,
            "25200": 7,
            "25380": 13,
            "25560": 9,
            "25740": 10,
            "25920": 10,
            "26100": 11,
            "26280": 20,
            "26460": 6,
            "26640": 3,
            "26820": 14,
            "27000": 8,
            "27180": 8,
            "27360": 7,
            "27540": 9,
            "27720": 10,
            "27900": 11,
            "28080": 11,
            "28260": 12,
            "28440": 10,
            "28620": 18,
            "28800": 20,
            "28980": 19,
            "29160": -1,
            "29340": 21,
            "29520": 15,
            "29700": 11,
            "29880": 10,
            "30060": 11,
            "30240": 15,
            "30420": 15,
            "30600": 18,
            "30780": 9,
            "30960": 16,
            "31140": 13,
            "31320": 8,
            "31500": 9,
            "31680": 10,
            "31860": 6,
            "32040": 5,
            "32220": 6,
            "32400": 6,
            "32580": 6,
            "32760": 8,
            "32940": 6,
            "33120": 3,
            "33300": 9,
            "33480": 16,
            "33660": 5,
            "33840": 4,
            "34020": 11,
            "34200": 13,
            "34380": 17,
            "34560": 48,
            "34740": 46,
            "34920": 55,
            "35100": 64,
            "35280": 31,
            "35460": 20,
            "35640": 25,
            "35820": -1,
            "36000": 24,
            "36180": 16,
            "36360": 16,
            "36540": 23,
            "36720": 25,
            "36900": 35,
            "37080": -2,
            "37260": -1,
            "37440": -2,
            "37620": -1,
            "37800": 33,
            "37980": 25,
            "38160": -1,
            "38340": 23,
            "38520": 23,
            "38700": 19,
            "38880": -1,
            "39060": 16,
            "39240": 17,
            "39420": 21,
            "39600": 23,
            "39780": 21,
            "39960": -2,
            "40140": -2,
            "40320": -1,
            "40500": 38,
            "40680": 34,
            "40860": 47,
            "41040": -2,
            "41220": -2,
            "41400": -1,
            "41580": 49,
            "41760": -2,
            "41940": -1,
            "42120": 40,
            "42300": 60,
            "42480": 73,
            "42660": 66,
            "42840": 56,
            "43020": 58,
            "43200": 55,
            "43380": 57,
            "43560": -2,
            "43740": -2,
            "43920": -2,
            "44100": -2,
            "44280": -2,
            "44460": -2,
            "44640": -2,
            "44820": -2,
            "45000": -2,
            "45180": -2,
            "45360": -1,
            "45540": 83,
            "45720": 77,
            "45900": -2,
            "46080": 76,
            "46260": -1,
            "46440": 71,
            "46620": 70,
            "46800": 75,
            "46980": 68,
            "47160": 65,
            "47340": 61,
            "47520": -1,
            "47700": 61,
            "47880": 41,
            "48060": 29,
            "48240": 37,
            "48420": 44,
            "48600": -2,
            "48780": 30,
            "48960": 33,
            "49140": 23,
            "49320": 26,
            "49500": 25,
            "49680": 42,
            "49860": 49,
            "50040": 31,
            "50220": 17,
            "50400": -1,
            "50580": 27,
            "50760": 18,
            "50940": -2,
            "51120": -1,
            "51300": 24,
            "51480": 15,
            "51660": 24,
            "51840": 34,
            "52020": 32,
            "52200": -1,
            "52380": -1,
            "52560": -1,
            "52740": 47,
            "52920": 35,
            "53100": -1,
            "53280": -2,
            "53460": -2,
            "53640": -1,
            "53820": 28,
            "54000": 42,
            "54180": -1,
            "54360": 40,
            "54540": -1,
            "54720": -1,
            "54900": 42,
            "55080": 51,
            "55260": 54,
            "55440": 60,
            "55620": 46,
            "55800": 53,
            "55980": 61,
            "56160": 56,
            "56340": -1,
            "56520": 68,
            "56700": 66,
            "56880": 68,
            "57060": 48,
            "57240": 42,
            "57420": 64,
            "57600": -1,
            "57780": 31,
            "57960": 54,
            "58140": 39,
            "58320": 56,
            "58500": 63,
            "58680": 34,
            "58860": 66,
            "59040": 64,
            "59220": -1,
            "59400": -1,
            "59580": 50,
            "59760": 56,
            "59940": 55,
            "60120": 55,
            "60300": 67,
            "60480": 58,
            "60660": 58,
            "60840": 58,
            "61020": 60,
            "61200": 47,
            "61380": 49,
            "61560": 45,
            "61740": 76,
            "61920": 73,
            "62100": -1,
            "62280": 54,
            "62460": -1,
            "62640": 48,
            "62820": -1,
            "63000": -1,
            "63180": 61,
            "63360": 64,
            "63540": 70,
            "63720": 51,
            "63900": 39,
            "64080": -1,
            "64260": 31,
            "64440": 29,
            "64620": -1,
            "64800": 48,
            "64980": 61,
            "65160": 67,
            "65340": 49,
            "65520": 58,
            "65700": -1,
            "65880": -1,
            "66060": 49,
            "66240": 46,
            "66420": 32,
            "66600": 37,
            "66780": 34,
            "66960": 61,
            "67140": -2,
            "67320": -2,
            "67500": -2,
            "67680": -2,
            "67860": -2,
            "68040": -1,
            "68220": 67,
            "68400": -1,
            "68580": 67,
            "68760": -1,
            "68940": -2,
            "69120": 53,
            "69300": 50,
            "69480": 55,
            "69660": -1,
            "69840": -1,
            "70020": 51,
            "70200": 42,
            "70380": 44,
            "70560": 52,
            "70740": 58,
            "70920": 58,
            "71100": 37,
            "71280": 52,
            "71460": 54,
            "71640": 58,
            "71820": 53,
            "72000": -2,
            "72180": -2,
            "72360": -2,
            "72540": -2,
            "72720": 78,
            "72900": 75,
            "73080": 90,
            "73260": 82,
            "73440": 76,
            "73620": 79,
            "73800": 76,
            "73980": -1,
            "74160": -1,
            "74340": 70,
            "74520": 68,
            "74700": 79,
            "74880": -2,
            "75060": -2,
            "75240": -2,
            "75420": -2,
            "75600": -1,
            "75780": -2,
            "75960": -2,
            "76140": -1,
            "76320": -1,
            "76500": -2,
            "76680": -2,
            "76860": 71,
            "77040": -1,
            "77220": 45,
            "77400": 42,
            "77580": 49,
            "77760": 51,
            "77940": 62,
            "78120": -2,
            "78300": -1,
            "78480": -1,
            "78660": -1,
            "78840": -1,
            "79020": 52,
            "79200": 55,
            "79380": 46,
            "79560": 39,
            "79740": 45,
            "79920": 50,
            "80100": 55,
            "80280": 56,
            "80460": 67,
            "80640": 73,
            "80820": -1,
            "81000": 32,
            "81180": 46,
            "81360": 58,
            "81540": 65,
            "81720": 46,
            "81900": 34,
            "82080": 38,
            "82260": 48,
            "82440": 43,
            "82620": 73,
            "82800": 51,
            "82980": 72,
            "83160": 68,
            "83340": 64,
            "83520": 49,
            "83700": 64,
            "83880": 46,
            "84060": 45,
            "84240": 66,
            "84420": 56,
            "84600": 58,
            "84780": 68,
            "84960": 67,
            "85140": 61,
            "85320": 52,
            "85500": 78,
            "85680": 69,
            "85860": 67,
            "86040": 66,
            "86220": 55
        },
        "timeOffsetBodyBatteryValues": {
            "0": 5,
            "180": 5,
            "360": 5,
            "540": 5,
            "720": 5,
            "900": 5,
            "1080": 5,
            "1260": 5,
            "1440": 5,
            "1620": 5,
            "1800": 5,
            "1980": 5,
            "2160": 5,
            "2340": 5,
            "2520": 5,
            "2700": 5,
            "2880": 5,
            "3060": 5,
            "3240": 5,
            "3420": 5,
            "3600": 5,
            "3780": 5,
            "3960": 5,
            "4140": 5,
            "4320": 5,
            "4500": 5,
            "4680": 5,
            "4860": 6,
            "5040": 6,
            "5220": 6,
            "5400": 6,
            "5580": 7,
            "5760": 7,
            "5940": 8,
            "6120": 8,
            "6300": 8,
            "6480": 8,
            "6660": 9,
            "6840": 9,
            "7020": 10,
            "7200": 10,
            "7380": 10,
            "7560": 10,
            "7740": 11,
            "7920": 11,
            "8100": 12,
            "8280": 12,
            "8460": 12,
            "8640": 12,
            "8820": 12,
            "9000": 13,
            "9180": 13,
            "9360": 14,
            "9540": 14,
            "9720": 15,
            "9900": 15,
            "10080": 15,
            "10260": 15,
            "10440": 16,
            "10620": 16,
            "10800": 17,
            "10980": 17,
            "11160": 18,
            "11340": 19,
            "11520": 20,
            "11700": 20,
            "11880": 21,
            "12060": 22,
            "12240": 22,
            "12420": 23,
            "12600": 24,
            "12780": 24,
            "12960": 25,
            "13140": 25,
            "13320": 26,
            "13500": 27,
            "13680": 27,
            "13860": 28,
            "14040": 28,
            "14220": 29,
            "14400": 30,
            "14580": 30,
            "14760": 31,
            "14940": 32,
            "15120": 32,
            "15300": 33,
            "15480": 34,
            "15660": 34,
            "15840": 35,
            "16020": 35,
            "16200": 36,
            "16380": 36,
            "16560": 37,
            "16740": 38,
            "16920": 38,
            "17100": 39,
            "17280": 40,
            "17460": 40,
            "17640": 41,
            "17820": 41,
            "18000": 42,
            "18180": 43,
            "18360": 43,
            "18540": 44,
            "18720": 45,
            "18900": 46,
            "19080": 47,
            "19260": 47,
            "19440": 47,
            "19620": 48,
            "19800": 48,
            "19980": 49,
            "20160": 50,
            "20340": 51,
            "20520": 52,
            "20700": 52,
            "20880": 53,
            "21060": 53,
            "21240": 54,
            "21420": 55,
            "21600": 56,
            "21780": 56,
            "21960": 57,
            "22140": 58,
            "22320": 58,
            "22500": 59,
            "22680": 59,
            "22860": 60,
            "23040": 60,
            "23220": 61,
            "23400": 61,
            "23580": 62,
            "23760": 63,
            "23940": 63,
            "24120": 64,
            "24300": 64,
            "24480": 65,
            "24660": 66,
            "24840": 66,
            "25020": 67,
            "25200": 67,
            "25380": 68,
            "25560": 68,
            "25740": 69,
            "25920": 69,
            "26100": 69,
            "26280": 70,
            "26460": 70,
            "26640": 70,
            "26820": 71,
            "27000": 71,
            "27180": 72,
            "27360": 72,
            "27540": 73,
            "27720": 73,
            "27900": 74,
            "28080": 74,
            "28260": 74,
            "28440": 75,
            "28620": 75,
            "28800": 75,
            "28980": 75,
            "29160": 76,
            "29340": 76,
            "29520": 76,
            "29700": 76,
            "29880": 77,
            "30060": 77,
            "30240": 77,
            "30420": 78,
            "30600": 78,
            "30780": 78,
            "30960": 78,
            "31140": 78,
            "31320": 78,
            "31500": 78,
            "31680": 78,
            "31860": 79,
            "32040": 80,
            "32220": 80,
            "32400": 81,
            "32580": 81,
            "32760": 81,
            "32940": 81,
            "33120": 82,
            "33300": 82,
            "33480": 82,
            "33660": 83,
            "33840": 83,
            "34020": 84,
            "34200": 84,
            "34380": 84,
            "34560": 84,
            "34740": 84,
            "34920": 84,
            "35100": 84,
            "35280": 83,
            "35460": 83,
            "35640": 83,
            "35820": 83,
            "36000": 82,
            "36180": 82,
            "36360": 82,
            "36540": 82,
            "36720": 82,
            "36900": 81,
            "37080": 81,
            "37260": 81,
            "37440": 80,
            "37620": 80,
            "37800": 79,
            "37980": 79,
            "38160": 79,
            "38340": 79,
            "38520": 79,
            "38700": 79,
            "38880": 79,
            "39060": 79,
            "39240": 78,
            "39420": 78,
            "39600": 78,
            "39780": 78,
            "39960": 78,
            "40140": 77,
            "40320": 77,
            "40500": 76,
            "40680": 76,
            "40860": 76,
            "41040": 75,
            "41220": 75,
            "41400": 75,
            "41580": 74,
            "41760": 74,
            "41940": 74,
            "42120": 73,
            "42300": 73,
            "42480": 72,
            "42660": 72,
            "42840": 71,
            "43020": 71,
            "43200": 70,
            "43380": 70,
            "43560": 70,
            "43740": 69,
            "43920": 69,
            "44100": 69,
            "44280": 69,
            "44460": 69,
            "44640": 69,
            "44820": 68,
            "45000": 68,
            "45180": 68,
            "45360": 67,
            "45540": 66,
            "45720": 66,
            "45900": 65,
            "46080": 64,
            "46260": 64,
            "46440": 64,
            "46620": 63,
            "46800": 62,
            "46980": 62,
            "47160": 62,
            "47340": 61,
            "47520": 61,
            "47700": 60,
            "47880": 60,
            "48060": 60,
            "48240": 60,
            "48420": 59,
            "48600": 59,
            "48780": 59,
            "48960": 59,
            "49140": 59,
            "49320": 59,
            "49500": 59,
            "49680": 58,
            "49860": 58,
            "50040": 58,
            "50220": 58,
            "50400": 57,
            "50580": 57,
            "50760": 57,
            "50940": 56,
            "51120": 56,
            "51300": 56,
            "51480": 56,
            "51660": 56,
            "51840": 56,
            "52020": 56,
            "52200": 56,
            "52380": 55,
            "52560": 55,
            "52740": 55,
            "52920": 54,
            "53100": 54,
            "53280": 54,
            "53460": 54,
            "53640": 53,
            "53820": 53,
            "54000": 53,
            "54180": 53,
            "54360": 53,
            "54540": 52,
            "54720": 52,
            "54900": 52,
            "55080": 52,
            "55260": 51,
            "55440": 51,
            "55620": 51,
            "55800": 51,
            "55980": 50,
            "56160": 50,
            "56340": 50,
            "56520": 49,
            "56700": 49,
            "56880": 49,
            "57060": 48,
            "57240": 48,
            "57420": 48,
            "57600": 47,
            "57780": 47,
            "57960": 47,
            "58140": 46,
            "58320": 46,
            "58500": 46,
            "58680": 46,
            "58860": 45,
            "59040": 45,
            "59220": 45,
            "59400": 45,
            "59580": 45,
            "59760": 44,
            "59940": 44,
            "60120": 44,
            "60300": 43,
            "60480": 43,
            "60660": 43,
            "60840": 43,
            "61020": 42,
            "61200": 42,
            "61380": 42,
            "61560": 42,
            "61740": 41,
            "61920": 41,
            "62100": 41,
            "62280": 41,
            "62460": 40,
            "62640": 40,
            "62820": 40,
            "63000": 40,
            "63180": 40,
            "63360": 39,
            "63540": 39,
            "63720": 39,
            "63900": 38,
            "64080": 38,
            "64260": 38,
            "64440": 38,
            "64620": 37,
            "64800": 37,
            "64980": 37,
            "65160": 37,
            "65340": 36,
            "65520": 36,
            "65700": 36,
            "65880": 36,
            "66060": 36,
            "66240": 36,
            "66420": 36,
            "66600": 36,
            "66780": 36,
            "66960": 35,
            "67140": 35,
            "67320": 35,
            "67500": 35,
            "67680": 34,
            "67860": 34,
            "68040": 34,
            "68220": 34,
            "68400": 33,
            "68580": 33,
            "68760": 33,
            "68940": 33,
            "69120": 33,
            "69300": 33,
            "69480": 33,
            "69660": 33,
            "69840": 33,
            "70020": 32,
            "70200": 32,
            "70380": 32,
            "70560": 31,
            "70740": 31,
            "70920": 31,
            "71100": 31,
            "71280": 30,
            "71460": 30,
            "71640": 30,
            "71820": 30,
            "72000": 30,
            "72180": 30,
            "72360": 29,
            "72540": 29,
            "72720": 29,
            "72900": 29,
            "73080": 28,
            "73260": 28,
            "73440": 28,
            "73620": 27,
            "73800": 27,
            "73980": 27,
            "74160": 27,
            "74340": 26,
            "74520": 26,
            "74700": 26,
            "74880": 26,
            "75060": 26,
            "75240": 26,
            "75420": 26,
            "75600": 26,
            "75780": 25,
            "75960": 25,
            "76140": 25,
            "76320": 25,
            "76500": 25,
            "76680": 25,
            "76860": 24,
            "77040": 24,
            "77220": 24,
            "77400": 24,
            "77580": 24,
            "77760": 23,
            "77940": 23,
            "78120": 23,
            "78300": 23,
            "78480": 22,
            "78660": 22,
            "78840": 22,
            "79020": 22,
            "79200": 21,
            "79380": 21,
            "79560": 21,
            "79740": 21,
            "79920": 21,
            "80100": 21,
            "80280": 21,
            "80460": 21,
            "80640": 21,
            "80820": 21,
            "81000": 21,
            "81180": 21,
            "81360": 21,
            "81540": 20,
            "81720": 20,
            "81900": 20,
            "82080": 20,
            "82260": 20,
            "82440": 19,
            "82620": 19,
            "82800": 19,
            "82980": 19,
            "83160": 19,
            "83340": 18,
            "83520": 18,
            "83700": 18,
            "83880": 18,
            "84060": 18,
            "84240": 17,
            "84420": 17,
            "84600": 17,
            "84780": 17,
            "84960": 17,
            "85140": 17,
            "85320": 17,
            "85500": 16,
            "85680": 16,
            "85860": 16,
            "86040": 16,
            "86220": 16
        }
    }
]