[
    {
        "userId": "49d85c6a-b8f8-4787-95fa-f145553e59a9",
        "userAccessToken": "7b64f2c3-1572-407f-ac1a-ea3ef127ff2c",
        "summaryId": "x45dba26-6709a1ae06316477-21d4-4e00-b4e7-a384d7cd205278",
        "calendarDate": "2024-10-12",
        "startTimeInSeconds": 1728684462,
        "durationInSeconds": 120,
        "startTimeOffsetInSeconds": 7254,
        "summaries": [
            {
                "summaryType": "heart_rate",
                "minValue": 73.0,
                "maxValue": 87.0,
                "avgValue": 78.0,
                "epochSummaries": {
                    "0": 82.0,
                    "1": 81.0,
                    "2": 81.0,
                    "3": 81.0,
                    "4": 82.0,
                    "5": 83.0,
                    "6": 84.0,
                    "7": 86.0,
                    "8": 86.0,
                    "9": 87.0,
                    "10": 86.0,
                    "11": 85.0,
                    "12": 84.0,
                    "13": 84.0,
                    "14": 85.0,
                    "15": 85.0,
                    "16": 84.0,
                    "17": 84.0,
                    "18": 84.0,
                    "19": 81.0,
                    "20": 76.0,
                    "21": 75.0,
                    "22": 74.0,
                    "23": 74.0,
                    "24": 74.0,
                    "25": 74.0,
                    "26": 74.0,
                    "27": 74.0,
                    "28": 74.0,
                    "29": 74.0,
                    "30": 74.0,
                    "31": 74.0,
                    "32": 74.0,
                    "33": 74.0,
                    "34": 75.0,
                    "35": 75.0,
                    "36": 76.0,
                    "37": 77.0,
                    "38": 78.0,
                    "39": 79.0,
                    "40": 80.0,
                    "41": 79.0,
                    "42": 79.0,
                    "43": 78.0,
                    "44": 77.0,
                    "45": 75.0,
                    "46": 74.0,
                    "47": 74.0,
                    "48": 74.0,
                    "49": 74.0,
                    "50": 74.0,
                    "51": 73.0,
                    "52": 74.0,
                    "53": 73.0,
                    "54": 74.0,
                    "55": 74.0,
                    "56": 75.0,
                    "57": 76.0,
                    "58": 78.0,
                    "59": 79.0,
                    "60": 79.0,
                    "61": 78.0,
                    "62": 78.0,
                    "63": 79.0,
                    "64": 79.0,
                    "65": 78.0,
                    "66": 78.0,
                    "67": 77.0,
                    "68": 76.0,
                    "69": 76.0,
                    "70": 76.0,
                    "71": 75.0,
                    "72": 75.0,
                    "73": 75.0,
                    "74": 75.0,
                    "75": 75.0,
                    "76": 75.0,
                    "77": 75.0,
                    "78": 75.0,
                    "79": 75.0,
                    "80": 75.0,
                    "81": 75.0,
                    "82": 75.0,
                    "83": 75.0,
                    "84": 75.0,
                    "85": 75.0,
                    "86": 76.0,
                    "87": 76.0,
                    "88": 78.0,
                    "89": 79.0,
                    "90": 80.0,
                    "91": 81.0,
                    "92": 80.0,
                    "93": 79.0,
                    "94": 79.0,
                    "95": 79.0,
                    "96": 78.0,
                    "97": 78.0,
                    "98": 79.0,
                    "99": 79.0,
                    "100": 80.0,
                    "101": 79.0,
                    "102": 79.0,
                    "103": 78.0,
                    "104": 76.0,
                    "105": 74.0,
                    "106": 74.0,
                    "107": 74.0,
                    "108": 75.0,
                    "109": 76.0,
                    "110": 77.0,
                    "111": 77.0,
                    "112": 77.0,
                    "113": 77.0,
                    "114": 77.0,
                    "115": 78.0,
                    "116": 79.0,
                    "117": 79.0,
                    "118": 80.0,
                    "119": 80.0,
                    "120": 80.0
                }
            },
            {
                "summaryType": "respiration",
                "minValue": 12.640000343322754,
                "maxValue": 15.729999542236328,
                "avgValue": 14.850000381469727,
                "epochSummaries": {
                    "0": 15.729999542236328,
                    "1": 15.729999542236328,
                    "2": 15.729999542236328,
                    "3": 15.729999542236328,
                    "4": 15.729999542236328,
                    "5": 15.569999694824219,
                    "6": 15.569999694824219,
                    "7": 15.569999694824219,
                    "8": 15.569999694824219,
                    "9": 15.470000267028809,
                    "10": 15.470000267028809,
                    "11": 15.470000267028809,
                    "12": 15.470000267028809,
                    "13": 15.520000457763672,
                    "14": 15.520000457763672,
                    "15": 15.520000457763672,
                    "16": 15.520000457763672,
                    "17": 15.640000343322754,
                    "18": 15.640000343322754,
                    "19": 15.640000343322754,
                    "20": 15.640000343322754,
                    "21": 15.630000114440918,
                    "22": 15.630000114440918,
                    "23": 15.630000114440918,
                    "24": 15.630000114440918,
                    "25": 15.539999961853027,
                    "26": 15.539999961853027,
                    "27": 15.539999961853027,
                    "28": 15.539999961853027,
                    "29": 15.539999961853027,
                    "30": 15.329999923706055,
                    "31": 15.329999923706055,
                    "32": 15.329999923706055,
                    "33": 15.329999923706055,
                    "34": 15.270000457763672,
                    "35": 15.270000457763672,
                    "36": 15.270000457763672,
                    "37": 15.270000457763672,
                    "38": 15.229999542236328,
                    "39": 15.229999542236328,
                    "40": 15.229999542236328,
                    "41": 15.229999542236328,
                    "42": 15.229999542236328,
                    "43": 15.229999542236328,
                    "44": 15.229999542236328,
                    "45": 15.229999542236328,
                    "46": 15.229999542236328,
                    "47": 15.229999542236328,
                    "48": 15.229999542236328,
                    "49": 15.229999542236328,
                    "50": 14.9399995803833,
                    "51": 15.119999885559082,
                    "52": 15.119999885559082,
                    "53": 15.119999885559082,
                    "54": 15.119999885559082,
                    "55": 15.119999885559082,
                    "56": 14.770000457763672,
                    "57": 14.770000457763672,
                    "58": 14.770000457763672,
                    "59": 14.770000457763672,
                    "60": 15.199999809265137,
                    "61": 15.199999809265137,
                    "62": 15.199999809265137,
                    "63": 15.260000228881836,
                    "64": 15.260000228881836,
                    "65": 15.260000228881836,
                    "66": 15.260000228881836,
                    "67": 15.170000076293945,
                    "68": 15.170000076293945,
                    "69": 15.170000076293945,
                    "70": 15.170000076293945,
                    "71": 15.170000076293945,
                    "72": 14.850000381469727,
                    "73": 14.850000381469727,
                    "74": 14.850000381469727,
                    "75": 14.850000381469727,
                    "76": 14.850000381469727,
                    "77": 14.850000381469727,
                    "78": 14.850000381469727,
                    "79": 14.539999961853027,
                    "80": 14.539999961853027,
                    "81": 14.539999961853027,
                    "82": 14.539999961853027,
                    "83": 14.539999961853027,
                    "84": 14.539999961853027,
                    "85": 14.539999961853027,
                    "86": 14.390000343322754,
                    "87": 14.390000343322754,
                    "88": 14.390000343322754,
                    "89": 14.220000267028809,
                    "90": 14.220000267028809,
                    "91": 14.220000267028809,
                    "92": 14.220000267028809,
                    "93": 14.149999618530273,
                    "94": 14.149999618530273,
                    "95": 14.149999618530273,
                    "96": 14.149999618530273,
                    "97": 14.149999618530273,
                    "98": 14.149999618530273,
                    "99": 13.930000305175781,
                    "100": 13.930000305175781,
                    "101": 13.930000305175781,
                    "102": 13.930000305175781,
                    "103": 13.930000305175781,
                    "104": 13.800000190734863,
                    "105": 13.800000190734863,
                    "106": 13.800000190734863,
                    "107": 13.800000190734863,
                    "108": 13.800000190734863,
                    "109": 13.649999618530273,
                    "110": 13.649999618530273,
                    "111": 13.649999618530273,
                    "112": 13.649999618530273,
                    "113": 13.6899995803833,
                    "114": 13.6899995803833,
                    "115": 13.6899995803833,
                    "116": 13.6899995803833,
                    "117": 13.6899995803833,
                    "118": 13.6899995803833,
                    "119": 13.6899995803833,
                    "120": 12.640000343322754
                }
            },
            {
                "summaryType": "stress",
                "minValue": 30.0,
                "maxValue": 80.0,
                "avgValue": 47.0,
                "epochSummaries": {
                    "0": 79.0,
                    "1": 79.0,
                    "2": 79.0,
                    "3": 80.0,
                    "4": 80.0,
                    "5": 80.0,
                    "6": 80.0,
                    "7": 80.0,
                    "8": 79.0,
                    "9": 79.0,
                    "10": 79.0,
                    "11": 79.0,
                    "12": 79.0,
                    "13": 77.0,
                    "14": 77.0,
                    "15": 77.0,
                    "16": 77.0,
                    "17": 77.0,
                    "18": 69.0,
                    "19": 69.0,
                    "20": 69.0,
                    "21": 69.0,
                    "22": 69.0,
                    "23": 61.0,
                    "24": 61.0,
                    "25": 61.0,
                    "26": 61.0,
                    "27": 61.0,
                    "28": 53.0,
                    "29": 53.0,
                    "30": 53.0,
                    "31": 53.0,
                    "32": 53.0,
                    "33": 46.0,
                    "34": 46.0,
                    "35": 46.0,
                    "36": 46.0,
                    "37": 46.0,
                    "38": 42.0,
                    "39": 42.0,
                    "40": 42.0,
                    "41": 42.0,
                    "42": 42.0,
                    "43": 41.0,
                    "44": 41.0,
                    "45": 41.0,
                    "46": 41.0,
                    "47": 41.0,
                    "48": 45.0,
                    "49": 45.0,
                    "50": 45.0,
                    "51": 45.0,
                    "52": 45.0,
                    "53": 43.0,
                    "54": 43.0,
                    "55": 43.0,
                    "56": 43.0,
                    "57": 43.0,
                    "58": 43.0,
                    "59": 43.0,
                    "60": 43.0,
                    "61": 43.0,
                    "62": 43.0,
                    "63": 42.0,
                    "64": 42.0,
                    "65": 42.0,
                    "66": 42.0,
                    "67": 42.0,
                    "68": 39.0,
                    "69": 39.0,
                    "70": 39.0,
                    "71": 39.0,
                    "72": 39.0,
                    "73": 34.0,
                    "74": 34.0,
                    "75": 34.0,
                    "76": 34.0,
                    "77": 34.0,
                    "78": 30.0,
                    "79": 30.0,
                    "80": 30.0,
                    "81": 30.0,
                    "82": 30.0,
                    "83": 30.0,
                    "84": 30.0,
                    "85": 30.0,
                    "86": 30.0,
                    "87": 30.0,
                    "88": 31.0,
                    "89": 31.0,
                    "90": 31.0,
                    "91": 31.0,
                    "92": 31.0,
                    "93": 34.0,
                    "94": 34.0,
                    "95": 34.0,
                    "96": 34.0,
                    "97": 34.0,
                    "98": 36.0,
                    "99": 36.0,
                    "100": 36.0,
                    "101": 36.0,
                    "102": 36.0,
                    "103": 37.0,
                    "104": 37.0,
                    "105": 37.0,
                    "106": 37.0,
                    "107": 37.0,
                    "108": 39.0,
                    "109": 39.0,
                    "110": 39.0,
                    "111": 39.0,
                    "112": 39.0,
                    "113": 41.0,
                    "114": 41.0,
                    "115": 41.0,
                    "116": 41.0,
                    "117": 41.0,
                    "118": 41.0,
                    "119": 41.0,
                    "120": 41.0
                }
            },
            {
                "summaryType": "spo2",
                "minValue": 92.0,
                "maxValue": 95.0,
                "avgValue": 93.0,
                "epochSummaries": {
                    "0": 95.0,
                    "1": 95.0,
                    "2": 95.0,
                    "3": 95.0,
                    "4": 95.0,
                    "5": 95.0,
                    "6": 95.0,
                    "7": 95.0,
                    "8": 95.0,
                    "9": 95.0,
                    "10": 95.0,
                    "11": 95.0,
                    "12": 94.0,
                    "13": 94.0,
                    "14": 93.0,
                    "15": 93.0,
                    "16": 93.0,
                    "17": 93.0,
                    "18": 93.0,
                    "19": 93.0,
                    "20": 93.0,
                    "21": 93.0,
                    "22": 93.0,
                    "23": 93.0,
                    "24": 93.0,
                    "25": 93.0,
                    "26": 93.0,
                    "27": 93.0,
                    "28": 93.0,
                    "29": 93.0,
                    "30": 93.0,
                    "31": 93.0,
                    "32": 93.0,
                    "33": 93.0,
                    "34": 93.0,
                    "35": 93.0,
                    "36": 93.0,
                    "37": 93.0,
                    "38": 93.0,
                    "39": 93.0,
                    "40": 93.0,
                    "41": 93.0,
                    "42": 93.0,
                    "43": 93.0,
                    "44": 93.0,
                    "45": 93.0,
                    "46": 93.0,
                    "47": 93.0,
                    "48": 94.0,
                    "49": 94.0,
                    "50": 94.0,
                    "51": 94.0,
                    "52": 94.0,
                    "53": 94.0,
                    "54": 94.0,
                    "55": 94.0,
                    "56": 94.0,
                    "57": 94.0,
                    "58": 94.0,
                    "59": 94.0,
                    "60": 94.0,
                    "61": 94.0,
                    "62": 94.0,
                    "63": 94.0,
                    "64": 94.0,
                    "65": 94.0,
                    "66": 94.0,
                    "67": 94.0,
                    "68": 94.0,
                    "69": 94.0,
                    "70": 94.0,
                    "71": 94.0,
                    "72": 94.0,
                    "73": 94.0,
                    "74": 94.0,
                    "75": 93.0,
                    "76": 93.0,
                    "77": 93.0,
                    "78": 93.0,
                    "79": 93.0,
                    "80": 93.0,
                    "81": 93.0,
                    "82": 93.0,
                    "83": 93.0,
                    "84": 93.0,
                    "85": 93.0,
                    "86": 93.0,
                    "87": 93.0,
                    "88": 93.0,
                    "89": 93.0,
                    "90": 93.0,
                    "91": 93.0,
                    "92": 93.0,
                    "93": 93.0,
                    "94": 93.0,
                    "95": 93.0,
                    "96": 93.0,
                    "97": 92.0,
                    "98": 92.0,
                    "99": 92.0,
                    "100": 92.0,
                    "101": 92.0,
                    "102": 92.0,
                    "103": 93.0,
                    "104": 93.0,
                    "105": 93.0,
                    "106": 93.0,
                    "107": 93.0,
                    "108": 93.0,
                    "109": 93.0,
                    "110": 93.0,
                    "111": 93.0,
                    "112": 93.0,
                    "113": 93.0,
                    "114": 93.0,
                    "115": 93.0,
                    "116": 93.0,
                    "117": 93.0,
                    "118": 93.0,
                    "119": 93.0,
                    "120": 93.0
                }
            },
            {
                "summaryType": "rmssd_hrv",
                "avgValue": 43.0
            },
            {
                "summaryType": "sdrr_hrv",
                "avgValue": 52.0
            }
        ]
    },
    {
        "userId": "49d85c6a-b8f8-4787-95fa-f145553e59a9",
        "userAccessToken": "7b64f2c3-1572-407f-ac1a-ea3ef127ff2c",
        "summaryId": "x45dba26-670a28051046fee0-31ba-4d5e-875c-64e70be2d8c578",
        "calendarDate": "2024-10-12",
        "startTimeInSeconds": 1728718853,
        "durationInSeconds": 120,
        "startTimeOffsetInSeconds": 7254,
        "summaries": [
            {
                "summaryType": "heart_rate",
                "minValue": 53.0,
                "maxValue": 96.0,
                "avgValue": 77.0,
                "epochSummaries": {
                    "0": 96.0,
                    "1": 96.0,
                    "2": 96.0,
                    "3": 95.0,
                    "4": 94.0,
                    "5": 95.0,
                    "6": 94.0,
                    "7": 94.0,
                    "8": 95.0,
                    "9": 95.0,
                    "10": 93.0,
                    "11": 90.0,
                    "12": 89.0,
                    "13": 88.0,
                    "14": 85.0,
                    "15": 82.0,
                    "16": 81.0,
                    "17": 80.0,
                    "18": 79.0,
                    "19": 79.0,
                    "20": 66.0,
                    "21": 58.0,
                    "22": 55.0,
                    "23": 55.0,
                    "24": 54.0,
                    "25": 53.0,
                    "26": 53.0,
                    "27": 53.0,
                    "28": 54.0,
                    "29": 54.0,
                    "30": 54.0,
                    "31": 53.0,
                    "32": 53.0,
                    "33": 53.0,
                    "34": 53.0,
                    "35": 53.0,
                    "36": 54.0,
                    "37": 54.0,
                    "38": 55.0,
                    "39": 55.0,
                    "40": 55.0,
                    "41": 56.0,
                    "42": 56.0,
                    "43": 57.0,
                    "44": 59.0,
                    "45": 60.0,
                    "46": 62.0,
                    "47": 64.0,
                    "48": 68.0,
                    "49": 74.0,
                    "50": 79.0,
                    "51": 79.0,
                    "52": 79.0,
                    "53": 78.0,
                    "54": 77.0,
                    "55": 77.0,
                    "56": 78.0,
                    "57": 79.0,
                    "58": 79.0,
                    "59": 81.0,
                    "60": 83.0,
                    "61": 83.0,
                    "62": 84.0,
                    "63": 84.0,
                    "64": 84.0,
                    "65": 84.0,
                    "66": 84.0,
                    "67": 85.0,
                    "68": 85.0,
                    "69": 85.0,
                    "70": 84.0,
                    "71": 84.0,
                    "72": 84.0,
                    "73": 78.0,
                    "74": 76.0,
                    "75": 77.0,
                    "76": 79.0,
                    "77": 81.0,
                    "78": 85.0,
                    "79": 87.0,
                    "80": 87.0,
                    "81": 87.0,
                    "82": 86.0,
                    "83": 85.0,
                    "84": 83.0,
                    "85": 86.0,
                    "86": 86.0,
                    "87": 86.0,
                    "88": 86.0,
                    "89": 86.0,
                    "90": 85.0,
                    "91": 85.0,
                    "92": 85.0,
                    "93": 85.0,
                    "94": 85.0,
                    "95": 85.0,
                    "96": 85.0,
                    "97": 84.0,
                    "98": 84.0,
                    "99": 83.0,
                    "100": 81.0,
                    "101": 78.0,
                    "102": 73.0,
                    "103": 66.0,
                    "104": 63.0,
                    "105": 62.0,
                    "106": 62.0,
                    "107": 65.0,
                    "108": 72.0,
                    "109": 88.0,
                    "110": 89.0,
                    "111": 88.0,
                    "112": 88.0,
                    "113": 86.0,
                    "114": 86.0,
                    "115": 86.0,
                    "116": 86.0,
                    "117": 86.0,
                    "118": 86.0,
                    "119": 85.0,
                    "120": 85.0
                }
            },
            {
                "summaryType": "respiration",
                "minValue": 13.739999771118164,
                "maxValue": 15.359999656677246,
                "avgValue": 14.609999656677246,
                "epochSummaries": {
                    "0": 15.239999771118164,
                    "1": 15.350000381469727,
                    "2": 15.350000381469727,
                    "3": 15.350000381469727,
                    "4": 15.350000381469727,
                    "5": 15.350000381469727,
                    "6": 15.350000381469727,
                    "7": 15.350000381469727,
                    "8": 15.109999656677246,
                    "9": 15.109999656677246,
                    "10": 15.109999656677246,
                    "11": 15.109999656677246,
                    "12": 15.109999656677246,
                    "13": 15.109999656677246,
                    "14": 15.109999656677246,
                    "15": 15.109999656677246,
                    "16": 15.279999732971191,
                    "17": 15.279999732971191,
                    "18": 15.289999961853027,
                    "19": 15.289999961853027,
                    "20": 15.289999961853027,
                    "21": 15.289999961853027,
                    "22": 15.289999961853027,
                    "23": 15.1899995803833,
                    "24": 15.1899995803833,
                    "25": 15.1899995803833,
                    "26": 15.359999656677246,
                    "27": 15.359999656677246,
                    "28": 15.359999656677246,
                    "29": 15.359999656677246,
                    "30": 15.359999656677246,
                    "31": 15.359999656677246,
                    "32": 15.34000015258789,
                    "33": 15.34000015258789,
                    "34": 15.34000015258789,
                    "35": 15.34000015258789,
                    "36": 15.34000015258789,
                    "37": 15.34000015258789,
                    "38": 15.130000114440918,
                    "39": 15.130000114440918,
                    "40": 15.079999923706055,
                    "41": 15.079999923706055,
                    "42": 15.079999923706055,
                    "43": 15.079999923706055,
                    "44": 14.699999809265137,
                    "45": 14.699999809265137,
                    "46": 14.699999809265137,
                    "47": 14.699999809265137,
                    "48": 14.729999542236328,
                    "49": 14.729999542236328,
                    "50": 14.729999542236328,
                    "51": 14.729999542236328,
                    "52": 14.729999542236328,
                    "53": 14.729999542236328,
                    "54": 14.729999542236328,
                    "55": 14.729999542236328,
                    "56": 14.300000190734863,
                    "57": 14.300000190734863,
                    "58": 14.300000190734863,
                    "59": 14.300000190734863,
                    "60": 14.300000190734863,
                    "61": 14.300000190734863,
                    "62": 14.300000190734863,
                    "63": 14.300000190734863,
                    "64": 14.300000190734863,
                    "65": 14.34000015258789,
                    "66": 14.34000015258789,
                    "67": 14.34000015258789,
                    "68": 14.34000015258789,
                    "69": 13.970000267028809,
                    "70": 13.970000267028809,
                    "71": 13.970000267028809,
                    "72": 13.970000267028809,
                    "73": 13.970000267028809,
                    "74": 13.970000267028809,
                    "75": 14.199999809265137,
                    "76": 14.199999809265137,
                    "77": 14.199999809265137,
                    "78": 14.350000381469727,
                    "79": 14.350000381469727,
                    "80": 14.350000381469727,
                    "81": 14.350000381469727,
                    "82": 14.350000381469727,
                    "83": 14.350000381469727,
                    "84": 14.109999656677246,
                    "85": 14.109999656677246,
                    "86": 14.109999656677246,
                    "87": 14.109999656677246,
                    "88": 14.109999656677246,
                    "89": 14.109999656677246,
                    "90": 14.109999656677246,
                    "91": 14.109999656677246,
                    "92": 14.109999656677246,
                    "93": 14.109999656677246,
                    "94": 14.109999656677246,
                    "95": 14.109999656677246,
                    "96": 14.109999656677246,
                    "97": 14.109999656677246,
                    "98": 14.109999656677246,
                    "99": 14.109999656677246,
                    "100": 14.109999656677246,
                    "101": 14.109999656677246,
                    "102": 14.210000038146973,
                    "103": 14.210000038146973,
                    "104": 14.210000038146973,
                    "105": 14.210000038146973,
                    "106": 14.210000038146973,
                    "107": 14.210000038146973,
                    "108": 14.210000038146973,
                    "109": 14.210000038146973,
                    "110": 14.210000038146973,
                    "111": 13.920000076293945,
                    "112": 13.920000076293945,
                    "113": 13.920000076293945,
                    "114": 13.920000076293945,
                    "115": 14.010000228881836,
                    "116": 14.010000228881836,
                    "117": 14.010000228881836,
                    "118": 14.010000228881836,
                    "119": 14.010000228881836,
                    "120": 13.739999771118164
                }
            },
            {
                "summaryType": "stress",
                "minValue": 25.0,
                "maxValue": 83.0,
                "avgValue": 61.0,
                "epochSummaries": {
                    "0": 77.0,
                    "1": 77.0,
                    "2": 79.0,
                    "3": 79.0,
                    "4": 79.0,
                    "5": 79.0,
                    "6": 79.0,
                    "7": 80.0,
                    "8": 80.0,
                    "9": 80.0,
                    "10": 80.0,
                    "11": 80.0,
                    "12": 80.0,
                    "13": 80.0,
                    "14": 80.0,
                    "15": 80.0,
                    "16": 80.0,
                    "17": 82.0,
                    "18": 82.0,
                    "19": 82.0,
                    "20": 82.0,
                    "21": 82.0,
                    "22": 83.0,
                    "23": 83.0,
                    "24": 83.0,
                    "25": 83.0,
                    "26": 83.0,
                    "27": 73.0,
                    "28": 73.0,
                    "29": 73.0,
                    "30": 73.0,
                    "31": 73.0,
                    "32": 60.0,
                    "33": 60.0,
                    "34": 60.0,
                    "35": 60.0,
                    "36": 60.0,
                    "37": 48.0,
                    "38": 48.0,
                    "39": 48.0,
                    "40": 48.0,
                    "41": 48.0,
                    "42": 37.0,
                    "43": 37.0,
                    "44": 37.0,
                    "45": 37.0,
                    "46": 37.0,
                    "47": 33.0,
                    "48": 33.0,
                    "49": 33.0,
                    "50": 33.0,
                    "51": 33.0,
                    "52": 25.0,
                    "53": 25.0,
                    "54": 25.0,
                    "55": 25.0,
                    "56": 25.0,
                    "57": 28.0,
                    "58": 28.0,
                    "59": 28.0,
                    "60": 28.0,
                    "61": 28.0,
                    "62": 39.0,
                    "63": 39.0,
                    "64": 39.0,
                    "65": 39.0,
                    "66": 39.0,
                    "67": 50.0,
                    "68": 50.0,
                    "69": 50.0,
                    "70": 50.0,
                    "71": 50.0,
                    "72": 62.0,
                    "73": 62.0,
                    "74": 62.0,
                    "75": 62.0,
                    "76": 62.0,
                    "77": 63.0,
                    "78": 63.0,
                    "79": 63.0,
                    "80": 63.0,
                    "81": 63.0,
                    "82": 63.0,
                    "83": 63.0,
                    "84": 63.0,
                    "85": 63.0,
                    "86": 63.0,
                    "87": 65.0,
                    "88": 65.0,
                    "89": 65.0,
                    "90": 65.0,
                    "91": 65.0,
                    "92": 64.0,
                    "93": 64.0,
                    "94": 64.0,
                    "95": 64.0,
                    "96": 64.0,
                    "97": 66.0,
                    "98": 66.0,
                    "99": 66.0,
                    "100": 66.0,
                    "101": 66.0,
                    "102": 66.0,
                    "103": 66.0,
                    "104": 66.0,
                    "105": 66.0,
                    "106": 66.0,
                    "107": 67.0,
                    "108": 67.0,
                    "109": 67.0,
                    "110": 67.0,
                    "111": 67.0,
                    "112": 70.0,
                    "113": 70.0,
                    "114": 70.0,
                    "115": 70.0,
                    "116": 70.0,
                    "117": 69.0,
                    "118": 69.0,
                    "119": 69.0,
                    "120": 69.0
                }
            },
            {
                "summaryType": "spo2",
                "minValue": 95.0,
                "maxValue": 99.0,
                "avgValue": 97.0,
                "epochSummaries": {
                    "0": 96.0,
                    "1": 96.0,
                    "2": 96.0,
                    "3": 96.0,
                    "4": 96.0,
                    "5": 96.0,
                    "6": 96.0,
                    "7": 96.0,
                    "8": 96.0,
                    "9": 96.0,
                    "10": 96.0,
                    "11": 96.0,
                    "12": 96.0,
                    "13": 96.0,
                    "14": 96.0,
                    "15": 96.0,
                    "16": 96.0,
                    "17": 96.0,
                    "18": 96.0,
                    "19": 96.0,
                    "20": 96.0,
                    "21": 96.0,
                    "22": 96.0,
                    "23": 97.0,
                    "24": 97.0,
                    "25": 97.0,
                    "26": 97.0,
                    "27": 97.0,
                    "28": 97.0,
                    "29": 97.0,
                    "30": 97.0,
                    "31": 97.0,
                    "32": 97.0,
                    "33": 97.0,
                    "34": 97.0,
                    "35": 97.0,
                    "36": 97.0,
                    "37": 97.0,
                    "38": 98.0,
                    "39": 98.0,
                    "40": 98.0,
                    "41": 98.0,
                    "42": 98.0,
                    "43": 98.0,
                    "44": 98.0,
                    "45": 98.0,
                    "46": 98.0,
                    "47": 98.0,
                    "48": 98.0,
                    "49": 98.0,
                    "50": 98.0,
                    "51": 98.0,
                    "52": 98.0,
                    "53": 98.0,
                    "54": 98.0,
                    "55": 98.0,
                    "56": 98.0,
                    "57": 98.0,
                    "58": 98.0,
                    "59": 98.0,
                    "60": 98.0,
                    "61": 98.0,
                    "62": 98.0,
                    "63": 98.0,
                    "64": 98.0,
                    "65": 98.0,
                    "66": 98.0,
                    "67": 98.0,
                    "68": 98.0,
                    "69": 98.0,
                    "70": 97.0,
                    "71": 97.0,
                    "72": 96.0,
                    "73": 96.0,
                    "74": 96.0,
                    "75": 96.0,
                    "76": 96.0,
                    "77": 96.0,
                    "78": 96.0,
                    "79": 96.0,
                    "80": 96.0,
                    "81": 96.0,
                    "82": 96.0,
                    "83": 96.0,
                    "84": 96.0,
                    "85": 96.0,
                    "86": 96.0,
                    "87": 97.0,
                    "88": 97.0,
                    "89": 98.0,
                    "90": 98.0,
                    "91": 99.0,
                    "92": 99.0,
                    "93": 99.0,
                    "94": 99.0,
                    "95": 99.0,
                    "96": 99.0,
                    "97": 99.0,
                    "98": 99.0,
                    "99": 99.0,
                    "100": 99.0,
                    "101": 99.0,
                    "102": 99.0,
                    "103": 99.0,
                    "104": 99.0,
                    "105": 99.0,
                    "106": 98.0,
                    "107": 98.0,
                    "108": 97.0,
                    "109": 97.0,
                    "110": 96.0,
                    "111": 96.0,
                    "112": 96.0,
                    "113": 96.0,
                    "114": 96.0,
                    "115": 95.0,
                    "116": 95.0,
                    "117": 95.0,
                    "118": 95.0,
                    "119": 95.0,
                    "120": 95.0
                }
            },
            {
                "summaryType": "rmssd_hrv",
                "avgValue": 80.0
            },
            {
                "summaryType": "sdrr_hrv",
                "avgValue": 144.0
            }
        ]
    },
    {
        "userId": "49d85c6a-b8f8-4787-95fa-f145553e59a9",
        "userAccessToken": "7b64f2c3-1572-407f-ac1a-ea3ef127ff2c",
        "summaryId": "x45dba26-670a288e0a48bb2d-6e7c-4747-90e1-541c2f5c112078",
        "calendarDate": "2024-10-12",
        "startTimeInSeconds": 1728718990,
        "durationInSeconds": 120,
        "startTimeOffsetInSeconds": 7254,
        "summaries": [
            {
                "summaryType": "heart_rate",
                "minValue": 68.0,
                "maxValue": 90.0,
                "avgValue": 80.0,
                "epochSummaries": {
                    "0": 82.0,
                    "1": 82.0,
                    "2": 82.0,
                    "3": 82.0,
                    "4": 82.0,
                    "5": 82.0,
                    "6": 82.0,
                    "7": 81.0,
                    "8": 84.0,
                    "9": 83.0,
                    "10": 82.0,
                    "11": 86.0,
                    "12": 89.0,
                    "13": 87.0,
                    "14": 85.0,
                    "15": 82.0,
                    "16": 80.0,
                    "17": 79.0,
                    "18": 78.0,
                    "19": 78.0,
                    "20": 77.0,
                    "21": 76.0,
                    "22": 75.0,
                    "23": 74.0,
                    "24": 75.0,
                    "25": 75.0,
                    "26": 75.0,
                    "27": 75.0,
                    "28": 75.0,
                    "29": 75.0,
                    "30": 75.0,
                    "31": 74.0,
                    "32": 72.0,
                    "33": 72.0,
                    "34": 72.0,
                    "35": 73.0,
                    "36": 73.0,
                    "37": 74.0,
                    "38": 73.0,
                    "39": 73.0,
                    "40": 74.0,
                    "41": 74.0,
                    "42": 74.0,
                    "43": 73.0,
                    "44": 73.0,
                    "45": 72.0,
                    "46": 69.0,
                    "47": 68.0,
                    "48": 69.0,
                    "49": 69.0,
                    "50": 70.0,
                    "51": 71.0,
                    "52": 74.0,
                    "53": 76.0,
                    "54": 77.0,
                    "55": 78.0,
                    "56": 78.0,
                    "57": 79.0,
                    "58": 79.0,
                    "59": 79.0,
                    "60": 79.0,
                    "61": 80.0,
                    "62": 80.0,
                    "63": 81.0,
                    "64": 80.0,
                    "65": 80.0,
                    "66": 79.0,
                    "67": 79.0,
                    "68": 79.0,
                    "69": 78.0,
                    "70": 79.0,
                    "71": 79.0,
                    "72": 80.0,
                    "73": 80.0,
                    "74": 82.0,
                    "75": 83.0,
                    "76": 82.0,
                    "77": 81.0,
                    "78": 81.0,
                    "79": 81.0,
                    "80": 81.0,
                    "81": 81.0,
                    "82": 80.0,
                    "83": 80.0,
                    "84": 81.0,
                    "85": 81.0,
                    "86": 81.0,
                    "87": 81.0,
                    "88": 81.0,
                    "89": 81.0,
                    "90": 81.0,
                    "91": 82.0,
                    "92": 81.0,
                    "93": 82.0,
                    "94": 81.0,
                    "95": 82.0,
                    "96": 81.0,
                    "97": 82.0,
                    "98": 82.0,
                    "99": 81.0,
                    "100": 83.0,
                    "101": 84.0,
                    "102": 84.0,
                    "103": 85.0,
                    "104": 85.0,
                    "105": 86.0,
                    "106": 86.0,
                    "107": 86.0,
                    "108": 87.0,
                    "109": 87.0,
                    "110": 87.0,
                    "111": 87.0,
                    "112": 87.0,
                    "113": 87.0,
                    "114": 87.0,
                    "115": 88.0,
                    "116": 88.0,
                    "117": 88.0,
                    "118": 89.0,
                    "119": 89.0,
                    "120": 90.0
                }
            },
            {
                "summaryType": "respiration",
                "minValue": 12.90999984741211,
                "maxValue": 15.359999656677246,
                "avgValue": 14.520000457763672,
                "epochSummaries": {
                    "0": 14.619999885559082,
                    "1": 14.619999885559082,
                    "2": 14.739999771118164,
                    "3": 14.739999771118164,
                    "4": 14.739999771118164,
                    "5": 14.739999771118164,
                    "6": 14.739999771118164,
                    "7": 14.489999771118164,
                    "8": 14.489999771118164,
                    "9": 14.489999771118164,
                    "10": 14.489999771118164,
                    "11": 14.5600004196167,
                    "12": 14.5600004196167,
                    "13": 14.5600004196167,
                    "14": 14.5600004196167,
                    "15": 14.5600004196167,
                    "16": 14.5600004196167,
                    "17": 14.5600004196167,
                    "18": 14.329999923706055,
                    "19": 14.329999923706055,
                    "20": 14.329999923706055,
                    "21": 14.15999984741211,
                    "22": 14.15999984741211,
                    "23": 14.15999984741211,
                    "24": 14.15999984741211,
                    "25": 14.15999984741211,
                    "26": 14.15999984741211,
                    "27": 14.15999984741211,
                    "28": 14.15999984741211,
                    "29": 14.260000228881836,
                    "30": 14.260000228881836,
                    "31": 14.260000228881836,
                    "32": 14.260000228881836,
                    "33": 14.199999809265137,
                    "34": 14.199999809265137,
                    "35": 14.199999809265137,
                    "36": 14.199999809265137,
                    "37": 14.25,
                    "38": 14.25,
                    "39": 14.25,
                    "40": 14.25,
                    "41": 14.25,
                    "42": 14.279999732971191,
                    "43": 14.279999732971191,
                    "44": 14.279999732971191,
                    "45": 14.279999732971191,
                    "46": 14.279999732971191,
                    "47": 14.279999732971191,
                    "48": 14.279999732971191,
                    "49": 14.279999732971191,
                    "50": 14.279999732971191,
                    "51": 15.029999732971191,
                    "52": 15.260000228881836,
                    "53": 15.260000228881836,
                    "54": 15.260000228881836,
                    "55": 15.260000228881836,
                    "56": 15.260000228881836,
                    "57": 15.359999656677246,
                    "58": 15.359999656677246,
                    "59": 15.359999656677246,
                    "60": 15.359999656677246,
                    "61": 15.359999656677246,
                    "62": 15.359999656677246,
                    "63": 15.359999656677246,
                    "64": 15.109999656677246,
                    "65": 15.109999656677246,
                    "66": 15.109999656677246,
                    "67": 15.109999656677246,
                    "68": 15.109999656677246,
                    "69": 15.109999656677246,
                    "70": 15.109999656677246,
                    "71": 15.109999656677246,
                    "72": 15.109999656677246,
                    "73": 15.109999656677246,
                    "74": 15.109999656677246,
                    "75": 15.100000381469727,
                    "76": 15.100000381469727,
                    "77": 14.770000457763672,
                    "78": 14.600000381469727,
                    "79": 14.600000381469727,
                    "80": 14.600000381469727,
                    "81": 14.600000381469727,
                    "82": 14.600000381469727,
                    "83": 14.600000381469727,
                    "84": 14.600000381469727,
                    "85": 14.600000381469727,
                    "86": 14.600000381469727,
                    "87": 14.289999961853027,
                    "88": 14.289999961853027,
                    "89": 14.359999656677246,
                    "90": 14.359999656677246,
                    "91": 14.359999656677246,
                    "92": 14.359999656677246,
                    "93": 14.359999656677246,
                    "94": 14.359999656677246,
                    "95": 14.079999923706055,
                    "96": 14.079999923706055,
                    "97": 14.079999923706055,
                    "98": 14.079999923706055,
                    "99": 14.140000343322754,
                    "100": 14.140000343322754,
                    "101": 14.140000343322754,
                    "102": 14.140000343322754,
                    "103": 14.140000343322754,
                    "104": 14.140000343322754,
                    "105": 14.210000038146973,
                    "106": 14.279999732971191,
                    "107": 14.279999732971191,
                    "108": 14.279999732971191,
                    "109": 14.279999732971191,
                    "110": 14.279999732971191,
                    "111": 14.279999732971191,
                    "112": 14.279999732971191,
                    "113": 14.279999732971191,
                    "114": 14.279999732971191,
                    "115": 14.279999732971191,
                    "116": 14.279999732971191,
                    "117": 14.279999732971191,
                    "118": 14.279999732971191,
                    "119": 14.279999732971191,
                    "120": 12.90999984741211
                }
            },
            {
                "summaryType": "stress",
                "minValue": 44.0,
                "maxValue": 68.0,
                "avgValue": 56.0,
                "epochSummaries": {
                    "0": 68.0,
                    "1": 68.0,
                    "2": 68.0,
                    "3": 68.0,
                    "4": 68.0,
                    "5": 66.0,
                    "6": 66.0,
                    "7": 66.0,
                    "8": 66.0,
                    "9": 66.0,
                    "10": 68.0,
                    "11": 68.0,
                    "12": 68.0,
                    "13": 68.0,
                    "14": 68.0,
                    "15": 64.0,
                    "16": 64.0,
                    "17": 64.0,
                    "18": 64.0,
                    "19": 64.0,
                    "20": 62.0,
                    "21": 62.0,
                    "22": 62.0,
                    "23": 62.0,
                    "24": 62.0,
                    "25": 59.0,
                    "26": 59.0,
                    "27": 59.0,
                    "28": 59.0,
                    "29": 59.0,
                    "30": 55.0,
                    "31": 55.0,
                    "32": 55.0,
                    "33": 55.0,
                    "34": 55.0,
                    "35": 50.0,
                    "36": 50.0,
                    "37": 50.0,
                    "38": 50.0,
                    "39": 50.0,
                    "40": 46.0,
                    "41": 46.0,
                    "42": 46.0,
                    "43": 46.0,
                    "44": 46.0,
                    "45": 46.0,
                    "46": 46.0,
                    "47": 46.0,
                    "48": 46.0,
                    "49": 46.0,
                    "50": 46.0,
                    "51": 46.0,
                    "52": 46.0,
                    "53": 46.0,
                    "54": 46.0,
                    "55": 45.0,
                    "56": 45.0,
                    "57": 45.0,
                    "58": 45.0,
                    "59": 45.0,
                    "60": 44.0,
                    "61": 44.0,
                    "62": 44.0,
                    "63": 44.0,
                    "64": 44.0,
                    "65": 48.0,
                    "66": 48.0,
                    "67": 48.0,
                    "68": 48.0,
                    "69": 48.0,
                    "70": 51.0,
                    "71": 51.0,
                    "72": 51.0,
                    "73": 51.0,
                    "74": 51.0,
                    "75": 55.0,
                    "76": 55.0,
                    "77": 55.0,
                    "78": 55.0,
                    "79": 55.0,
                    "80": 55.0,
                    "81": 55.0,
                    "82": 55.0,
                    "83": 55.0,
                    "84": 55.0,
                    "85": 60.0,
                    "86": 60.0,
                    "87": 60.0,
                    "88": 60.0,
                    "89": 60.0,
                    "90": 65.0,
                    "91": 65.0,
                    "92": 65.0,
                    "93": 65.0,
                    "94": 65.0,
                    "95": 65.0,
                    "96": 65.0,
                    "97": 65.0,
                    "98": 65.0,
                    "99": 65.0,
                    "100": 61.0,
                    "101": 61.0,
                    "102": 61.0,
                    "103": 61.0,
                    "104": 61.0,
                    "105": 61.0,
                    "106": 61.0,
                    "107": 61.0,
                    "108": 61.0,
                    "109": 61.0,
                    "110": 59.0,
                    "111": 59.0,
                    "112": 59.0,
                    "113": 59.0,
                    "114": 59.0,
                    "115": 53.0,
                    "116": 53.0,
                    "117": 53.0,
                    "118": 53.0,
                    "119": 53.0,
                    "120": 54.0
                }
            },
            {
                "summaryType": "spo2",
                "minValue": 94.0,
                "maxValue": 97.0,
                "avgValue": 95.0,
                "epochSummaries": {
                    "1": 95.0,
                    "2": 95.0,
                    "3": 95.0,
                    "4": 95.0,
                    "5": 95.0,
                    "6": 95.0,
                    "7": 95.0,
                    "8": 95.0,
                    "9": 95.0,
                    "10": 95.0,
                    "11": 95.0,
                    "12": 95.0,
                    "13": 95.0,
                    "14": 95.0,
                    "15": 95.0,
                    "16": 95.0,
                    "17": 95.0,
                    "18": 95.0,
                    "19": 95.0,
                    "20": 95.0,
                    "21": 96.0,
                    "22": 96.0,
                    "23": 97.0,
                    "24": 97.0,
                    "25": 97.0,
                    "26": 97.0,
                    "27": 97.0,
                    "28": 97.0,
                    "29": 97.0,
                    "30": 97.0,
                    "31": 97.0,
                    "32": 97.0,
                    "33": 96.0,
                    "34": 96.0,
                    "35": 96.0,
                    "36": 96.0,
                    "37": 96.0,
                    "38": 96.0,
                    "39": 96.0,
                    "40": 96.0,
                    "41": 96.0,
                    "42": 96.0,
                    "43": 96.0,
                    "44": 96.0,
                    "45": 96.0,
                    "46": 96.0,
                    "47": 96.0,
                    "48": 96.0,
                    "49": 96.0,
                    "50": 96.0,
                    "51": 96.0,
                    "52": 96.0,
                    "53": 96.0,
                    "54": 96.0,
                    "55": 96.0,
                    "56": 95.0,
                    "57": 95.0,
                    "58": 95.0,
                    "59": 95.0,
                    "60": 95.0,
                    "61": 95.0,
                    "62": 95.0,
                    "63": 95.0,
                    "64": 96.0,
                    "65": 96.0,
                    "66": 96.0,
                    "67": 96.0,
                    "68": 96.0,
                    "69": 96.0,
                    "70": 96.0,
                    "71": 96.0,
                    "72": 96.0,
                    "73": 96.0,
                    "74": 96.0,
                    "75": 96.0,
                    "76": 96.0,
                    "77": 96.0,
                    "78": 96.0,
                    "79": 96.0,
                    "80": 96.0,
                    "81": 96.0,
                    "82": 96.0,
                    "83": 96.0,
                    "84": 96.0,
                    "85": 96.0,
                    "86": 96.0,
                    "87": 96.0,
                    "88": 96.0,
                    "89": 96.0,
                    "90": 96.0,
                    "91": 96.0,
                    "92": 96.0,
                    "93": 96.0,
                    "94": 96.0,
                    "95": 96.0,
                    "96": 96.0,
                    "97": 96.0,
                    "98": 96.0,
                    "99": 96.0,
                    "100": 96.0,
                    "101": 96.0,
                    "102": 96.0,
                    "103": 96.0,
                    "104": 96.0,
                    "105": 96.0,
                    "106": 96.0,
                    "107": 96.0,
                    "108": 96.0,
                    "109": 96.0,
                    "110": 96.0,
                    "111": 96.0,
                    "112": 96.0,
                    "113": 96.0,
                    "114": 96.0,
                    "115": 96.0,
                    "116": 96.0,
                    "117": 95.0,
                    "118": 95.0,
                    "119": 94.0,
                    "120": 94.0
                }
            },
            {
                "summaryType": "rmssd_hrv",
                "avgValue": 59.0
            },
            {
                "summaryType": "sdrr_hrv",
                "avgValue": 65.0
            }
        ]
    },
    {
        "userId": "49d85c6a-b8f8-4787-95fa-f145553e59a9",
        "userAccessToken": "7b64f2c3-1572-407f-ac1a-ea3ef127ff2c",
        "summaryId": "x45dba26-670a65a94670a79b-7a78-454e-99e5-9fdb0ed6f1f278",
        "calendarDate": "2024-10-12",
        "startTimeInSeconds": 1728734633,
        "durationInSeconds": 120,
        "startTimeOffsetInSeconds": 7254,
        "summaries": [
            {
                "summaryType": "heart_rate",
                "minValue": 65.0,
                "maxValue": 78.0,
                "avgValue": 72.0,
                "epochSummaries": {
                    "0": 75.0,
                    "1": 76.0,
                    "2": 76.0,
                    "3": 75.0,
                    "4": 75.0,
                    "5": 75.0,
                    "6": 73.0,
                    "7": 73.0,
                    "8": 72.0,
                    "9": 71.0,
                    "10": 70.0,
                    "11": 70.0,
                    "12": 71.0,
                    "13": 71.0,
                    "14": 72.0,
                    "15": 73.0,
                    "16": 74.0,
                    "17": 74.0,
                    "18": 74.0,
                    "19": 74.0,
                    "20": 74.0,
                    "21": 73.0,
                    "22": 73.0,
                    "23": 74.0,
                    "24": 74.0,
                    "25": 74.0,
                    "26": 74.0,
                    "27": 74.0,
                    "28": 69.0,
                    "29": 68.0,
                    "30": 68.0,
                    "31": 68.0,
                    "32": 68.0,
                    "33": 69.0,
                    "34": 70.0,
                    "35": 70.0,
                    "36": 69.0,
                    "37": 69.0,
                    "38": 69.0,
                    "39": 69.0,
                    "40": 69.0,
                    "41": 67.0,
                    "42": 67.0,
                    "43": 67.0,
                    "44": 68.0,
                    "45": 71.0,
                    "46": 74.0,
                    "47": 75.0,
                    "48": 76.0,
                    "49": 76.0,
                    "50": 76.0,
                    "51": 76.0,
                    "52": 75.0,
                    "53": 72.0,
                    "54": 71.0,
                    "55": 70.0,
                    "56": 70.0,
                    "57": 69.0,
                    "58": 69.0,
                    "59": 70.0,
                    "60": 71.0,
                    "61": 72.0,
                    "62": 72.0,
                    "63": 72.0,
                    "64": 71.0,
                    "65": 71.0,
                    "66": 70.0,
                    "67": 67.0,
                    "68": 65.0,
                    "69": 65.0,
                    "70": 66.0,
                    "71": 67.0,
                    "72": 69.0,
                    "73": 69.0,
                    "74": 70.0,
                    "75": 70.0,
                    "76": 70.0,
                    "77": 70.0,
                    "78": 70.0,
                    "79": 71.0,
                    "80": 72.0,
                    "81": 72.0,
                    "82": 73.0,
                    "83": 76.0,
                    "84": 78.0,
                    "85": 78.0,
                    "86": 78.0,
                    "87": 78.0,
                    "88": 78.0,
                    "89": 78.0,
                    "90": 78.0,
                    "91": 78.0,
                    "92": 77.0,
                    "93": 77.0,
                    "94": 77.0,
                    "95": 77.0,
                    "96": 75.0,
                    "97": 74.0,
                    "98": 72.0,
                    "99": 71.0,
                    "100": 70.0,
                    "101": 70.0,
                    "102": 69.0,
                    "103": 69.0,
                    "104": 69.0,
                    "105": 70.0,
                    "106": 71.0,
                    "107": 71.0,
                    "108": 71.0,
                    "109": 71.0,
                    "110": 71.0,
                    "111": 70.0,
                    "112": 71.0,
                    "113": 71.0,
                    "114": 71.0,
                    "115": 71.0,
                    "116": 71.0,
                    "117": 71.0,
                    "118": 72.0,
                    "119": 72.0,
                    "120": 72.0
                }
            },
            {
                "summaryType": "respiration",
                "minValue": 12.359999656677246,
                "maxValue": 14.329999923706055,
                "avgValue": 13.4399995803833,
                "epochSummaries": {
                    "0": 14.270000457763672,
                    "1": 14.329999923706055,
                    "2": 14.329999923706055,
                    "3": 14.329999923706055,
                    "4": 14.329999923706055,
                    "5": 14.329999923706055,
                    "6": 14.020000457763672,
                    "7": 14.020000457763672,
                    "8": 14.020000457763672,
                    "9": 14.020000457763672,
                    "10": 13.960000038146973,
                    "11": 13.960000038146973,
                    "12": 13.960000038146973,
                    "13": 13.960000038146973,
                    "14": 14.029999732971191,
                    "15": 14.029999732971191,
                    "16": 14.029999732971191,
                    "17": 14.029999732971191,
                    "18": 14.029999732971191,
                    "19": 14.029999732971191,
                    "20": 14.029999732971191,
                    "21": 13.760000228881836,
                    "22": 13.760000228881836,
                    "23": 13.760000228881836,
                    "24": 13.760000228881836,
                    "25": 13.84000015258789,
                    "26": 13.84000015258789,
                    "27": 13.84000015258789,
                    "28": 14.050000190734863,
                    "29": 14.050000190734863,
                    "30": 14.050000190734863,
                    "31": 14.050000190734863,
                    "32": 14.050000190734863,
                    "33": 14.130000114440918,
                    "34": 14.130000114440918,
                    "35": 14.130000114440918,
                    "36": 14.130000114440918,
                    "37": 14.130000114440918,
                    "38": 14.140000343322754,
                    "39": 14.140000343322754,
                    "40": 14.140000343322754,
                    "41": 14.140000343322754,
                    "42": 13.970000267028809,
                    "43": 13.970000267028809,
                    "44": 13.970000267028809,
                    "45": 13.970000267028809,
                    "46": 13.930000305175781,
                    "47": 13.930000305175781,
                    "48": 13.930000305175781,
                    "49": 13.930000305175781,
                    "50": 13.930000305175781,
                    "51": 13.930000305175781,
                    "52": 13.930000305175781,
                    "53": 13.930000305175781,
                    "54": 13.569999694824219,
                    "55": 13.569999694824219,
                    "56": 13.569999694824219,
                    "57": 13.569999694824219,
                    "58": 13.569999694824219,
                    "59": 13.569999694824219,
                    "60": 13.569999694824219,
                    "61": 13.25,
                    "62": 13.25,
                    "63": 13.25,
                    "64": 13.15999984741211,
                    "65": 13.15999984741211,
                    "66": 13.15999984741211,
                    "67": 13.15999984741211,
                    "68": 13.15999984741211,
                    "69": 13.15999984741211,
                    "70": 12.859999656677246,
                    "71": 12.859999656677246,
                    "72": 12.859999656677246,
                    "73": 12.859999656677246,
                    "74": 13.050000190734863,
                    "75": 13.050000190734863,
                    "76": 13.050000190734863,
                    "77": 13.050000190734863,
                    "78": 13.050000190734863,
                    "79": 13.050000190734863,
                    "80": 13.050000190734863,
                    "81": 13.050000190734863,
                    "82": 13.130000114440918,
                    "83": 13.0,
                    "84": 13.0,
                    "85": 13.0,
                    "86": 13.0,
                    "87": 13.0,
                    "88": 13.119999885559082,
                    "89": 13.119999885559082,
                    "90": 13.119999885559082,
                    "91": 13.119999885559082,
                    "92": 13.119999885559082,
                    "93": 13.119999885559082,
                    "94": 12.800000190734863,
                    "95": 12.800000190734863,
                    "96": 12.800000190734863,
                    "97": 12.800000190734863,
                    "98": 12.800000190734863,
                    "99": 12.760000228881836,
                    "100": 12.760000228881836,
                    "101": 12.760000228881836,
                    "102": 12.760000228881836,
                    "103": 12.760000228881836,
                    "104": 12.65999984741211,
                    "105": 12.65999984741211,
                    "106": 12.65999984741211,
                    "107": 12.65999984741211,
                    "108": 12.779999732971191,
                    "109": 12.779999732971191,
                    "110": 12.779999732971191,
                    "111": 12.779999732971191,
                    "112": 12.779999732971191,
                    "113": 12.779999732971191,
                    "114": 12.359999656677246,
                    "115": 12.359999656677246,
                    "116": 12.359999656677246,
                    "117": 12.359999656677246,
                    "118": 12.359999656677246,
                    "119": 12.359999656677246,
                    "120": 13.390000343322754
                }
            },
            {
                "summaryType": "stress",
                "minValue": 22.0,
                "maxValue": 45.0,
                "avgValue": 30.0,
                "epochSummaries": {
                    "0": 22.0,
                    "1": 22.0,
                    "2": 22.0,
                    "3": 22.0,
                    "4": 22.0,
                    "5": 22.0,
                    "6": 22.0,
                    "7": 22.0,
                    "8": 25.0,
                    "9": 25.0,
                    "10": 25.0,
                    "11": 25.0,
                    "12": 25.0,
                    "13": 35.0,
                    "14": 35.0,
                    "15": 35.0,
                    "16": 35.0,
                    "17": 35.0,
                    "18": 41.0,
                    "19": 41.0,
                    "20": 41.0,
                    "21": 41.0,
                    "22": 41.0,
                    "23": 45.0,
                    "24": 45.0,
                    "25": 45.0,
                    "26": 45.0,
                    "27": 45.0,
                    "28": 42.0,
                    "29": 42.0,
                    "30": 42.0,
                    "31": 42.0,
                    "32": 42.0,
                    "33": 41.0,
                    "34": 41.0,
                    "35": 41.0,
                    "36": 41.0,
                    "37": 41.0,
                    "38": 39.0,
                    "39": 39.0,
                    "40": 39.0,
                    "41": 39.0,
                    "42": 39.0,
                    "43": 39.0,
                    "44": 39.0,
                    "45": 39.0,
                    "46": 39.0,
                    "47": 39.0,
                    "48": 36.0,
                    "49": 36.0,
                    "50": 36.0,
                    "51": 36.0,
                    "52": 36.0,
                    "53": 30.0,
                    "54": 30.0,
                    "55": 30.0,
                    "56": 30.0,
                    "57": 30.0,
                    "58": 30.0,
                    "59": 30.0,
                    "60": 30.0,
                    "61": 30.0,
                    "62": 30.0,
                    "63": 26.0,
                    "64": 26.0,
                    "65": 26.0,
                    "66": 26.0,
                    "67": 26.0,
                    "68": 24.0,
                    "69": 24.0,
                    "70": 24.0,
                    "71": 24.0,
                    "72": 24.0,
                    "73": 24.0,
                    "74": 24.0,
                    "75": 24.0,
                    "76": 24.0,
                    "77": 24.0,
                    "78": 24.0,
                    "79": 24.0,
                    "80": 24.0,
                    "81": 24.0,
                    "82": 24.0,
                    "83": 24.0,
                    "84": 24.0,
                    "85": 24.0,
                    "86": 24.0,
                    "87": 24.0,
                    "88": 24.0,
                    "89": 24.0,
                    "90": 24.0,
                    "91": 24.0,
                    "92": 24.0,
                    "93": 25.0,
                    "94": 25.0,
                    "95": 25.0,
                    "96": 25.0,
                    "97": 25.0,
                    "98": 28.0,
                    "99": 28.0,
                    "100": 28.0,
                    "101": 28.0,
                    "102": 28.0,
                    "103": 25.0,
                    "104": 25.0,
                    "105": 25.0,
                    "106": 25.0,
                    "107": 25.0,
                    "108": 24.0,
                    "109": 24.0,
                    "110": 24.0,
                    "111": 24.0,
                    "112": 24.0,
                    "113": 23.0,
                    "114": 23.0,
                    "115": 23.0,
                    "116": 23.0,
                    "117": 23.0,
                    "118": 23.0,
                    "119": 23.0,
                    "120": 23.0
                }
            },
            {
                "summaryType": "spo2",
                "minValue": 93.0,
                "maxValue": 99.0,
                "avgValue": 96.0,
                "epochSummaries": {
                    "2": 99.0,
                    "3": 99.0,
                    "4": 99.0,
                    "5": 99.0,
                    "6": 99.0,
                    "7": 99.0,
                    "8": 99.0,
                    "9": 99.0,
                    "10": 99.0,
                    "11": 99.0,
                    "12": 99.0,
                    "13": 99.0,
                    "14": 99.0,
                    "15": 99.0,
                    "16": 99.0,
                    "17": 99.0,
                    "18": 99.0,
                    "19": 99.0,
                    "20": 99.0,
                    "21": 99.0,
                    "22": 99.0,
                    "23": 99.0,
                    "24": 99.0,
                    "25": 99.0,
                    "26": 99.0,
                    "27": 98.0,
                    "28": 98.0,
                    "29": 97.0,
                    "30": 97.0,
                    "31": 96.0,
                    "32": 96.0,
                    "33": 96.0,
                    "34": 95.0,
                    "35": 95.0,
                    "36": 94.0,
                    "37": 94.0,
                    "38": 93.0,
                    "39": 93.0,
                    "40": 93.0,
                    "41": 93.0,
                    "42": 93.0,
                    "43": 93.0,
                    "44": 93.0,
                    "45": 93.0,
                    "46": 93.0,
                    "47": 93.0,
                    "48": 93.0,
                    "49": 93.0,
                    "50": 93.0,
                    "51": 95.0,
                    "52": 95.0,
                    "53": 97.0,
                    "54": 97.0,
                    "55": 98.0,
                    "56": 98.0,
                    "57": 98.0,
                    "58": 98.0,
                    "59": 98.0,
                    "60": 98.0,
                    "61": 98.0,
                    "62": 98.0,
                    "63": 98.0,
                    "64": 98.0,
                    "65": 98.0,
                    "66": 98.0,
                    "67": 98.0,
                    "68": 98.0,
                    "69": 98.0,
                    "70": 98.0,
                    "71": 98.0,
                    "72": 98.0,
                    "73": 98.0,
                    "74": 98.0,
                    "75": 98.0,
                    "76": 98.0,
                    "77": 98.0,
                    "78": 98.0,
                    "79": 98.0,
                    "80": 98.0,
                    "81": 98.0,
                    "82": 98.0,
                    "83": 98.0,
                    "84": 98.0,
                    "85": 97.0,
                    "86": 97.0,
                    "87": 97.0,
                    "88": 97.0,
                    "89": 97.0,
                    "90": 97.0,
                    "91": 97.0,
                    "92": 97.0,
                    "93": 97.0,
                    "94": 97.0,
                    "95": 97.0,
                    "96": 97.0,
                    "97": 97.0,
                    "98": 97.0,
                    "99": 97.0,
                    "100": 97.0,
                    "101": 97.0,
                    "102": 97.0,
                    "103": 97.0,
                    "104": 97.0,
                    "105": 97.0,
                    "106": 97.0,
                    "107": 97.0,
                    "108": 96.0,
                    "109": 96.0,
                    "110": 96.0,
                    "111": 96.0,
                    "112": 96.0,
                    "113": 96.0,
                    "114": 96.0,
                    "115": 96.0,
                    "116": 96.0,
                    "117": 96.0,
                    "118": 96.0,
                    "119": 95.0,
                    "120": 95.0
                }
            },
            {
                "summaryType": "rmssd_hrv",
                "avgValue": 66.0
            },
            {
                "summaryType": "sdrr_hrv",
                "avgValue": 73.0
            }
        ]
    },
    {
        "userId": "49d85c6a-b8f8-4787-95fa-f145553e59a9",
        "userAccessToken": "7b64f2c3-1572-407f-ac1a-ea3ef127ff2c",
        "summaryId": "x45dba26-670adad8e68586c8-072c-4313-b808-d67ece5083b978",
        "calendarDate": "2024-10-12",
        "startTimeInSeconds": 1728764632,
        "durationInSeconds": 120,
        "startTimeOffsetInSeconds": 7254,
        "summaries": [
            {
                "summaryType": "heart_rate",
                "minValue": 74.0,
                "maxValue": 93.0,
                "avgValue": 85.0,
                "epochSummaries": {
                    "0": 89.0,
                    "1": 89.0,
                    "2": 90.0,
                    "3": 90.0,
                    "4": 90.0,
                    "5": 91.0,
                    "6": 91.0,
                    "7": 91.0,
                    "8": 90.0,
                    "9": 89.0,
                    "10": 88.0,
                    "11": 87.0,
                    "12": 87.0,
                    "13": 86.0,
                    "14": 93.0,
                    "15": 91.0,
                    "16": 89.0,
                    "17": 88.0,
                    "18": 87.0,
                    "19": 86.0,
                    "20": 85.0,
                    "21": 85.0,
                    "22": 84.0,
                    "23": 84.0,
                    "24": 83.0,
                    "25": 83.0,
                    "26": 82.0,
                    "27": 77.0,
                    "28": 76.0,
                    "29": 77.0,
                    "30": 78.0,
                    "31": 78.0,
                    "32": 79.0,
                    "33": 80.0,
                    "34": 80.0,
                    "35": 80.0,
                    "36": 80.0,
                    "37": 80.0,
                    "38": 80.0,
                    "39": 80.0,
                    "40": 80.0,
                    "41": 80.0,
                    "42": 80.0,
                    "43": 81.0,
                    "44": 81.0,
                    "45": 81.0,
                    "46": 82.0,
                    "47": 82.0,
                    "48": 83.0,
                    "49": 83.0,
                    "50": 84.0,
                    "51": 84.0,
                    "52": 84.0,
                    "53": 85.0,
                    "54": 85.0,
                    "55": 86.0,
                    "56": 86.0,
                    "57": 86.0,
                    "58": 86.0,
                    "59": 86.0,
                    "60": 86.0,
                    "61": 86.0,
                    "62": 87.0,
                    "63": 87.0,
                    "64": 87.0,
                    "65": 87.0,
                    "66": 87.0,
                    "67": 87.0,
                    "68": 87.0,
                    "69": 87.0,
                    "70": 87.0,
                    "71": 87.0,
                    "72": 87.0,
                    "73": 87.0,
                    "74": 87.0,
                    "75": 86.0,
                    "76": 86.0,
                    "77": 86.0,
                    "78": 86.0,
                    "79": 86.0,
                    "80": 87.0,
                    "81": 87.0,
                    "82": 86.0,
                    "83": 86.0,
                    "84": 85.0,
                    "85": 84.0,
                    "86": 83.0,
                    "87": 84.0,
                    "88": 84.0,
                    "89": 84.0,
                    "90": 85.0,
                    "91": 86.0,
                    "92": 88.0,
                    "93": 89.0,
                    "94": 89.0,
                    "95": 89.0,
                    "96": 89.0,
                    "97": 89.0,
                    "98": 89.0,
                    "99": 89.0,
                    "100": 88.0,
                    "101": 87.0,
                    "102": 86.0,
                    "103": 87.0,
                    "104": 88.0,
                    "105": 88.0,
                    "106": 88.0,
                    "107": 89.0,
                    "108": 88.0,
                    "109": 88.0,
                    "110": 88.0,
                    "111": 87.0,
                    "112": 86.0,
                    "113": 85.0,
                    "114": 76.0,
                    "115": 75.0,
                    "116": 74.0,
                    "117": 75.0,
                    "118": 77.0,
                    "119": 79.0,
                    "120": 80.0
                }
            },
            {
                "summaryType": "respiration",
                "minValue": 12.539999961853027,
                "maxValue": 14.039999961853027,
                "avgValue": 13.59000015258789,
                "epochSummaries": {
                    "0": 12.84000015258789,
                    "1": 12.84000015258789,
                    "2": 13.039999961853027,
                    "3": 13.039999961853027,
                    "4": 13.039999961853027,
                    "5": 13.039999961853027,
                    "6": 13.199999809265137,
                    "7": 13.199999809265137,
                    "8": 13.199999809265137,
                    "9": 13.199999809265137,
                    "10": 13.199999809265137,
                    "11": 13.119999885559082,
                    "12": 13.119999885559082,
                    "13": 13.119999885559082,
                    "14": 13.119999885559082,
                    "15": 13.270000457763672,
                    "16": 13.270000457763672,
                    "17": 13.65999984741211,
                    "18": 13.65999984741211,
                    "19": 13.65999984741211,
                    "20": 13.65999984741211,
                    "21": 13.65999984741211,
                    "22": 13.789999961853027,
                    "23": 13.789999961853027,
                    "24": 13.789999961853027,
                    "25": 13.789999961853027,
                    "26": 13.789999961853027,
                    "27": 13.65999984741211,
                    "28": 13.65999984741211,
                    "29": 13.65999984741211,
                    "30": 13.65999984741211,
                    "31": 13.65999984741211,
                    "32": 13.65999984741211,
                    "33": 13.65999984741211,
                    "34": 13.65999984741211,
                    "35": 13.65999984741211,
                    "36": 13.65999984741211,
                    "37": 13.65999984741211,
                    "38": 13.65999984741211,
                    "39": 13.65999984741211,
                    "40": 13.65999984741211,
                    "41": 13.479999542236328,
                    "42": 13.479999542236328,
                    "43": 13.479999542236328,
                    "44": 13.479999542236328,
                    "45": 13.479999542236328,
                    "46": 13.479999542236328,
                    "47": 13.479999542236328,
                    "48": 13.479999542236328,
                    "49": 13.479999542236328,
                    "50": 13.479999542236328,
                    "51": 13.630000114440918,
                    "52": 13.630000114440918,
                    "53": 13.630000114440918,
                    "54": 13.630000114440918,
                    "55": 13.630000114440918,
                    "56": 14.039999961853027,
                    "57": 14.039999961853027,
                    "58": 14.039999961853027,
                    "59": 14.039999961853027,
                    "60": 14.039999961853027,
                    "61": 14.039999961853027,
                    "62": 14.039999961853027,
                    "63": 14.039999961853027,
                    "64": 14.039999961853027,
                    "65": 14.039999961853027,
                    "66": 14.039999961853027,
                    "67": 14.039999961853027,
                    "68": 14.039999961853027,
                    "69": 14.039999961853027,
                    "70": 14.039999961853027,
                    "71": 13.890000343322754,
                    "72": 13.890000343322754,
                    "73": 13.890000343322754,
                    "74": 13.890000343322754,
                    "75": 13.890000343322754,
                    "76": 13.890000343322754,
                    "77": 13.859999656677246,
                    "78": 13.859999656677246,
                    "79": 13.859999656677246,
                    "80": 13.859999656677246,
                    "81": 13.859999656677246,
                    "82": 13.859999656677246,
                    "83": 13.489999771118164,
                    "84": 13.489999771118164,
                    "85": 13.489999771118164,
                    "86": 13.529999732971191,
                    "87": 13.529999732971191,
                    "88": 13.529999732971191,
                    "89": 13.529999732971191,
                    "90": 13.529999732971191,
                    "91": 13.529999732971191,
                    "92": 13.529999732971191,
                    "93": 13.619999885559082,
                    "94": 13.619999885559082,
                    "95": 13.619999885559082,
                    "96": 13.619999885559082,
                    "97": 13.619999885559082,
                    "98": 13.619999885559082,
                    "99": 13.619999885559082,
                    "100": 13.619999885559082,
                    "101": 13.619999885559082,
                    "102": 13.619999885559082,
                    "103": 13.619999885559082,
                    "104": 13.619999885559082,
                    "105": 13.619999885559082,
                    "106": 13.619999885559082,
                    "107": 13.619999885559082,
                    "108": 13.619999885559082,
                    "109": 13.420000076293945,
                    "110": 13.420000076293945,
                    "111": 13.420000076293945,
                    "112": 13.420000076293945,
                    "113": 13.420000076293945,
                    "114": 13.420000076293945,
                    "115": 13.420000076293945,
                    "116": 13.420000076293945,
                    "117": 13.420000076293945,
                    "118": 13.420000076293945,
                    "119": 13.420000076293945,
                    "120": 12.539999961853027
                }
            },
            {
                "summaryType": "stress",
                "minValue": 72.0,
                "maxValue": 82.0,
                "avgValue": 76.0,
                "epochSummaries": {
                    "8": 82.0,
                    "9": 82.0,
                    "10": 82.0,
                    "11": 82.0,
                    "12": 82.0,
                    "13": 80.0,
                    "14": 80.0,
                    "15": 80.0,
                    "16": 80.0,
                    "17": 80.0,
                    "18": 79.0,
                    "19": 79.0,
                    "20": 79.0,
                    "21": 79.0,
                    "22": 79.0,
                    "23": 78.0,
                    "24": 78.0,
                    "25": 78.0,
                    "26": 78.0,
                    "27": 78.0,
                    "28": 78.0,
                    "29": 78.0,
                    "30": 78.0,
                    "31": 78.0,
                    "32": 78.0,
                    "33": 76.0,
                    "34": 76.0,
                    "35": 76.0,
                    "36": 76.0,
                    "37": 76.0,
                    "38": 74.0,
                    "39": 74.0,
                    "40": 74.0,
                    "41": 74.0,
                    "42": 74.0,
                    "43": 72.0,
                    "44": 72.0,
                    "45": 72.0,
                    "46": 72.0,
                    "47": 72.0,
                    "48": 72.0,
                    "49": 72.0,
                    "50": 72.0,
                    "51": 72.0,
                    "52": 72.0,
                    "53": 72.0,
                    "54": 72.0,
                    "55": 72.0,
                    "56": 72.0,
                    "57": 72.0,
                    "58": 72.0,
                    "59": 72.0,
                    "60": 72.0,
                    "61": 72.0,
                    "62": 72.0,
                    "63": 73.0,
                    "64": 73.0,
                    "65": 73.0,
                    "66": 73.0,
                    "67": 73.0,
                    "68": 74.0,
                    "69": 74.0,
                    "70": 74.0,
                    "71": 74.0,
                    "72": 74.0,
                    "73": 75.0,
                    "74": 75.0,
                    "75": 75.0,
                    "76": 75.0,
                    "77": 75.0,
                    "78": 76.0,
                    "79": 76.0,
                    "80": 76.0,
                    "81": 76.0,
                    "82": 76.0,
                    "83": 76.0,
                    "84": 76.0,
                    "85": 76.0,
                    "86": 76.0,
                    "87": 76.0,
                    "88": 76.0,
                    "89": 76.0,
                    "90": 76.0,
                    "91": 76.0,
                    "92": 76.0,
                    "93": 76.0,
                    "94": 76.0,
                    "95": 76.0,
                    "96": 76.0,
                    "97": 76.0,
                    "98": 76.0,
                    "99": 76.0,
                    "100": 76.0,
                    "101": 76.0,
                    "102": 76.0,
                    "103": 76.0,
                    "104": 76.0,
                    "105": 76.0,
                    "106": 76.0,
                    "107": 76.0,
                    "108": 77.0,
                    "109": 77.0,
                    "110": 77.0,
                    "111": 77.0,
                    "112": 77.0,
                    "113": 78.0,
                    "114": 78.0,
                    "115": 78.0,
                    "116": 78.0,
                    "117": 78.0,
                    "118": 74.0,
                    "119": 74.0,
                    "120": 74.0
                }
            },
            {
                "summaryType": "spo2",
                "minValue": 94.0,
                "maxValue": 98.0,
                "avgValue": 96.0,
                "epochSummaries": {
                    "1": 95.0,
                    "2": 95.0,
                    "3": 95.0,
                    "4": 95.0,
                    "5": 95.0,
                    "6": 95.0,
                    "7": 95.0,
                    "8": 95.0,
                    "9": 95.0,
                    "10": 95.0,
                    "11": 95.0,
                    "12": 95.0,
                    "13": 95.0,
                    "14": 95.0,
                    "15": 95.0,
                    "16": 97.0,
                    "17": 97.0,
                    "18": 98.0,
                    "19": 98.0,
                    "20": 98.0,
                    "21": 98.0,
                    "22": 98.0,
                    "23": 98.0,
                    "24": 98.0,
                    "25": 98.0,
                    "26": 98.0,
                    "27": 98.0,
                    "28": 98.0,
                    "29": 98.0,
                    "30": 98.0,
                    "31": 98.0,
                    "32": 98.0,
                    "33": 98.0,
                    "34": 97.0,
                    "35": 97.0,
                    "36": 97.0,
                    "37": 97.0,
                    "38": 97.0,
                    "39": 97.0,
                    "40": 97.0,
                    "41": 97.0,
                    "42": 97.0,
                    "43": 97.0,
                    "44": 97.0,
                    "45": 97.0,
                    "46": 97.0,
                    "47": 97.0,
                    "48": 97.0,
                    "49": 97.0,
                    "50": 97.0,
                    "51": 97.0,
                    "52": 97.0,
                    "53": 97.0,
                    "54": 97.0,
                    "55": 97.0,
                    "56": 96.0,
                    "57": 96.0,
                    "58": 95.0,
                    "59": 95.0,
                    "60": 95.0,
                    "61": 95.0,
                    "62": 94.0,
                    "63": 94.0,
                    "64": 94.0,
                    "65": 94.0,
                    "66": 94.0,
                    "67": 94.0,
                    "68": 95.0,
                    "69": 95.0,
                    "70": 95.0,
                    "71": 95.0,
                    "72": 95.0,
                    "73": 95.0,
                    "74": 95.0,
                    "75": 95.0,
                    "76": 95.0,
                    "77": 95.0,
                    "78": 95.0,
                    "79": 95.0,
                    "80": 95.0,
                    "81": 95.0,
                    "82": 95.0,
                    "83": 95.0,
                    "84": 95.0,
                    "85": 95.0,
                    "86": 96.0,
                    "87": 96.0,
                    "88": 96.0,
                    "89": 96.0,
                    "90": 96.0,
                    "91": 96.0,
                    "92": 96.0,
                    "93": 96.0,
                    "94": 96.0,
                    "95": 96.0,
                    "96": 96.0,
                    "97": 96.0,
                    "98": 96.0,
                    "99": 96.0,
                    "100": 96.0,
                    "101": 96.0,
                    "102": 96.0,
                    "103": 96.0,
                    "104": 96.0,
                    "105": 96.0,
                    "106": 96.0,
                    "107": 96.0,
                    "108": 96.0,
                    "109": 96.0,
                    "110": 96.0,
                    "111": 96.0,
                    "112": 96.0,
                    "113": 96.0,
                    "114": 96.0,
                    "115": 96.0,
                    "116": 96.0,
                    "117": 96.0,
                    "118": 96.0,
                    "119": 96.0,
                    "120": 96.0
                }
            },
            {
                "summaryType": "rmssd_hrv",
                "avgValue": 37.0
            },
            {
                "summaryType": "sdrr_hrv",
                "avgValue": 46.0
            }
        ]
    }
]