[
    {
        "userId": "49d85c6a-b8f8-4787-95fa-f145553e59a9",
        "userAccessToken": "7b64f2c3-1572-407f-ac1a-ea3ef127ff2c",
        "summaryId": "x45dba26-67062fad12a0541d-9cbd-4f7e-b174-b331296ce9e178",
        "calendarDate": "2024-10-09",
        "startTimeInSeconds": 1728458669,
        "durationInSeconds": 120,
        "startTimeOffsetInSeconds": 7254,
        "summaries": [
            {
                "summaryType": "heart_rate",
                "minValue": 59.0,
                "maxValue": 84.0,
                "avgValue": 71.0,
                "epochSummaries": {
                    "0": 60.0,
                    "1": 61.0,
                    "2": 62.0,
                    "3": 63.0,
                    "4": 63.0,
                    "5": 64.0,
                    "6": 64.0,
                    "7": 64.0,
                    "8": 65.0,
                    "9": 67.0,
                    "10": 70.0,
                    "11": 75.0,
                    "12": 80.0,
                    "13": 83.0,
                    "14": 83.0,
                    "15": 84.0,
                    "16": 84.0,
                    "17": 84.0,
                    "18": 82.0,
                    "19": 81.0,
                    "20": 80.0,
                    "21": 80.0,
                    "22": 80.0,
                    "23": 80.0,
                    "24": 79.0,
                    "25": 79.0,
                    "26": 78.0,
                    "27": 76.0,
                    "28": 75.0,
                    "29": 75.0,
                    "30": 75.0,
                    "31": 75.0,
                    "32": 75.0,
                    "33": 74.0,
                    "34": 74.0,
                    "35": 74.0,
                    "36": 73.0,
                    "37": 73.0,
                    "38": 73.0,
                    "39": 74.0,
                    "40": 74.0,
                    "41": 67.0,
                    "42": 71.0,
                    "43": 68.0,
                    "44": 63.0,
                    "45": 61.0,
                    "46": 61.0,
                    "47": 61.0,
                    "48": 61.0,
                    "49": 61.0,
                    "50": 62.0,
                    "51": 63.0,
                    "52": 68.0,
                    "53": 68.0,
                    "54": 69.0,
                    "55": 70.0,
                    "56": 71.0,
                    "57": 71.0,
                    "58": 72.0,
                    "59": 74.0,
                    "60": 75.0,
                    "61": 76.0,
                    "62": 77.0,
                    "63": 79.0,
                    "64": 79.0,
                    "65": 79.0,
                    "66": 79.0,
                    "67": 78.0,
                    "68": 77.0,
                    "69": 74.0,
                    "70": 72.0,
                    "71": 72.0,
                    "72": 72.0,
                    "73": 74.0,
                    "74": 74.0,
                    "75": 74.0,
                    "76": 73.0,
                    "77": 73.0,
                    "78": 73.0,
                    "79": 74.0,
                    "80": 75.0,
                    "81": 75.0,
                    "82": 74.0,
                    "83": 74.0,
                    "84": 73.0,
                    "85": 70.0,
                    "86": 71.0,
                    "87": 73.0,
                    "88": 72.0,
                    "89": 70.0,
                    "90": 70.0,
                    "91": 71.0,
                    "92": 71.0,
                    "93": 70.0,
                    "94": 70.0,
                    "95": 68.0,
                    "96": 62.0,
                    "97": 59.0,
                    "98": 59.0,
                    "99": 63.0,
                    "100": 65.0,
                    "101": 66.0,
                    "102": 67.0,
                    "103": 66.0,
                    "104": 66.0,
                    "105": 66.0,
                    "106": 66.0,
                    "107": 66.0,
                    "108": 67.0,
                    "109": 68.0,
                    "110": 68.0,
                    "111": 68.0,
                    "112": 68.0,
                    "113": 67.0,
                    "114": 67.0,
                    "115": 66.0,
                    "116": 66.0,
                    "117": 65.0,
                    "118": 65.0,
                    "119": 72.0,
                    "120": 73.0
                }
            },
            {
                "summaryType": "respiration",
                "minValue": 13.489999771118164,
                "maxValue": 14.75,
                "avgValue": 14.050000190734863,
                "epochSummaries": {
                    "0": 14.470000267028809,
                    "1": 14.470000267028809,
                    "2": 14.470000267028809,
                    "3": 14.470000267028809,
                    "4": 14.470000267028809,
                    "5": 14.470000267028809,
                    "6": 14.470000267028809,
                    "7": 14.470000267028809,
                    "8": 14.130000114440918,
                    "9": 14.130000114440918,
                    "10": 14.130000114440918,
                    "11": 14.130000114440918,
                    "12": 14.130000114440918,
                    "13": 14.130000114440918,
                    "14": 14.130000114440918,
                    "15": 13.720000267028809,
                    "16": 13.720000267028809,
                    "17": 13.720000267028809,
                    "18": 13.720000267028809,
                    "19": 13.880000114440918,
                    "20": 13.880000114440918,
                    "21": 13.880000114440918,
                    "22": 13.880000114440918,
                    "23": 13.960000038146973,
                    "24": 13.960000038146973,
                    "25": 13.960000038146973,
                    "26": 13.960000038146973,
                    "27": 13.960000038146973,
                    "28": 13.960000038146973,
                    "29": 13.8100004196167,
                    "30": 13.8100004196167,
                    "31": 13.8100004196167,
                    "32": 13.8100004196167,
                    "33": 13.8100004196167,
                    "34": 13.8100004196167,
                    "35": 13.8100004196167,
                    "36": 13.8100004196167,
                    "37": 13.710000038146973,
                    "38": 13.710000038146973,
                    "39": 13.710000038146973,
                    "40": 13.710000038146973,
                    "41": 13.710000038146973,
                    "42": 13.720000267028809,
                    "43": 13.779999732971191,
                    "44": 13.779999732971191,
                    "45": 13.779999732971191,
                    "46": 13.779999732971191,
                    "47": 13.779999732971191,
                    "48": 13.779999732971191,
                    "49": 13.779999732971191,
                    "50": 13.949999809265137,
                    "51": 13.949999809265137,
                    "52": 13.949999809265137,
                    "53": 13.949999809265137,
                    "54": 13.949999809265137,
                    "55": 13.949999809265137,
                    "56": 13.949999809265137,
                    "57": 13.949999809265137,
                    "58": 13.949999809265137,
                    "59": 13.949999809265137,
                    "60": 13.949999809265137,
                    "61": 13.949999809265137,
                    "62": 13.949999809265137,
                    "63": 13.949999809265137,
                    "64": 13.8100004196167,
                    "65": 13.729999542236328,
                    "66": 13.729999542236328,
                    "67": 13.729999542236328,
                    "68": 13.729999542236328,
                    "69": 13.729999542236328,
                    "70": 13.729999542236328,
                    "71": 13.729999542236328,
                    "72": 13.729999542236328,
                    "73": 13.670000076293945,
                    "74": 13.649999618530273,
                    "75": 13.649999618530273,
                    "76": 13.649999618530273,
                    "77": 13.649999618530273,
                    "78": 13.649999618530273,
                    "79": 13.649999618530273,
                    "80": 13.649999618530273,
                    "81": 13.649999618530273,
                    "82": 13.649999618530273,
                    "83": 13.649999618530273,
                    "84": 13.649999618530273,
                    "85": 13.649999618530273,
                    "86": 13.649999618530273,
                    "87": 13.649999618530273,
                    "88": 14.649999618530273,
                    "89": 14.75,
                    "90": 14.75,
                    "91": 14.75,
                    "92": 14.75,
                    "93": 14.75,
                    "94": 14.75,
                    "95": 14.75,
                    "96": 14.75,
                    "97": 14.75,
                    "98": 14.329999923706055,
                    "99": 14.390000343322754,
                    "100": 14.390000343322754,
                    "101": 14.390000343322754,
                    "102": 14.390000343322754,
                    "103": 14.390000343322754,
                    "104": 14.390000343322754,
                    "105": 14.390000343322754,
                    "106": 14.390000343322754,
                    "107": 14.40999984741211,
                    "108": 14.4399995803833,
                    "109": 14.4399995803833,
                    "110": 14.470000267028809,
                    "111": 14.470000267028809,
                    "112": 14.470000267028809,
                    "113": 14.470000267028809,
                    "114": 14.470000267028809,
                    "115": 14.470000267028809,
                    "116": 14.470000267028809,
                    "117": 14.640000343322754,
                    "118": 14.640000343322754,
                    "119": 14.4399995803833,
                    "120": 13.489999771118164
                }
            },
            {
                "summaryType": "stress",
                "minValue": 15.0,
                "maxValue": 42.0,
                "avgValue": 31.0,
                "epochSummaries": {
                    "0": 15.0,
                    "1": 17.0,
                    "2": 17.0,
                    "3": 17.0,
                    "4": 17.0,
                    "5": 17.0,
                    "6": 18.0,
                    "7": 18.0,
                    "8": 18.0,
                    "9": 18.0,
                    "10": 18.0,
                    "11": 18.0,
                    "12": 18.0,
                    "13": 18.0,
                    "14": 18.0,
                    "15": 18.0,
                    "16": 18.0,
                    "17": 18.0,
                    "18": 18.0,
                    "19": 18.0,
                    "20": 18.0,
                    "21": 21.0,
                    "22": 21.0,
                    "23": 21.0,
                    "24": 21.0,
                    "25": 21.0,
                    "26": 24.0,
                    "27": 24.0,
                    "28": 24.0,
                    "29": 24.0,
                    "30": 24.0,
                    "31": 42.0,
                    "32": 42.0,
                    "33": 42.0,
                    "34": 42.0,
                    "35": 42.0,
                    "36": 42.0,
                    "37": 42.0,
                    "38": 42.0,
                    "39": 42.0,
                    "40": 42.0,
                    "41": 42.0,
                    "42": 42.0,
                    "43": 42.0,
                    "44": 42.0,
                    "45": 42.0,
                    "46": 42.0,
                    "47": 39.0,
                    "48": 39.0,
                    "49": 39.0,
                    "50": 39.0,
                    "51": 39.0,
                    "52": 39.0,
                    "53": 39.0,
                    "54": 39.0,
                    "55": 39.0,
                    "56": 39.0,
                    "57": 39.0,
                    "58": 39.0,
                    "59": 39.0,
                    "60": 39.0,
                    "61": 39.0,
                    "62": 33.0,
                    "63": 33.0,
                    "64": 33.0,
                    "65": 33.0,
                    "66": 33.0,
                    "67": 36.0,
                    "68": 36.0,
                    "69": 36.0,
                    "70": 36.0,
                    "71": 36.0,
                    "72": 34.0,
                    "73": 34.0,
                    "74": 34.0,
                    "75": 34.0,
                    "76": 34.0,
                    "77": 36.0,
                    "78": 36.0,
                    "79": 36.0,
                    "80": 36.0,
                    "81": 36.0,
                    "82": 38.0,
                    "83": 38.0,
                    "84": 38.0,
                    "85": 38.0,
                    "86": 38.0,
                    "87": 37.0,
                    "88": 37.0,
                    "89": 37.0,
                    "90": 37.0,
                    "91": 37.0,
                    "92": 35.0,
                    "93": 35.0,
                    "94": 35.0,
                    "95": 35.0,
                    "96": 35.0,
                    "97": 27.0,
                    "98": 27.0,
                    "99": 27.0,
                    "100": 27.0,
                    "101": 27.0,
                    "102": 27.0,
                    "103": 27.0,
                    "104": 27.0,
                    "105": 27.0,
                    "106": 27.0,
                    "107": 25.0,
                    "108": 25.0,
                    "109": 25.0,
                    "110": 25.0,
                    "111": 25.0,
                    "112": 24.0,
                    "113": 24.0,
                    "114": 24.0,
                    "115": 24.0,
                    "116": 24.0,
                    "117": 24.0,
                    "118": 24.0,
                    "119": 24.0,
                    "120": 24.0
                }
            },
            {
                "summaryType": "spo2",
                "minValue": 97.0,
                "maxValue": 98.0,
                "avgValue": 97.0,
                "epochSummaries": {
                    "0": 97.0,
                    "1": 97.0,
                    "2": 97.0,
                    "3": 97.0,
                    "4": 97.0,
                    "5": 97.0,
                    "6": 97.0,
                    "7": 97.0,
                    "8": 97.0,
                    "9": 97.0,
                    "10": 97.0,
                    "11": 97.0,
                    "12": 97.0,
                    "13": 97.0,
                    "14": 97.0,
                    "15": 97.0,
                    "16": 97.0,
                    "17": 97.0,
                    "18": 97.0,
                    "19": 97.0,
                    "20": 97.0,
                    "21": 97.0,
                    "22": 98.0,
                    "23": 98.0,
                    "24": 98.0,
                    "25": 98.0,
                    "26": 98.0,
                    "27": 98.0,
                    "28": 98.0,
                    "29": 98.0,
                    "30": 98.0,
                    "31": 98.0,
                    "32": 98.0,
                    "33": 98.0,
                    "34": 98.0,
                    "35": 98.0,
                    "36": 98.0,
                    "37": 98.0,
                    "38": 98.0,
                    "39": 98.0,
                    "40": 98.0,
                    "41": 98.0,
                    "42": 98.0,
                    "43": 98.0,
                    "44": 97.0,
                    "45": 97.0,
                    "46": 97.0,
                    "47": 97.0,
                    "48": 97.0,
                    "49": 97.0,
                    "50": 97.0,
                    "51": 97.0,
                    "52": 97.0,
                    "53": 97.0,
                    "54": 97.0,
                    "55": 97.0,
                    "56": 97.0,
                    "57": 97.0,
                    "58": 97.0,
                    "59": 97.0,
                    "60": 97.0,
                    "61": 97.0,
                    "62": 97.0,
                    "63": 97.0,
                    "64": 97.0,
                    "65": 97.0,
                    "66": 97.0,
                    "67": 97.0,
                    "68": 97.0,
                    "69": 97.0,
                    "70": 97.0,
                    "71": 97.0,
                    "72": 97.0,
                    "73": 97.0,
                    "74": 97.0,
                    "75": 97.0,
                    "76": 97.0,
                    "77": 97.0,
                    "78": 97.0,
                    "79": 97.0,
                    "80": 97.0,
                    "81": 97.0,
                    "82": 97.0,
                    "83": 97.0,
                    "84": 97.0,
                    "85": 97.0,
                    "86": 97.0,
                    "87": 97.0,
                    "88": 97.0,
                    "89": 97.0,
                    "90": 97.0,
                    "91": 97.0,
                    "92": 97.0,
                    "93": 97.0,
                    "94": 97.0,
                    "95": 97.0,
                    "96": 97.0,
                    "97": 97.0,
                    "98": 97.0,
                    "99": 97.0,
                    "100": 97.0,
                    "101": 97.0,
                    "102": 97.0,
                    "103": 97.0,
                    "104": 97.0,
                    "105": 97.0,
                    "106": 97.0,
                    "107": 97.0,
                    "108": 97.0,
                    "109": 97.0,
                    "110": 97.0,
                    "111": 97.0,
                    "112": 97.0,
                    "113": 97.0,
                    "114": 97.0,
                    "115": 97.0,
                    "116": 97.0,
                    "117": 97.0,
                    "118": 97.0,
                    "119": 97.0,
                    "120": 97.0
                }
            },
            {
                "summaryType": "rmssd_hrv",
                "avgValue": 65.0
            },
            {
                "summaryType": "sdrr_hrv",
                "avgValue": 106.0
            }
        ]
    },
    {
        "userId": "49d85c6a-b8f8-4787-95fa-f145553e59a9",
        "userAccessToken": "7b64f2c3-1572-407f-ac1a-ea3ef127ff2c",
        "summaryId": "x45dba26-670671c5f5e01ac2-e793-4f81-86e2-23964441319578",
        "calendarDate": "2024-10-09",
        "startTimeInSeconds": 1728475589,
        "durationInSeconds": 120,
        "startTimeOffsetInSeconds": 7254,
        "summaries": [
            {
                "summaryType": "heart_rate",
                "minValue": 69.0,
                "maxValue": 86.0,
                "avgValue": 79.0,
                "epochSummaries": {
                    "0": 77.0,
                    "1": 77.0,
                    "2": 78.0,
                    "3": 78.0,
                    "4": 78.0,
                    "5": 79.0,
                    "6": 79.0,
                    "7": 80.0,
                    "8": 82.0,
                    "9": 83.0,
                    "10": 85.0,
                    "11": 86.0,
                    "12": 86.0,
                    "13": 86.0,
                    "14": 86.0,
                    "15": 86.0,
                    "16": 86.0,
                    "17": 85.0,
                    "18": 85.0,
                    "19": 86.0,
                    "20": 86.0,
                    "21": 85.0,
                    "22": 85.0,
                    "23": 84.0,
                    "24": 82.0,
                    "25": 79.0,
                    "26": 78.0,
                    "27": 78.0,
                    "28": 78.0,
                    "29": 78.0,
                    "30": 78.0,
                    "31": 78.0,
                    "32": 78.0,
                    "33": 78.0,
                    "34": 76.0,
                    "35": 77.0,
                    "36": 77.0,
                    "37": 77.0,
                    "38": 77.0,
                    "39": 77.0,
                    "40": 78.0,
                    "41": 78.0,
                    "43": 77.0,
                    "44": 77.0,
                    "45": 76.0,
                    "46": 77.0,
                    "47": 77.0,
                    "48": 77.0,
                    "49": 77.0,
                    "50": 77.0,
                    "51": 76.0,
                    "52": 74.0,
                    "53": 70.0,
                    "54": 69.0,
                    "55": 69.0,
                    "56": 70.0,
                    "57": 72.0,
                    "58": 73.0,
                    "59": 78.0,
                    "60": 79.0,
                    "61": 79.0,
                    "62": 78.0,
                    "63": 77.0,
                    "64": 76.0,
                    "65": 75.0,
                    "66": 75.0,
                    "67": 76.0,
                    "68": 77.0,
                    "69": 78.0,
                    "70": 78.0,
                    "71": 79.0,
                    "72": 79.0,
                    "73": 79.0,
                    "74": 79.0,
                    "75": 79.0,
                    "76": 79.0,
                    "77": 80.0,
                    "78": 81.0,
                    "79": 82.0,
                    "80": 84.0,
                    "81": 84.0,
                    "82": 83.0,
                    "83": 83.0,
                    "84": 82.0,
                    "85": 82.0,
                    "86": 80.0,
                    "87": 81.0,
                    "88": 81.0,
                    "89": 82.0,
                    "90": 83.0,
                    "91": 83.0,
                    "92": 83.0,
                    "93": 82.0,
                    "94": 82.0,
                    "95": 81.0,
                    "96": 80.0,
                    "97": 79.0,
                    "98": 77.0,
                    "99": 76.0,
                    "100": 75.0,
                    "101": 75.0,
                    "102": 74.0,
                    "103": 73.0,
                    "104": 74.0,
                    "105": 74.0,
                    "106": 74.0,
                    "107": 74.0,
                    "108": 74.0,
                    "109": 75.0,
                    "110": 75.0,
                    "111": 75.0,
                    "112": 75.0,
                    "113": 76.0,
                    "114": 77.0,
                    "115": 78.0,
                    "116": 79.0,
                    "117": 82.0,
                    "118": 82.0,
                    "119": 83.0,
                    "120": 83.0,
                    "121": 83.0
                }
            },
            {
                "summaryType": "respiration",
                "minValue": 11.09000015258789,
                "maxValue": 13.359999656677246,
                "avgValue": 12.8100004196167,
                "epochSummaries": {
                    "0": 11.640000343322754,
                    "1": 11.640000343322754,
                    "2": 11.09000015258789,
                    "3": 11.09000015258789,
                    "4": 11.09000015258789,
                    "5": 11.470000267028809,
                    "6": 11.470000267028809,
                    "7": 11.470000267028809,
                    "8": 11.470000267028809,
                    "9": 11.779999732971191,
                    "10": 11.779999732971191,
                    "11": 11.779999732971191,
                    "12": 11.979999542236328,
                    "13": 11.979999542236328,
                    "14": 11.979999542236328,
                    "15": 11.979999542236328,
                    "16": 12.170000076293945,
                    "17": 12.170000076293945,
                    "18": 12.170000076293945,
                    "19": 12.40999984741211,
                    "20": 12.40999984741211,
                    "21": 12.40999984741211,
                    "22": 12.40999984741211,
                    "23": 12.40999984741211,
                    "24": 12.470000267028809,
                    "25": 12.470000267028809,
                    "26": 12.470000267028809,
                    "27": 12.470000267028809,
                    "28": 12.470000267028809,
                    "29": 12.449999809265137,
                    "30": 12.449999809265137,
                    "31": 12.699999809265137,
                    "32": 12.699999809265137,
                    "33": 12.699999809265137,
                    "34": 12.90999984741211,
                    "35": 12.90999984741211,
                    "36": 12.90999984741211,
                    "37": 12.90999984741211,
                    "38": 13.039999961853027,
                    "39": 13.039999961853027,
                    "40": 13.25,
                    "41": 13.25,
                    "43": 13.25,
                    "44": 13.25,
                    "45": 13.25,
                    "46": 13.34000015258789,
                    "47": 13.34000015258789,
                    "48": 13.34000015258789,
                    "49": 13.34000015258789,
                    "50": 13.34000015258789,
                    "51": 13.34000015258789,
                    "52": 13.34000015258789,
                    "53": 13.34000015258789,
                    "54": 13.34000015258789,
                    "55": 13.270000457763672,
                    "56": 13.270000457763672,
                    "57": 13.270000457763672,
                    "58": 13.270000457763672,
                    "59": 13.270000457763672,
                    "60": 13.279999732971191,
                    "61": 13.279999732971191,
                    "62": 13.279999732971191,
                    "63": 13.279999732971191,
                    "64": 13.279999732971191,
                    "65": 13.279999732971191,
                    "66": 13.279999732971191,
                    "67": 13.279999732971191,
                    "68": 13.279999732971191,
                    "69": 13.319999694824219,
                    "70": 13.319999694824219,
                    "71": 13.319999694824219,
                    "72": 13.319999694824219,
                    "73": 13.359999656677246,
                    "74": 13.359999656677246,
                    "75": 13.359999656677246,
                    "76": 13.359999656677246,
                    "77": 13.359999656677246,
                    "78": 13.279999732971191,
                    "79": 13.279999732971191,
                    "80": 13.279999732971191,
                    "81": 13.279999732971191,
                    "82": 13.279999732971191,
                    "83": 13.279999732971191,
                    "84": 13.239999771118164,
                    "85": 13.239999771118164,
                    "86": 13.239999771118164,
                    "87": 13.239999771118164,
                    "88": 13.239999771118164,
                    "89": 13.239999771118164,
                    "90": 13.239999771118164,
                    "91": 13.239999771118164,
                    "92": 13.239999771118164,
                    "93": 13.239999771118164,
                    "94": 13.239999771118164,
                    "95": 13.239999771118164,
                    "96": 13.239999771118164,
                    "97": 13.010000228881836,
                    "98": 13.199999809265137,
                    "99": 13.199999809265137,
                    "100": 13.199999809265137,
                    "101": 13.199999809265137,
                    "102": 13.199999809265137,
                    "103": 12.930000305175781,
                    "104": 12.930000305175781,
                    "105": 12.930000305175781,
                    "106": 12.930000305175781,
                    "107": 12.930000305175781,
                    "108": 12.470000267028809,
                    "109": 12.470000267028809,
                    "110": 12.470000267028809,
                    "111": 12.470000267028809,
                    "112": 12.470000267028809,
                    "113": 12.470000267028809,
                    "114": 12.470000267028809,
                    "115": 12.470000267028809,
                    "116": 12.470000267028809,
                    "117": 12.470000267028809,
                    "118": 12.510000228881836,
                    "119": 12.760000228881836,
                    "120": 12.760000228881836,
                    "121": 12.739999771118164
                }
            },
            {
                "summaryType": "stress",
                "minValue": 29.0,
                "maxValue": 57.0,
                "avgValue": 40.0,
                "epochSummaries": {
                    "0": 30.0,
                    "1": 30.0,
                    "2": 30.0,
                    "3": 30.0,
                    "4": 30.0,
                    "5": 30.0,
                    "6": 30.0,
                    "7": 30.0,
                    "8": 30.0,
                    "9": 30.0,
                    "10": 30.0,
                    "11": 32.0,
                    "12": 32.0,
                    "13": 32.0,
                    "14": 32.0,
                    "15": 32.0,
                    "16": 32.0,
                    "17": 32.0,
                    "18": 32.0,
                    "19": 32.0,
                    "20": 32.0,
                    "21": 36.0,
                    "22": 36.0,
                    "23": 36.0,
                    "24": 36.0,
                    "25": 36.0,
                    "26": 39.0,
                    "27": 39.0,
                    "28": 39.0,
                    "29": 39.0,
                    "30": 39.0,
                    "31": 43.0,
                    "32": 43.0,
                    "33": 43.0,
                    "34": 43.0,
                    "35": 43.0,
                    "36": 47.0,
                    "37": 47.0,
                    "38": 47.0,
                    "39": 47.0,
                    "40": 47.0,
                    "41": 48.0,
                    "43": 48.0,
                    "44": 48.0,
                    "45": 48.0,
                    "46": 48.0,
                    "47": 47.0,
                    "48": 47.0,
                    "49": 47.0,
                    "50": 47.0,
                    "51": 47.0,
                    "52": 40.0,
                    "53": 40.0,
                    "54": 40.0,
                    "55": 40.0,
                    "56": 40.0,
                    "57": 36.0,
                    "58": 36.0,
                    "59": 36.0,
                    "60": 36.0,
                    "61": 36.0,
                    "62": 33.0,
                    "63": 33.0,
                    "64": 33.0,
                    "65": 33.0,
                    "66": 33.0,
                    "67": 29.0,
                    "68": 29.0,
                    "69": 29.0,
                    "70": 29.0,
                    "71": 29.0,
                    "72": 33.0,
                    "73": 33.0,
                    "74": 33.0,
                    "75": 33.0,
                    "76": 33.0,
                    "77": 33.0,
                    "78": 33.0,
                    "79": 33.0,
                    "80": 33.0,
                    "81": 33.0,
                    "82": 36.0,
                    "83": 36.0,
                    "84": 36.0,
                    "85": 36.0,
                    "86": 36.0,
                    "87": 36.0,
                    "88": 36.0,
                    "89": 36.0,
                    "90": 36.0,
                    "91": 36.0,
                    "92": 42.0,
                    "93": 42.0,
                    "94": 42.0,
                    "95": 42.0,
                    "96": 42.0,
                    "97": 49.0,
                    "98": 49.0,
                    "99": 49.0,
                    "100": 49.0,
                    "101": 49.0,
                    "102": 49.0,
                    "103": 49.0,
                    "104": 49.0,
                    "105": 49.0,
                    "106": 49.0,
                    "107": 50.0,
                    "108": 50.0,
                    "109": 50.0,
                    "110": 50.0,
                    "111": 50.0,
                    "112": 50.0,
                    "113": 50.0,
                    "114": 50.0,
                    "115": 50.0,
                    "116": 50.0,
                    "117": 57.0,
                    "118": 57.0,
                    "119": 57.0,
                    "120": 57.0,
                    "121": 57.0
                }
            },
            {
                "summaryType": "spo2",
                "minValue": 97.0,
                "maxValue": 98.0,
                "avgValue": 97.0,
                "epochSummaries": {
                    "1": 97.0,
                    "2": 97.0,
                    "3": 97.0,
                    "4": 97.0,
                    "5": 97.0,
                    "6": 97.0,
                    "7": 97.0,
                    "8": 97.0,
                    "9": 97.0,
                    "10": 97.0,
                    "11": 97.0,
                    "12": 97.0,
                    "13": 97.0,
                    "14": 97.0,
                    "15": 97.0,
                    "16": 97.0,
                    "17": 97.0,
                    "18": 97.0,
                    "19": 97.0,
                    "20": 97.0,
                    "21": 97.0,
                    "22": 97.0,
                    "23": 97.0,
                    "24": 97.0,
                    "25": 97.0,
                    "26": 98.0,
                    "27": 98.0,
                    "28": 98.0,
                    "29": 98.0,
                    "30": 98.0,
                    "31": 98.0,
                    "32": 98.0,
                    "33": 98.0,
                    "34": 98.0,
                    "35": 98.0,
                    "36": 98.0,
                    "37": 98.0,
                    "38": 98.0,
                    "39": 98.0,
                    "40": 97.0,
                    "41": 97.0,
                    "43": 97.0,
                    "44": 97.0,
                    "45": 97.0,
                    "46": 97.0,
                    "47": 97.0,
                    "48": 97.0,
                    "49": 97.0,
                    "50": 97.0,
                    "51": 97.0,
                    "52": 97.0,
                    "53": 97.0,
                    "54": 97.0,
                    "55": 97.0,
                    "56": 97.0,
                    "57": 97.0,
                    "58": 97.0,
                    "59": 97.0,
                    "60": 97.0,
                    "61": 97.0,
                    "62": 97.0,
                    "63": 97.0,
                    "64": 97.0,
                    "65": 97.0,
                    "66": 97.0,
                    "67": 97.0,
                    "68": 97.0,
                    "69": 97.0,
                    "70": 97.0,
                    "71": 97.0,
                    "72": 97.0,
                    "73": 97.0,
                    "74": 97.0,
                    "75": 97.0,
                    "76": 97.0,
                    "77": 97.0,
                    "78": 97.0,
                    "79": 97.0,
                    "80": 97.0,
                    "81": 97.0,
                    "82": 97.0,
                    "83": 97.0,
                    "84": 97.0,
                    "85": 97.0,
                    "86": 97.0,
                    "87": 97.0,
                    "88": 97.0,
                    "89": 97.0,
                    "90": 97.0,
                    "91": 97.0,
                    "92": 97.0,
                    "93": 97.0,
                    "94": 97.0,
                    "95": 97.0,
                    "96": 97.0,
                    "97": 97.0,
                    "98": 97.0,
                    "99": 97.0,
                    "100": 97.0,
                    "101": 97.0,
                    "102": 97.0,
                    "103": 97.0,
                    "104": 97.0,
                    "105": 97.0,
                    "106": 97.0,
                    "107": 97.0,
                    "108": 97.0,
                    "109": 97.0,
                    "110": 97.0,
                    "111": 97.0,
                    "112": 97.0,
                    "113": 97.0,
                    "114": 97.0,
                    "115": 97.0,
                    "116": 97.0,
                    "117": 97.0,
                    "118": 97.0,
                    "119": 98.0,
                    "120": 98.0,
                    "121": 98.0
                }
            },
            {
                "summaryType": "rmssd_hrv",
                "avgValue": 50.0
            },
            {
                "summaryType": "sdrr_hrv",
                "avgValue": 68.0
            }
        ]
    },
    {
        "userId": "49d85c6a-b8f8-4787-95fa-f145553e59a9",
        "userAccessToken": "7b64f2c3-1572-407f-ac1a-ea3ef127ff2c",
        "summaryId": "x45dba26-6706eae750669cb8-d3ec-4190-b0fe-f0c5783dc2cf78",
        "calendarDate": "2024-10-09",
        "startTimeInSeconds": 1728506599,
        "durationInSeconds": 120,
        "startTimeOffsetInSeconds": 7254,
        "summaries": [
            {
                "summaryType": "heart_rate",
                "minValue": 76.0,
                "maxValue": 105.0,
                "avgValue": 85.0,
                "epochSummaries": {
                    "0": 91.0,
                    "1": 93.0,
                    "2": 93.0,
                    "3": 95.0,
                    "4": 97.0,
                    "5": 101.0,
                    "6": 105.0,
                    "7": 105.0,
                    "8": 105.0,
                    "9": 104.0,
                    "10": 103.0,
                    "11": 103.0,
                    "12": 103.0,
                    "13": 101.0,
                    "14": 99.0,
                    "15": 98.0,
                    "16": 97.0,
                    "17": 93.0,
                    "18": 87.0,
                    "19": 84.0,
                    "20": 82.0,
                    "21": 82.0,
                    "22": 83.0,
                    "23": 83.0,
                    "24": 84.0,
                    "25": 84.0,
                    "26": 84.0,
                    "27": 83.0,
                    "28": 82.0,
                    "29": 82.0,
                    "30": 82.0,
                    "31": 83.0,
                    "32": 83.0,
                    "33": 83.0,
                    "34": 83.0,
                    "35": 83.0,
                    "36": 83.0,
                    "37": 83.0,
                    "38": 83.0,
                    "39": 83.0,
                    "40": 83.0,
                    "41": 83.0,
                    "42": 83.0,
                    "43": 83.0,
                    "44": 86.0,
                    "45": 87.0,
                    "46": 86.0,
                    "47": 85.0,
                    "48": 84.0,
                    "49": 84.0,
                    "50": 84.0,
                    "51": 81.0,
                    "52": 80.0,
                    "53": 80.0,
                    "54": 79.0,
                    "55": 79.0,
                    "56": 80.0,
                    "57": 80.0,
                    "58": 79.0,
                    "59": 79.0,
                    "60": 78.0,
                    "61": 78.0,
                    "62": 77.0,
                    "63": 76.0,
                    "64": 77.0,
                    "65": 77.0,
                    "66": 78.0,
                    "67": 78.0,
                    "68": 79.0,
                    "69": 79.0,
                    "70": 78.0,
                    "71": 78.0,
                    "72": 78.0,
                    "73": 78.0,
                    "74": 78.0,
                    "75": 79.0,
                    "76": 80.0,
                    "77": 80.0,
                    "78": 80.0,
                    "79": 80.0,
                    "80": 80.0,
                    "81": 81.0,
                    "82": 81.0,
                    "83": 82.0,
                    "84": 82.0,
                    "85": 83.0,
                    "86": 83.0,
                    "87": 83.0,
                    "88": 83.0,
                    "89": 83.0,
                    "90": 83.0,
                    "91": 83.0,
                    "92": 83.0,
                    "93": 84.0,
                    "94": 84.0,
                    "95": 84.0,
                    "96": 84.0,
                    "97": 84.0,
                    "98": 84.0,
                    "99": 83.0,
                    "100": 83.0,
                    "101": 82.0,
                    "102": 81.0,
                    "103": 82.0,
                    "104": 83.0,
                    "105": 83.0,
                    "106": 83.0,
                    "107": 83.0,
                    "108": 83.0,
                    "109": 84.0,
                    "110": 84.0,
                    "111": 85.0,
                    "112": 85.0,
                    "113": 85.0,
                    "114": 85.0,
                    "115": 85.0,
                    "116": 85.0,
                    "117": 85.0,
                    "118": 86.0,
                    "119": 86.0,
                    "120": 88.0
                }
            },
            {
                "summaryType": "respiration",
                "minValue": 12.880000114440918,
                "maxValue": 14.699999809265137,
                "avgValue": 14.140000343322754,
                "epochSummaries": {
                    "0": 13.420000076293945,
                    "1": 13.670000076293945,
                    "2": 13.670000076293945,
                    "3": 13.670000076293945,
                    "4": 13.920000076293945,
                    "5": 13.920000076293945,
                    "6": 13.920000076293945,
                    "7": 13.920000076293945,
                    "8": 13.920000076293945,
                    "9": 13.920000076293945,
                    "10": 13.75,
                    "11": 13.75,
                    "12": 13.75,
                    "13": 13.75,
                    "14": 13.75,
                    "15": 13.75,
                    "16": 13.84000015258789,
                    "17": 14.010000228881836,
                    "18": 14.010000228881836,
                    "19": 14.010000228881836,
                    "20": 14.010000228881836,
                    "21": 14.399999618530273,
                    "22": 14.399999618530273,
                    "23": 14.399999618530273,
                    "24": 14.550000190734863,
                    "25": 14.550000190734863,
                    "26": 14.550000190734863,
                    "27": 14.550000190734863,
                    "28": 14.550000190734863,
                    "29": 14.550000190734863,
                    "30": 14.550000190734863,
                    "31": 14.6899995803833,
                    "32": 14.6899995803833,
                    "33": 14.6899995803833,
                    "34": 14.390000343322754,
                    "35": 14.390000343322754,
                    "36": 14.390000343322754,
                    "37": 14.699999809265137,
                    "38": 14.699999809265137,
                    "39": 14.699999809265137,
                    "40": 14.699999809265137,
                    "41": 14.699999809265137,
                    "42": 14.579999923706055,
                    "43": 14.579999923706055,
                    "44": 14.579999923706055,
                    "45": 14.579999923706055,
                    "46": 14.579999923706055,
                    "47": 14.380000114440918,
                    "48": 14.380000114440918,
                    "49": 14.380000114440918,
                    "50": 14.380000114440918,
                    "51": 14.380000114440918,
                    "52": 14.380000114440918,
                    "53": 14.380000114440918,
                    "54": 14.260000228881836,
                    "55": 14.260000228881836,
                    "56": 14.260000228881836,
                    "57": 14.260000228881836,
                    "58": 13.9399995803833,
                    "59": 13.9399995803833,
                    "60": 13.9399995803833,
                    "61": 13.9399995803833,
                    "62": 13.9399995803833,
                    "63": 13.9399995803833,
                    "64": 13.9399995803833,
                    "65": 14.229999542236328,
                    "66": 14.229999542236328,
                    "67": 14.229999542236328,
                    "68": 14.229999542236328,
                    "69": 14.229999542236328,
                    "70": 14.319999694824219,
                    "71": 14.319999694824219,
                    "72": 14.319999694824219,
                    "73": 14.319999694824219,
                    "74": 14.319999694824219,
                    "75": 14.0600004196167,
                    "76": 14.0600004196167,
                    "77": 14.0600004196167,
                    "78": 14.0600004196167,
                    "79": 14.0600004196167,
                    "80": 14.0600004196167,
                    "81": 14.0600004196167,
                    "82": 14.0600004196167,
                    "83": 14.0600004196167,
                    "84": 14.0600004196167,
                    "85": 14.0600004196167,
                    "86": 14.0600004196167,
                    "87": 14.0600004196167,
                    "88": 14.0600004196167,
                    "89": 14.0600004196167,
                    "90": 14.0600004196167,
                    "91": 14.0600004196167,
                    "92": 14.0600004196167,
                    "93": 13.960000038146973,
                    "94": 13.960000038146973,
                    "95": 13.960000038146973,
                    "96": 13.960000038146973,
                    "97": 13.960000038146973,
                    "98": 13.960000038146973,
                    "99": 13.960000038146973,
                    "100": 13.960000038146973,
                    "101": 13.960000038146973,
                    "102": 13.960000038146973,
                    "103": 13.960000038146973,
                    "104": 13.960000038146973,
                    "105": 13.960000038146973,
                    "106": 13.960000038146973,
                    "107": 13.960000038146973,
                    "108": 13.960000038146973,
                    "109": 13.960000038146973,
                    "110": 13.960000038146973,
                    "111": 13.960000038146973,
                    "112": 13.960000038146973,
                    "113": 13.960000038146973,
                    "114": 14.140000343322754,
                    "115": 14.140000343322754,
                    "116": 14.140000343322754,
                    "117": 14.140000343322754,
                    "118": 14.140000343322754,
                    "119": 14.140000343322754,
                    "120": 12.880000114440918
                }
            },
            {
                "summaryType": "stress",
                "minValue": 52.0,
                "maxValue": 88.0,
                "avgValue": 71.0,
                "epochSummaries": {
                    "0": 78.0,
                    "1": 78.0,
                    "2": 78.0,
                    "3": 78.0,
                    "4": 78.0,
                    "5": 78.0,
                    "6": 81.0,
                    "7": 81.0,
                    "8": 81.0,
                    "9": 81.0,
                    "10": 81.0,
                    "11": 83.0,
                    "12": 83.0,
                    "13": 83.0,
                    "14": 83.0,
                    "15": 83.0,
                    "16": 86.0,
                    "17": 86.0,
                    "18": 86.0,
                    "19": 86.0,
                    "20": 86.0,
                    "21": 88.0,
                    "22": 88.0,
                    "23": 88.0,
                    "24": 88.0,
                    "25": 88.0,
                    "26": 88.0,
                    "27": 88.0,
                    "28": 88.0,
                    "29": 88.0,
                    "30": 88.0,
                    "31": 87.0,
                    "32": 87.0,
                    "33": 87.0,
                    "34": 87.0,
                    "35": 87.0,
                    "36": 83.0,
                    "37": 83.0,
                    "38": 83.0,
                    "39": 83.0,
                    "40": 83.0,
                    "41": 78.0,
                    "42": 78.0,
                    "43": 78.0,
                    "44": 78.0,
                    "45": 78.0,
                    "46": 75.0,
                    "47": 75.0,
                    "48": 75.0,
                    "49": 75.0,
                    "50": 75.0,
                    "51": 71.0,
                    "52": 71.0,
                    "53": 71.0,
                    "54": 71.0,
                    "55": 71.0,
                    "56": 69.0,
                    "57": 69.0,
                    "58": 69.0,
                    "59": 69.0,
                    "60": 69.0,
                    "61": 64.0,
                    "62": 64.0,
                    "63": 64.0,
                    "64": 64.0,
                    "65": 64.0,
                    "66": 62.0,
                    "67": 62.0,
                    "68": 62.0,
                    "69": 62.0,
                    "70": 62.0,
                    "71": 58.0,
                    "72": 58.0,
                    "73": 58.0,
                    "74": 58.0,
                    "75": 58.0,
                    "76": 52.0,
                    "77": 52.0,
                    "78": 52.0,
                    "79": 52.0,
                    "80": 52.0,
                    "81": 52.0,
                    "82": 52.0,
                    "83": 52.0,
                    "84": 52.0,
                    "85": 52.0,
                    "86": 54.0,
                    "87": 54.0,
                    "88": 54.0,
                    "89": 54.0,
                    "90": 54.0,
                    "91": 58.0,
                    "92": 58.0,
                    "93": 58.0,
                    "94": 58.0,
                    "95": 58.0,
                    "96": 60.0,
                    "97": 60.0,
                    "98": 60.0,
                    "99": 60.0,
                    "100": 60.0,
                    "101": 66.0,
                    "102": 66.0,
                    "103": 66.0,
                    "104": 66.0,
                    "105": 66.0,
                    "106": 69.0,
                    "107": 69.0,
                    "108": 69.0,
                    "109": 69.0,
                    "110": 69.0,
                    "111": 70.0,
                    "112": 70.0,
                    "113": 70.0,
                    "114": 70.0,
                    "115": 70.0,
                    "116": 71.0,
                    "117": 71.0,
                    "118": 71.0,
                    "119": 71.0,
                    "120": 71.0
                }
            },
            {
                "summaryType": "spo2",
                "minValue": 98.0,
                "maxValue": 100.0,
                "avgValue": 99.0,
                "epochSummaries": {
                    "0": 99.0,
                    "1": 99.0,
                    "2": 99.0,
                    "3": 99.0,
                    "4": 99.0,
                    "5": 99.0,
                    "6": 99.0,
                    "7": 99.0,
                    "8": 99.0,
                    "9": 99.0,
                    "10": 99.0,
                    "11": 99.0,
                    "12": 99.0,
                    "13": 99.0,
                    "14": 99.0,
                    "15": 99.0,
                    "16": 99.0,
                    "17": 99.0,
                    "18": 99.0,
                    "19": 99.0,
                    "20": 99.0,
                    "21": 99.0,
                    "22": 99.0,
                    "23": 99.0,
                    "24": 99.0,
                    "25": 99.0,
                    "26": 100.0,
                    "27": 100.0,
                    "28": 100.0,
                    "29": 100.0,
                    "30": 100.0,
                    "31": 100.0,
                    "32": 100.0,
                    "33": 100.0,
                    "34": 100.0,
                    "35": 100.0,
                    "36": 100.0,
                    "37": 100.0,
                    "38": 100.0,
                    "39": 100.0,
                    "40": 99.0,
                    "41": 99.0,
                    "42": 99.0,
                    "43": 99.0,
                    "44": 99.0,
                    "45": 99.0,
                    "46": 99.0,
                    "47": 99.0,
                    "48": 99.0,
                    "49": 99.0,
                    "50": 99.0,
                    "51": 99.0,
                    "52": 99.0,
                    "53": 99.0,
                    "54": 99.0,
                    "55": 99.0,
                    "56": 99.0,
                    "57": 99.0,
                    "58": 99.0,
                    "59": 99.0,
                    "60": 99.0,
                    "61": 99.0,
                    "62": 100.0,
                    "63": 100.0,
                    "64": 100.0,
                    "65": 100.0,
                    "66": 100.0,
                    "67": 100.0,
                    "68": 100.0,
                    "69": 100.0,
                    "70": 99.0,
                    "71": 99.0,
                    "72": 99.0,
                    "73": 99.0,
                    "74": 99.0,
                    "75": 99.0,
                    "76": 99.0,
                    "77": 99.0,
                    "78": 99.0,
                    "79": 99.0,
                    "80": 99.0,
                    "81": 99.0,
                    "82": 99.0,
                    "83": 99.0,
                    "84": 99.0,
                    "85": 99.0,
                    "86": 99.0,
                    "87": 99.0,
                    "88": 99.0,
                    "89": 99.0,
                    "90": 99.0,
                    "91": 99.0,
                    "92": 99.0,
                    "93": 99.0,
                    "94": 99.0,
                    "95": 99.0,
                    "96": 99.0,
                    "97": 99.0,
                    "98": 99.0,
                    "99": 99.0,
                    "100": 99.0,
                    "101": 99.0,
                    "102": 99.0,
                    "103": 99.0,
                    "104": 99.0,
                    "105": 99.0,
                    "106": 99.0,
                    "107": 99.0,
                    "108": 99.0,
                    "109": 99.0,
                    "110": 99.0,
                    "111": 99.0,
                    "112": 99.0,
                    "113": 99.0,
                    "114": 98.0,
                    "115": 98.0,
                    "116": 99.0,
                    "117": 99.0,
                    "118": 99.0,
                    "119": 99.0,
                    "120": 99.0
                }
            },
            {
                "summaryType": "rmssd_hrv",
                "avgValue": 34.0
            },
            {
                "summaryType": "sdrr_hrv",
                "avgValue": 84.0
            }
        ]
    }
]