[
    {
        "userId": "49d85c6a-b8f8-4787-95fa-f145553e59a9",
        "userAccessToken": "7b64f2c3-1572-407f-ac1a-ea3ef127ff2c",
        "summaryId": "x45dba26-6705ab60-14028",
        "startTimeInSeconds": 1728424800,
        "startTimeOffsetInSeconds": 7200,
        "durationInSeconds": 81960,
        "calendarDate": "2024-10-09",
        "timeOffsetStressLevelValues": {
            "0": 52,
            "180": 42,
            "360": 43,
            "540": 25,
            "720": 61,
            "900": -2,
            "1080": 32,
            "1260": 24,
            "1440": 20,
            "1620": 15,
            "1800": 13,
            "1980": 14,
            "2160": 11,
            "2340": 10,
            "2520": 9,
            "2700": 8,
            "2880": 9,
            "3060": 9,
            "3240": 12,
            "3420": 19,
            "3600": 10,
            "3780": 11,
            "3960": 2,
            "4140": 2,
            "4320": 3,
            "4500": 13,
            "4680": 2,
            "4860": 2,
            "5040": 2,
            "5220": 2,
            "5400": 2,
            "5580": 2,
            "5760": 3,
            "5940": 3,
            "6120": 3,
            "6300": 2,
            "6480": 2,
            "6660": 10,
            "6840": 10,
            "7020": 10,
            "7200": 9,
            "7380": 12,
            "7560": 8,
            "7740": 5,
            "7920": 12,
            "8100": 8,
            "8280": 6,
            "8460": 6,
            "8640": 7,
            "8820": 4,
            "9000": 7,
            "9180": 5,
            "9360": 5,
            "9540": 4,
            "9720": 3,
            "9900": 4,
            "10080": 3,
            "10260": 5,
            "10440": 5,
            "10620": 6,
            "10800": 7,
            "10980": 13,
            "11160": 5,
            "11340": 5,
            "11520": 6,
            "11700": 5,
            "11880": 6,
            "12060": 9,
            "12240": 7,
            "12420": 8,
            "12600": 9,
            "12780": 16,
            "12960": 65,
            "13140": 49,
            "13320": 42,
            "13500": 44,
            "13680": 20,
            "13860": 12,
            "14040": 13,
            "14220": 7,
            "14400": 10,
            "14580": -1,
            "14760": 6,
            "14940": 17,
            "15120": 6,
            "15300": 6,
            "15480": 5,
            "15660": 8,
            "15840": 7,
            "16020": 8,
            "16200": 9,
            "16380": 10,
            "16560": 11,
            "16740": 18,
            "16920": 25,
            "17100": 16,
            "17280": 12,
            "17460": 11,
            "17640": 14,
            "17820": 16,
            "18000": 13,
            "18180": 13,
            "18360": 15,
            "18540": 21,
            "18720": 15,
            "18900": 12,
            "19080": 11,
            "19260": 8,
            "19440": 9,
            "19620": 12,
            "19800": 17,
            "19980": 8,
            "20160": 6,
            "20340": 7,
            "20520": 17,
            "20700": -1,
            "20880": 34,
            "21060": 19,
            "21240": 9,
            "21420": 10,
            "21600": 8,
            "21780": 10,
            "21960": 12,
            "22140": 12,
            "22320": 10,
            "22500": 12,
            "22680": 13,
            "22860": 7,
            "23040": 6,
            "23220": 8,
            "23400": 10,
            "23580": 8,
            "23760": 6,
            "23940": 18,
            "24120": 24,
            "24300": 6,
            "24480": 11,
            "24660": 11,
            "24840": 9,
            "25020": 10,
            "25200": 5,
            "25380": 8,
            "25560": 5,
            "25740": 6,
            "25920": 6,
            "26100": 10,
            "26280": 6,
            "26460": 6,
            "26640": 11,
            "26820": 8,
            "27000": 9,
            "27180": 8,
            "27360": 10,
            "27540": 11,
            "27720": 11,
            "27900": 11,
            "28080": 11,
            "28260": 12,
            "28440": 10,
            "28620": 8,
            "28800": 3,
            "28980": 4,
            "29160": 15,
            "29340": 6,
            "29520": 12,
            "29700": 49,
            "29880": 54,
            "30060": 46,
            "30240": 34,
            "30420": -1,
            "30600": -1,
            "30780": -1,
            "30960": 28,
            "31140": 28,
            "31320": -1,
            "31500": -1,
            "31680": 17,
            "31860": 16,
            "32040": 13,
            "32220": 9,
            "32400": 8,
            "32580": 18,
            "32760": 13,
            "32940": 13,
            "33120": 15,
            "33300": 21,
            "33480": 14,
            "33660": 10,
            "33840": 25,
            "34020": -1,
            "34200": 50,
            "34380": 44,
            "34560": -1,
            "34740": -1,
            "34920": -1,
            "35100": -1,
            "35280": -1,
            "35460": -1,
            "35640": -2,
            "35820": -2,
            "36000": 65,
            "36180": -1,
            "36360": -1,
            "36540": -1,
            "36720": 28,
            "36900": -1,
            "37080": -1,
            "37260": -1,
            "37440": -2,
            "37620": -2,
            "37800": -1,
            "37980": 85,
            "38160": 91,
            "38340": 96,
            "38520": 95,
            "38700": -2,
            "38880": -2,
            "39060": -1,
            "39240": 64,
            "39420": 52,
            "39600": -2,
            "39780": -1,
            "39960": -2,
            "40140": 74,
            "40320": 73,
            "40500": -1,
            "40680": 76,
            "40860": 74,
            "41040": 76,
            "41220": 73,
            "41400": 74,
            "41580": -1,
            "41760": -1,
            "41940": -1,
            "42120": -1,
            "42300": -2,
            "42480": -1,
            "42660": 68,
            "42840": -1,
            "43020": -1,
            "43200": 53,
            "43380": 63,
            "43560": 29,
            "43740": 61,
            "43920": 43,
            "44100": -2,
            "44280": -1,
            "44460": 42,
            "44640": 42,
            "44820": -1,
            "45000": -2,
            "45180": -2,
            "45360": -2,
            "45540": -1,
            "45720": -2,
            "45900": 85,
            "46080": -1,
            "46260": -2,
            "46440": -2,
            "46620": -2,
            "46800": -2,
            "46980": -2,
            "47160": -2,
            "47340": -1,
            "47520": -1,
            "47700": -2,
            "47880": -1,
            "48060": -2,
            "48240": -2,
            "48420": 67,
            "48600": -1,
            "48780": 51,
            "48960": 23,
            "49140": -1,
            "49320": -2,
            "49500": -2,
            "49680": -2,
            "49860": -2,
            "50040": -2,
            "50220": -2,
            "50400": -1,
            "50580": 29,
            "50760": 32,
            "50940": -2,
            "51120": -2,
            "51300": -2,
            "51480": -1,
            "51660": -2,
            "51840": -2,
            "52020": -1,
            "52200": -2,
            "52380": -2,
            "52560": -2,
            "52740": -1,
            "52920": 66,
            "53100": -2,
            "53280": 40,
            "53460": -1,
            "53640": 35,
            "53820": -2,
            "54000": -2,
            "54180": -1,
            "54360": 63,
            "54540": 53,
            "54720": 58,
            "54900": 61,
            "55080": 52,
            "55260": 62,
            "55440": 51,
            "55620": -1,
            "55800": 61,
            "55980": 80,
            "56160": 88,
            "56340": -1,
            "56520": 64,
            "56700": 61,
            "56880": 64,
            "57060": 64,
            "57240": 67,
            "57420": 53,
            "57600": 62,
            "57780": 54,
            "57960": -1,
            "58140": 41,
            "58320": 25,
            "58500": 45,
            "58680": 49,
            "58860": 44,
            "59040": 46,
            "59220": 49,
            "59400": 46,
            "59580": 53,
            "59760": 43,
            "59940": 39,
            "60120": -1,
            "60300": -2,
            "60480": 85,
            "60660": -1,
            "60840": 87,
            "61020": 83,
            "61200": 86,
            "61380": -2,
            "61560": -1,
            "61740": 79,
            "61920": 87,
            "62100": 86,
            "62280": 75,
            "62460": 73,
            "62640": 67,
            "62820": 61,
            "63000": 71,
            "63180": 73,
            "63360": 79,
            "63540": -1,
            "63720": 74,
            "63900": 79,
            "64080": 71,
            "64260": -1,
            "64440": 73,
            "64620": -1,
            "64800": -2,
            "64980": -1,
            "65160": 79,
            "65340": -1,
            "65520": -2,
            "65700": 82,
            "65880": -1,
            "66060": 65,
            "66240": 76,
            "66420": 52,
            "66600": 83,
            "66780": -1,
            "66960": -2,
            "67140": 76,
            "67320": -1,
            "67500": -2,
            "67680": -1,
            "67860": -2,
            "68040": -2,
            "68220": -1,
            "68400": 49,
            "68580": -2,
            "68760": 44,
            "68940": 55,
            "69120": 31,
            "69300": 26,
            "69480": 34,
            "69660": -2,
            "69840": -2,
            "70020": -2,
            "70200": -2,
            "70380": -1,
            "70560": -2,
            "70740": -2,
            "70920": -2,
            "71100": -2,
            "71280": -1,
            "71460": 66,
            "71640": 60,
            "71820": -1,
            "72000": -1,
            "72180": 44,
            "72360": -1,
            "72540": 62,
            "72720": -1,
            "72900": 42,
            "73080": 38,
            "73260": 38,
            "73440": 40,
            "73620": 40,
            "73800": 45,
            "73980": -1,
            "74160": -1,
            "74340": 25,
            "74520": 30,
            "74700": 32,
            "74880": 30,
            "75060": 28,
            "75240": 31,
            "75420": 25,
            "75600": 22,
            "75780": 31,
            "75960": 55,
            "76140": 36,
            "76320": 52,
            "76500": 31,
            "76680": 40,
            "76860": -1,
            "77040": -1,
            "77220": -2,
            "77400": -1,
            "77580": -2,
            "77760": -2,
            "77940": -1,
            "78120": 57,
            "78300": -1,
            "78480": -2,
            "78660": -2,
            "78840": -2,
            "79020": -2,
            "79200": 58,
            "79380": -1,
            "79560": 74,
            "79740": 43,
            "79920": 53,
            "80100": 46,
            "80280": 39,
            "80460": 37,
            "80640": 32,
            "80820": 36,
            "81000": 40,
            "81180": 64,
            "81360": 58,
            "81540": 52,
            "81720": 73,
            "81900": 73
        },
        "timeOffsetBodyBatteryValues": {
            "0": 5,
            "180": 5,
            "360": 5,
            "540": 5,
            "720": 5,
            "900": 5,
            "1080": 5,
            "1260": 5,
            "1440": 5,
            "1620": 5,
            "1800": 5,
            "1980": 5,
            "2160": 5,
            "2340": 5,
            "2520": 5,
            "2700": 5,
            "2880": 5,
            "3060": 5,
            "3240": 5,
            "3420": 5,
            "3600": 5,
            "3780": 5,
            "3960": 5,
            "4140": 6,
            "4320": 6,
            "4500": 7,
            "4680": 7,
            "4860": 8,
            "5040": 9,
            "5220": 9,
            "5400": 10,
            "5580": 10,
            "5760": 11,
            "5940": 12,
            "6120": 13,
            "6300": 14,
            "6480": 14,
            "6660": 15,
            "6840": 16,
            "7020": 16,
            "7200": 17,
            "7380": 17,
            "7560": 18,
            "7740": 18,
            "7920": 19,
            "8100": 20,
            "8280": 21,
            "8460": 22,
            "8640": 22,
            "8820": 23,
            "9000": 24,
            "9180": 25,
            "9360": 26,
            "9540": 26,
            "9720": 27,
            "9900": 28,
            "10080": 29,
            "10260": 30,
            "10440": 31,
            "10620": 32,
            "10800": 33,
            "10980": 34,
            "11160": 34,
            "11340": 35,
            "11520": 37,
            "11700": 37,
            "11880": 38,
            "12060": 39,
            "12240": 40,
            "12420": 41,
            "12600": 42,
            "12780": 43,
            "12960": 44,
            "13140": 44,
            "13320": 44,
            "13500": 44,
            "13680": 44,
            "13860": 44,
            "14040": 45,
            "14220": 46,
            "14400": 46,
            "14580": 47,
            "14760": 47,
            "14940": 48,
            "15120": 49,
            "15300": 49,
            "15480": 50,
            "15660": 51,
            "15840": 51,
            "16020": 52,
            "16200": 53,
            "16380": 53,
            "16560": 54,
            "16740": 54,
            "16920": 54,
            "17100": 54,
            "17280": 54,
            "17460": 55,
            "17640": 55,
            "17820": 56,
            "18000": 57,
            "18180": 57,
            "18360": 57,
            "18540": 57,
            "18720": 58,
            "18900": 58,
            "19080": 59,
            "19260": 59,
            "19440": 60,
            "19620": 60,
            "19800": 61,
            "19980": 61,
            "20160": 62,
            "20340": 62,
            "20520": 63,
            "20700": 62,
            "20880": 62,
            "21060": 62,
            "21240": 62,
            "21420": 62,
            "21600": 62,
            "21780": 64,
            "21960": 64,
            "22140": 64,
            "22320": 65,
            "22500": 65,
            "22680": 66,
            "22860": 66,
            "23040": 67,
            "23220": 67,
            "23400": 68,
            "23580": 68,
            "23760": 68,
            "23940": 69,
            "24120": 69,
            "24300": 69,
            "24480": 69,
            "24660": 71,
            "24840": 71,
            "25020": 71,
            "25200": 72,
            "25380": 72,
            "25560": 73,
            "25740": 74,
            "25920": 74,
            "26100": 75,
            "26280": 75,
            "26460": 75,
            "26640": 76,
            "26820": 76,
            "27000": 77,
            "27180": 77,
            "27360": 77,
            "27540": 78,
            "27720": 79,
            "27900": 79,
            "28080": 80,
            "28260": 80,
            "28440": 80,
            "28620": 80,
            "28800": 81,
            "28980": 81,
            "29160": 82,
            "29340": 82,
            "29520": 83,
            "29700": 83,
            "29880": 83,
            "30060": 83,
            "30240": 83,
            "30420": 82,
            "30600": 82,
            "30780": 82,
            "30960": 81,
            "31140": 81,
            "31320": 81,
            "31500": 81,
            "31680": 81,
            "31860": 81,
            "32040": 81,
            "32220": 81,
            "32400": 81,
            "32580": 81,
            "32760": 81,
            "32940": 81,
            "33120": 81,
            "33300": 81,
            "33480": 81,
            "33660": 81,
            "33840": 80,
            "34020": 80,
            "34200": 79,
            "34380": 79,
            "34560": 78,
            "34740": 77,
            "34920": 77,
            "35100": 76,
            "35280": 75,
            "35460": 75,
            "35640": 74,
            "35820": 74,
            "36000": 73,
            "36180": 73,
            "36360": 73,
            "36540": 72,
            "36720": 72,
            "36900": 72,
            "37080": 72,
            "37260": 71,
            "37440": 71,
            "37620": 70,
            "37800": 70,
            "37980": 69,
            "38160": 68,
            "38340": 68,
            "38520": 67,
            "38700": 67,
            "38880": 66,
            "39060": 66,
            "39240": 65,
            "39420": 65,
            "39600": 65,
            "39780": 64,
            "39960": 64,
            "40140": 63,
            "40320": 63,
            "40500": 63,
            "40680": 62,
            "40860": 62,
            "41040": 61,
            "41220": 61,
            "41400": 60,
            "41580": 59,
            "41760": 59,
            "41940": 59,
            "42120": 58,
            "42300": 58,
            "42480": 57,
            "42660": 57,
            "42840": 57,
            "43020": 56,
            "43200": 56,
            "43380": 56,
            "43560": 55,
            "43740": 55,
            "43920": 55,
            "44100": 55,
            "44280": 54,
            "44460": 54,
            "44640": 54,
            "44820": 54,
            "45000": 54,
            "45180": 53,
            "45360": 53,
            "45540": 52,
            "45720": 52,
            "45900": 51,
            "46080": 51,
            "46260": 51,
            "46440": 50,
            "46620": 50,
            "46800": 50,
            "46980": 50,
            "47160": 50,
            "47340": 50,
            "47520": 49,
            "47700": 49,
            "47880": 49,
            "48060": 48,
            "48240": 48,
            "48420": 47,
            "48600": 47,
            "48780": 47,
            "48960": 47,
            "49140": 47,
            "49320": 47,
            "49500": 46,
            "49680": 46,
            "49860": 46,
            "50040": 45,
            "50220": 45,
            "50400": 45,
            "50580": 45,
            "50760": 45,
            "50940": 45,
            "51120": 45,
            "51300": 45,
            "51480": 44,
            "51660": 44,
            "51840": 44,
            "52020": 44,
            "52200": 43,
            "52380": 43,
            "52560": 43,
            "52740": 43,
            "52920": 42,
            "53100": 42,
            "53280": 42,
            "53460": 42,
            "53640": 41,
            "53820": 41,
            "54000": 41,
            "54180": 40,
            "54360": 40,
            "54540": 40,
            "54720": 40,
            "54900": 39,
            "55080": 39,
            "55260": 39,
            "55440": 39,
            "55620": 39,
            "55800": 39,
            "55980": 38,
            "56160": 38,
            "56340": 38,
            "56520": 37,
            "56700": 37,
            "56880": 37,
            "57060": 37,
            "57240": 36,
            "57420": 36,
            "57600": 36,
            "57780": 36,
            "57960": 35,
            "58140": 35,
            "58320": 35,
            "58500": 35,
            "58680": 34,
            "58860": 34,
            "59040": 34,
            "59220": 34,
            "59400": 34,
            "59580": 34,
            "59760": 34,
            "59940": 34,
            "60120": 33,
            "60300": 33,
            "60480": 33,
            "60660": 33,
            "60840": 32,
            "61020": 32,
            "61200": 32,
            "61380": 32,
            "61560": 32,
            "61740": 32,
            "61920": 31,
            "62100": 31,
            "62280": 31,
            "62460": 31,
            "62640": 30,
            "62820": 30,
            "63000": 30,
            "63180": 30,
            "63360": 29,
            "63540": 29,
            "63720": 28,
            "63900": 28,
            "64080": 28,
            "64260": 28,
            "64440": 27,
            "64620": 27,
            "64800": 27,
            "64980": 27,
            "65160": 27,
            "65340": 27,
            "65520": 27,
            "65700": 26,
            "65880": 26,
            "66060": 26,
            "66240": 26,
            "66420": 26,
            "66600": 25,
            "66780": 25,
            "66960": 25,
            "67140": 25,
            "67320": 25,
            "67500": 24,
            "67680": 24,
            "67860": 24,
            "68040": 24,
            "68220": 24,
            "68400": 23,
            "68580": 23,
            "68760": 23,
            "68940": 23,
            "69120": 23,
            "69300": 23,
            "69480": 23,
            "69660": 23,
            "69840": 23,
            "70020": 23,
            "70200": 23,
            "70380": 23,
            "70560": 23,
            "70740": 23,
            "70920": 23,
            "71100": 23,
            "71280": 22,
            "71460": 22,
            "71640": 22,
            "71820": 22,
            "72000": 22,
            "72180": 21,
            "72360": 21,
            "72540": 21,
            "72720": 21,
            "72900": 21,
            "73080": 21,
            "73260": 21,
            "73440": 21,
            "73620": 21,
            "73800": 20,
            "73980": 20,
            "74160": 20,
            "74340": 20,
            "74520": 20,
            "74700": 20,
            "74880": 20,
            "75060": 20,
            "75240": 20,
            "75420": 20,
            "75600": 20,
            "75780": 20,
            "75960": 20,
            "76140": 19,
            "76320": 19,
            "76500": 19,
            "76680": 19,
            "76860": 19,
            "77040": 19,
            "77220": 18,
            "77400": 18,
            "77580": 18,
            "77760": 18,
            "77940": 18,
            "78120": 18,
            "78300": 17,
            "78480": 17,
            "78660": 17,
            "78840": 17,
            "79020": 17,
            "79200": 17,
            "79380": 16,
            "79560": 16,
            "79740": 16,
            "79920": 16,
            "80100": 16,
            "80280": 16,
            "80460": 15,
            "80640": 15,
            "80820": 15,
            "81000": 15,
            "81180": 15,
            "81360": 15,
            "81540": 15,
            "81720": 15,
            "81900": 15
        }
    }
]