[
    {
        "userId": "49d85c6a-b8f8-4787-95fa-f145553e59a9",
        "userAccessToken": "7b64f2c3-1572-407f-ac1a-ea3ef127ff2c",
        "summaryId": "x45dba26-6705ab60-d3a4-0",
        "calendarDate": "2024-10-09",
        "activityType": "GENERIC",
        "activeKilocalories": 407,
        "bmrKilocalories": 2405,
        "steps": 4864,
        "distanceInMeters": 4210.0,
        "durationInSeconds": 54180,
        "activeTimeInSeconds": 2911,
        "startTimeInSeconds": 1728424800,
        "startTimeOffsetInSeconds": 7200,
        "moderateIntensityDurationInSeconds": 60,
        "vigorousIntensityDurationInSeconds": 0,
        "floorsClimbed": 8,
        "minHeartRateInBeatsPerMinute": 48,
        "maxHeartRateInBeatsPerMinute": 133,
        "averageHeartRateInBeatsPerMinute": 72,
        "restingHeartRateInBeatsPerMinute": 53,
        "timeOffsetHeartRateSamples": {
            "15": 81,
            "30": 81,
            "45": 81,
            "60": 81,
            "75": 81,
            "90": 81,
            "105": 81,
            "120": 81,
            "135": 74,
            "150": 74,
            "165": 74,
            "180": 74,
            "195": 69,
            "210": 69,
            "225": 69,
            "240": 69,
            "255": 68,
            "270": 68,
            "285": 68,
            "300": 68,
            "315": 73,
            "330": 73,
            "345": 73,
            "360": 73,
            "375": 72,
            "390": 72,
            "405": 72,
            "420": 72,
            "435": 75,
            "450": 75,
            "465": 75,
            "480": 75,
            "495": 66,
            "510": 66,
            "525": 66,
            "540": 66,
            "555": 83,
            "570": 83,
            "585": 83,
            "600": 83,
            "615": 72,
            "630": 72,
            "645": 72,
            "660": 72,
            "675": 68,
            "690": 68,
            "705": 68,
            "720": 68,
            "735": 75,
            "750": 75,
            "765": 75,
            "780": 75,
            "795": 82,
            "810": 82,
            "825": 82,
            "840": 82,
            "855": 76,
            "870": 76,
            "885": 76,
            "900": 76,
            "915": 79,
            "930": 79,
            "945": 79,
            "960": 79,
            "975": 84,
            "990": 84,
            "1005": 84,
            "1020": 84,
            "1035": 98,
            "1050": 98,
            "1065": 98,
            "1080": 98,
            "1095": 88,
            "1110": 88,
            "1125": 88,
            "1140": 88,
            "1155": 80,
            "1170": 80,
            "1185": 80,
            "1200": 80,
            "1215": 78,
            "1230": 78,
            "1245": 78,
            "1260": 78,
            "1275": 71,
            "1290": 71,
            "1305": 71,
            "1320": 71,
            "1335": 76,
            "1350": 76,
            "1365": 76,
            "1380": 76,
            "1395": 70,
            "1410": 70,
            "1425": 70,
            "1440": 70,
            "1455": 67,
            "1470": 67,
            "1485": 67,
            "1500": 67,
            "1515": 70,
            "1530": 70,
            "1545": 70,
            "1560": 70,
            "1575": 68,
            "1590": 68,
            "1605": 68,
            "1620": 68,
            "1635": 69,
            "1650": 69,
            "1665": 69,
            "1680": 69,
            "1695": 64,
            "1710": 64,
            "1725": 64,
            "1740": 64,
            "1755": 65,
            "1770": 65,
            "1785": 65,
            "1800": 65,
            "1815": 62,
            "1830": 62,
            "1845": 62,
            "1860": 62,
            "1875": 62,
            "1890": 62,
            "1905": 62,
            "1920": 62,
            "1935": 60,
            "1950": 60,
            "1965": 60,
            "1980": 60,
            "1995": 68,
            "2010": 68,
            "2025": 68,
            "2040": 68,
            "2055": 65,
            "2070": 65,
            "2085": 65,
            "2100": 65,
            "2115": 63,
            "2130": 63,
            "2145": 63,
            "2160": 63,
            "2175": 63,
            "2190": 63,
            "2205": 63,
            "2220": 63,
            "2235": 65,
            "2250": 65,
            "2265": 65,
            "2280": 65,
            "2295": 60,
            "2310": 60,
            "2325": 60,
            "2340": 60,
            "2355": 60,
            "2370": 60,
            "2385": 60,
            "2400": 60,
            "2415": 62,
            "2430": 62,
            "2445": 62,
            "2460": 62,
            "2475": 62,
            "2490": 62,
            "2505": 62,
            "2520": 62,
            "2535": 61,
            "2550": 61,
            "2565": 61,
            "2580": 61,
            "2595": 62,
            "2610": 62,
            "2625": 62,
            "2640": 62,
            "2655": 62,
            "2670": 62,
            "2685": 62,
            "2700": 62,
            "2715": 61,
            "2730": 61,
            "2745": 61,
            "2760": 61,
            "2775": 63,
            "2790": 63,
            "2805": 63,
            "2820": 63,
            "2835": 61,
            "2850": 61,
            "2865": 61,
            "2880": 61,
            "2895": 61,
            "2910": 61,
            "2925": 61,
            "2940": 61,
            "2955": 60,
            "2970": 60,
            "2985": 60,
            "3000": 60,
            "3015": 61,
            "3030": 61,
            "3045": 61,
            "3060": 61,
            "3075": 60,
            "3090": 60,
            "3105": 60,
            "3120": 60,
            "3135": 61,
            "3150": 61,
            "3165": 61,
            "3180": 61,
            "3195": 62,
            "3210": 62,
            "3225": 62,
            "3240": 62,
            "3255": 60,
            "3270": 60,
            "3285": 60,
            "3300": 60,
            "3315": 61,
            "3330": 61,
            "3345": 61,
            "3360": 61,
            "3375": 59,
            "3390": 59,
            "3405": 59,
            "3420": 59,
            "3435": 59,
            "3450": 59,
            "3465": 59,
            "3480": 59,
            "3495": 82,
            "3510": 82,
            "3525": 82,
            "3540": 82,
            "3555": 72,
            "3570": 72,
            "3585": 72,
            "3600": 72,
            "3615": 68,
            "3630": 68,
            "3645": 68,
            "3660": 68,
            "3675": 64,
            "3690": 64,
            "3705": 64,
            "3720": 64,
            "3735": 57,
            "3750": 57,
            "3765": 57,
            "3780": 57,
            "3795": 54,
            "3810": 54,
            "3825": 54,
            "3840": 54,
            "3855": 56,
            "3870": 56,
            "3885": 56,
            "3900": 56,
            "3915": 69,
            "3930": 69,
            "3945": 69,
            "3960": 69,
            "3975": 67,
            "3990": 67,
            "4005": 67,
            "4020": 67,
            "4035": 51,
            "4050": 51,
            "4065": 51,
            "4080": 51,
            "4095": 54,
            "4110": 54,
            "4125": 54,
            "4140": 54,
            "4155": 52,
            "4170": 52,
            "4185": 52,
            "4200": 52,
            "4215": 52,
            "4230": 52,
            "4245": 52,
            "4260": 52,
            "4275": 52,
            "4290": 52,
            "4305": 52,
            "4320": 52,
            "4335": 51,
            "4350": 51,
            "4365": 51,
            "4380": 51,
            "4395": 54,
            "4410": 54,
            "4425": 54,
            "4440": 54,
            "4455": 55,
            "4470": 55,
            "4485": 55,
            "4500": 55,
            "4515": 54,
            "4530": 54,
            "4545": 54,
            "4560": 54,
            "4575": 57,
            "4590": 57,
            "4605": 57,
            "4620": 57,
            "4635": 83,
            "4650": 83,
            "4665": 83,
            "4680": 83,
            "4695": 59,
            "4710": 59,
            "4725": 59,
            "4740": 59,
            "4755": 51,
            "4770": 51,
            "4785": 51,
            "4800": 51,
            "4815": 52,
            "4830": 52,
            "4845": 52,
            "4860": 52,
            "4875": 52,
            "4890": 52,
            "4905": 52,
            "4920": 52,
            "4935": 51,
            "4950": 51,
            "4965": 51,
            "4980": 51,
            "4995": 52,
            "5010": 52,
            "5025": 52,
            "5040": 52,
            "5055": 52,
            "5070": 52,
            "5085": 52,
            "5100": 52,
            "5115": 51,
            "5130": 51,
            "5145": 51,
            "5160": 51,
            "5175": 52,
            "5190": 52,
            "5205": 52,
            "5220": 52,
            "5235": 53,
            "5250": 53,
            "5265": 53,
            "5280": 53,
            "5295": 52,
            "5310": 52,
            "5325": 52,
            "5340": 52,
            "5355": 53,
            "5370": 53,
            "5385": 53,
            "5400": 53,
            "5415": 53,
            "5430": 53,
            "5445": 53,
            "5460": 53,
            "5475": 53,
            "5490": 53,
            "5505": 53,
            "5520": 53,
            "5535": 53,
            "5550": 53,
            "5565": 53,
            "5580": 53,
            "5595": 54,
            "5610": 54,
            "5625": 54,
            "5640": 54,
            "5655": 53,
            "5670": 53,
            "5685": 53,
            "5700": 53,
            "5715": 52,
            "5730": 52,
            "5745": 52,
            "5760": 52,
            "5775": 54,
            "5790": 54,
            "5805": 54,
            "5820": 54,
            "5835": 54,
            "5850": 54,
            "5865": 54,
            "5880": 54,
            "5895": 55,
            "5910": 55,
            "5925": 55,
            "5940": 55,
            "5955": 55,
            "5970": 55,
            "5985": 55,
            "6000": 55,
            "6015": 53,
            "6030": 53,
            "6045": 53,
            "6060": 53,
            "6075": 55,
            "6090": 55,
            "6105": 55,
            "6120": 55,
            "6135": 56,
            "6150": 56,
            "6165": 56,
            "6180": 56,
            "6195": 54,
            "6210": 54,
            "6225": 54,
            "6240": 54,
            "6255": 55,
            "6270": 55,
            "6285": 55,
            "6300": 55,
            "6315": 54,
            "6330": 54,
            "6345": 54,
            "6360": 54,
            "6375": 54,
            "6390": 54,
            "6405": 54,
            "6420": 54,
            "6435": 53,
            "6450": 53,
            "6465": 53,
            "6480": 53,
            "6495": 54,
            "6510": 54,
            "6525": 54,
            "6540": 54,
            "6555": 55,
            "6570": 55,
            "6585": 55,
            "6600": 55,
            "6615": 52,
            "6630": 52,
            "6645": 52,
            "6660": 52,
            "6675": 54,
            "6690": 54,
            "6705": 54,
            "6720": 54,
            "6735": 54,
            "6750": 54,
            "6765": 54,
            "6780": 54,
            "6795": 54,
            "6810": 54,
            "6825": 54,
            "6840": 54,
            "6855": 70,
            "6870": 70,
            "6885": 70,
            "6900": 70,
            "6915": 67,
            "6930": 67,
            "6945": 67,
            "6960": 67,
            "6975": 61,
            "6990": 61,
            "7005": 61,
            "7020": 61,
            "7035": 56,
            "7050": 56,
            "7065": 56,
            "7080": 56,
            "7095": 63,
            "7110": 63,
            "7125": 63,
            "7140": 63,
            "7155": 59,
            "7170": 59,
            "7185": 59,
            "7200": 59,
            "7215": 60,
            "7230": 60,
            "7245": 60,
            "7260": 60,
            "7275": 58,
            "7290": 58,
            "7305": 58,
            "7320": 58,
            "7335": 59,
            "7350": 59,
            "7365": 59,
            "7380": 59,
            "7395": 60,
            "7410": 60,
            "7425": 60,
            "7440": 60,
            "7455": 60,
            "7470": 60,
            "7485": 60,
            "7500": 60,
            "7515": 53,
            "7530": 53,
            "7545": 53,
            "7560": 53,
            "7575": 65,
            "7590": 65,
            "7605": 65,
            "7620": 65,
            "7635": 62,
            "7650": 62,
            "7665": 62,
            "7680": 62,
            "7695": 59,
            "7710": 59,
            "7725": 59,
            "7740": 59,
            "7755": 64,
            "7770": 64,
            "7785": 64,
            "7800": 64,
            "7815": 56,
            "7830": 56,
            "7845": 56,
            "7860": 56,
            "7875": 61,
            "7890": 61,
            "7905": 61,
            "7920": 61,
            "7935": 56,
            "7950": 56,
            "7965": 56,
            "7980": 56,
            "7995": 53,
            "8010": 53,
            "8025": 53,
            "8040": 53,
            "8055": 58,
            "8070": 58,
            "8085": 58,
            "8100": 58,
            "8115": 66,
            "8130": 66,
            "8145": 66,
            "8160": 66,
            "8175": 63,
            "8190": 63,
            "8205": 63,
            "8220": 63,
            "8235": 55,
            "8250": 55,
            "8265": 55,
            "8280": 55,
            "8295": 59,
            "8310": 59,
            "8325": 59,
            "8340": 59,
            "8355": 60,
            "8370": 60,
            "8385": 60,
            "8400": 60,
            "8415": 59,
            "8430": 59,
            "8445": 59,
            "8460": 59,
            "8475": 57,
            "8490": 57,
            "8505": 57,
            "8520": 57,
            "8535": 55,
            "8550": 55,
            "8565": 55,
            "8580": 55,
            "8595": 58,
            "8610": 58,
            "8625": 58,
            "8640": 58,
            "8655": 59,
            "8670": 59,
            "8685": 59,
            "8700": 59,
            "8715": 57,
            "8730": 57,
            "8745": 57,
            "8760": 57,
            "8775": 59,
            "8790": 59,
            "8805": 59,
            "8820": 59,
            "8835": 58,
            "8850": 58,
            "8865": 58,
            "8880": 58,
            "8895": 57,
            "8910": 57,
            "8925": 57,
            "8940": 57,
            "8955": 58,
            "8970": 58,
            "8985": 58,
            "9000": 58,
            "9015": 54,
            "9030": 54,
            "9045": 54,
            "9060": 54,
            "9075": 61,
            "9090": 61,
            "9105": 61,
            "9120": 61,
            "9135": 59,
            "9150": 59,
            "9165": 59,
            "9180": 59,
            "9195": 55,
            "9210": 55,
            "9225": 55,
            "9240": 55,
            "9255": 51,
            "9270": 51,
            "9285": 51,
            "9300": 51,
            "9315": 53,
            "9330": 53,
            "9345": 53,
            "9360": 53,
            "9375": 56,
            "9390": 56,
            "9405": 56,
            "9420": 56,
            "9435": 61,
            "9450": 61,
            "9465": 61,
            "9480": 61,
            "9495": 55,
            "9510": 55,
            "9525": 55,
            "9540": 55,
            "9555": 56,
            "9570": 56,
            "9585": 56,
            "9600": 56,
            "9615": 55,
            "9630": 55,
            "9645": 55,
            "9660": 55,
            "9675": 54,
            "9690": 54,
            "9705": 54,
            "9720": 54,
            "9735": 54,
            "9750": 54,
            "9765": 54,
            "9780": 54,
            "9795": 53,
            "9810": 53,
            "9825": 53,
            "9840": 53,
            "9855": 55,
            "9870": 55,
            "9885": 55,
            "9900": 55,
            "9915": 55,
            "9930": 55,
            "9945": 55,
            "9960": 55,
            "9975": 52,
            "9990": 52,
            "10005": 52,
            "10020": 52,
            "10035": 55,
            "10050": 55,
            "10065": 55,
            "10080": 55,
            "10095": 58,
            "10110": 58,
            "10125": 58,
            "10140": 58,
            "10155": 52,
            "10170": 52,
            "10185": 52,
            "10200": 52,
            "10215": 53,
            "10230": 53,
            "10245": 53,
            "10260": 53,
            "10275": 54,
            "10290": 54,
            "10305": 54,
            "10320": 54,
            "10335": 56,
            "10350": 56,
            "10365": 56,
            "10380": 56,
            "10395": 55,
            "10410": 55,
            "10425": 55,
            "10440": 55,
            "10455": 55,
            "10470": 55,
            "10485": 55,
            "10500": 55,
            "10515": 55,
            "10530": 55,
            "10545": 55,
            "10560": 55,
            "10575": 55,
            "10590": 55,
            "10605": 55,
            "10620": 55,
            "10635": 57,
            "10650": 57,
            "10665": 57,
            "10680": 57,
            "10695": 56,
            "10710": 56,
            "10725": 56,
            "10740": 56,
            "10755": 57,
            "10770": 57,
            "10785": 57,
            "10800": 57,
            "10815": 58,
            "10830": 58,
            "10845": 58,
            "10860": 58,
            "10875": 57,
            "10890": 57,
            "10905": 57,
            "10920": 57,
            "10935": 58,
            "10950": 58,
            "10965": 58,
            "10980": 58,
            "10995": 57,
            "11010": 57,
            "11025": 57,
            "11040": 57,
            "11055": 59,
            "11070": 59,
            "11085": 59,
            "11100": 59,
            "11115": 60,
            "11130": 60,
            "11145": 60,
            "11160": 60,
            "11175": 65,
            "11190": 65,
            "11205": 65,
            "11220": 65,
            "11235": 65,
            "11250": 65,
            "11265": 65,
            "11280": 65,
            "11295": 54,
            "11310": 54,
            "11325": 54,
            "11340": 54,
            "11355": 53,
            "11370": 53,
            "11385": 53,
            "11400": 53,
            "11415": 54,
            "11430": 54,
            "11445": 54,
            "11460": 54,
            "11475": 55,
            "11490": 55,
            "11505": 55,
            "11520": 55,
            "11535": 57,
            "11550": 57,
            "11565": 57,
            "11580": 57,
            "11595": 58,
            "11610": 58,
            "11625": 58,
            "11640": 58,
            "11655": 57,
            "11670": 57,
            "11685": 57,
            "11700": 57,
            "11715": 57,
            "11730": 57,
            "11745": 57,
            "11760": 57,
            "11775": 56,
            "11790": 56,
            "11805": 56,
            "11820": 56,
            "11835": 56,
            "11850": 56,
            "11865": 56,
            "11880": 56,
            "11895": 56,
            "11910": 56,
            "11925": 56,
            "11940": 56,
            "11955": 55,
            "11970": 55,
            "11985": 55,
            "12000": 55,
            "12015": 57,
            "12030": 57,
            "12045": 57,
            "12060": 57,
            "12075": 57,
            "12090": 57,
            "12105": 57,
            "12120": 57,
            "12135": 57,
            "12150": 57,
            "12165": 57,
            "12180": 57,
            "12195": 58,
            "12210": 58,
            "12225": 58,
            "12240": 58,
            "12255": 59,
            "12270": 59,
            "12285": 59,
            "12300": 59,
            "12315": 58,
            "12330": 58,
            "12345": 58,
            "12360": 58,
            "12375": 59,
            "12390": 59,
            "12405": 59,
            "12420": 59,
            "12435": 57,
            "12450": 57,
            "12465": 57,
            "12480": 57,
            "12495": 58,
            "12510": 58,
            "12525": 58,
            "12540": 58,
            "12555": 57,
            "12570": 57,
            "12585": 57,
            "12600": 57,
            "12615": 58,
            "12630": 58,
            "12645": 58,
            "12660": 58,
            "12675": 58,
            "12690": 58,
            "12705": 58,
            "12720": 58,
            "12735": 58,
            "12750": 58,
            "12765": 58,
            "12780": 58,
            "12795": 58,
            "12810": 58,
            "12825": 58,
            "12840": 58,
            "12855": 60,
            "12870": 60,
            "12885": 60,
            "12900": 60,
            "12915": 77,
            "12930": 77,
            "12945": 77,
            "12960": 77,
            "12975": 64,
            "12990": 64,
            "13005": 64,
            "13020": 64,
            "13035": 72,
            "13050": 72,
            "13065": 72,
            "13080": 72,
            "13095": 83,
            "13110": 83,
            "13125": 83,
            "13140": 83,
            "13155": 78,
            "13170": 78,
            "13185": 78,
            "13200": 78,
            "13215": 76,
            "13230": 76,
            "13245": 76,
            "13260": 76,
            "13275": 76,
            "13290": 76,
            "13305": 76,
            "13320": 76,
            "13335": 75,
            "13350": 75,
            "13365": 75,
            "13380": 75,
            "13395": 75,
            "13410": 75,
            "13425": 75,
            "13440": 75,
            "13455": 75,
            "13470": 75,
            "13485": 75,
            "13500": 75,
            "13515": 75,
            "13530": 75,
            "13545": 75,
            "13560": 75,
            "13575": 75,
            "13590": 75,
            "13605": 75,
            "13620": 75,
            "13635": 75,
            "13650": 75,
            "13665": 75,
            "13680": 75,
            "13695": 75,
            "13710": 75,
            "13725": 75,
            "13740": 75,
            "13755": 75,
            "13770": 75,
            "13785": 75,
            "13800": 75,
            "13815": 65,
            "13830": 65,
            "13845": 65,
            "13860": 65,
            "13875": 65,
            "13890": 65,
            "13905": 65,
            "13920": 65,
            "13935": 62,
            "13950": 62,
            "13965": 62,
            "13980": 62,
            "13995": 61,
            "14010": 61,
            "14025": 61,
            "14040": 61,
            "14055": 65,
            "14070": 65,
            "14085": 65,
            "14100": 65,
            "14115": 59,
            "14130": 59,
            "14145": 59,
            "14160": 59,
            "14175": 58,
            "14190": 58,
            "14205": 58,
            "14220": 58,
            "14235": 67,
            "14250": 67,
            "14265": 67,
            "14280": 67,
            "14295": 65,
            "14310": 65,
            "14325": 65,
            "14340": 65,
            "14355": 57,
            "14370": 57,
            "14385": 57,
            "14400": 57,
            "14415": 58,
            "14430": 58,
            "14445": 58,
            "14460": 58,
            "14475": 61,
            "14490": 61,
            "14505": 61,
            "14520": 61,
            "14535": 58,
            "14550": 58,
            "14565": 58,
            "14580": 58,
            "14595": 62,
            "14610": 62,
            "14625": 62,
            "14640": 62,
            "14655": 61,
            "14670": 61,
            "14685": 61,
            "14700": 61,
            "14715": 62,
            "14730": 62,
            "14745": 62,
            "14760": 62,
            "14775": 64,
            "14790": 64,
            "14805": 64,
            "14820": 64,
            "14835": 63,
            "14850": 63,
            "14865": 63,
            "14880": 63,
            "14895": 62,
            "14910": 62,
            "14925": 62,
            "14940": 62,
            "14955": 58,
            "14970": 58,
            "14985": 58,
            "15000": 58,
            "15015": 60,
            "15030": 60,
            "15045": 60,
            "15060": 60,
            "15075": 66,
            "15090": 66,
            "15105": 66,
            "15120": 66,
            "15135": 74,
            "15150": 74,
            "15165": 74,
            "15180": 74,
            "15195": 60,
            "15210": 60,
            "15225": 60,
            "15240": 60,
            "15255": 59,
            "15270": 59,
            "15285": 59,
            "15300": 59,
            "15315": 56,
            "15330": 56,
            "15345": 56,
            "15360": 56,
            "15375": 55,
            "15390": 55,
            "15405": 55,
            "15420": 55,
            "15435": 59,
            "15450": 59,
            "15465": 59,
            "15480": 59,
            "15495": 58,
            "15510": 58,
            "15525": 58,
            "15540": 58,
            "15555": 55,
            "15570": 55,
            "15585": 55,
            "15600": 55,
            "15615": 56,
            "15630": 56,
            "15645": 56,
            "15660": 56,
            "15675": 56,
            "15690": 56,
            "15705": 56,
            "15720": 56,
            "15735": 58,
            "15750": 58,
            "15765": 58,
            "15780": 58,
            "15795": 59,
            "15810": 59,
            "15825": 59,
            "15840": 59,
            "15855": 57,
            "15870": 57,
            "15885": 57,
            "15900": 57,
            "15915": 57,
            "15930": 57,
            "15945": 57,
            "15960": 57,
            "15975": 60,
            "15990": 60,
            "16005": 60,
            "16020": 60,
            "16035": 56,
            "16050": 56,
            "16065": 56,
            "16080": 56,
            "16095": 56,
            "16110": 56,
            "16125": 56,
            "16140": 56,
            "16155": 58,
            "16170": 58,
            "16185": 58,
            "16200": 58,
            "16215": 60,
            "16230": 60,
            "16245": 60,
            "16260": 60,
            "16275": 59,
            "16290": 59,
            "16305": 59,
            "16320": 59,
            "16335": 61,
            "16350": 61,
            "16365": 61,
            "16380": 61,
            "16395": 60,
            "16410": 60,
            "16425": 60,
            "16440": 60,
            "16455": 66,
            "16470": 66,
            "16485": 66,
            "16500": 66,
            "16515": 62,
            "16530": 62,
            "16545": 62,
            "16560": 62,
            "16575": 59,
            "16590": 59,
            "16605": 59,
            "16620": 59,
            "16635": 62,
            "16650": 62,
            "16665": 62,
            "16680": 62,
            "16695": 57,
            "16710": 57,
            "16725": 57,
            "16740": 57,
            "16755": 65,
            "16770": 65,
            "16785": 65,
            "16800": 65,
            "16815": 66,
            "16830": 66,
            "16845": 66,
            "16860": 66,
            "16875": 65,
            "16890": 65,
            "16905": 65,
            "16920": 65,
            "16935": 71,
            "16950": 71,
            "16965": 71,
            "16980": 71,
            "16995": 76,
            "17010": 76,
            "17025": 76,
            "17040": 76,
            "17055": 71,
            "17070": 71,
            "17085": 71,
            "17100": 71,
            "17115": 67,
            "17130": 67,
            "17145": 67,
            "17160": 67,
            "17175": 71,
            "17190": 71,
            "17205": 71,
            "17220": 71,
            "17235": 66,
            "17250": 66,
            "17265": 66,
            "17280": 66,
            "17295": 62,
            "17310": 62,
            "17325": 62,
            "17340": 62,
            "17355": 63,
            "17370": 63,
            "17385": 63,
            "17400": 63,
            "17415": 64,
            "17430": 64,
            "17445": 64,
            "17460": 64,
            "17475": 64,
            "17490": 64,
            "17505": 64,
            "17520": 64,
            "17535": 58,
            "17550": 58,
            "17565": 58,
            "17580": 58,
            "17595": 61,
            "17610": 61,
            "17625": 61,
            "17640": 61,
            "17655": 65,
            "17670": 65,
            "17685": 65,
            "17700": 65,
            "17715": 62,
            "17730": 62,
            "17745": 62,
            "17760": 62,
            "17775": 60,
            "17790": 60,
            "17805": 60,
            "17820": 60,
            "17835": 67,
            "17850": 67,
            "17865": 67,
            "17880": 67,
            "17895": 66,
            "17910": 66,
            "17925": 66,
            "17940": 66,
            "17955": 64,
            "17970": 64,
            "17985": 64,
            "18000": 64,
            "18015": 66,
            "18030": 66,
            "18045": 66,
            "18060": 66,
            "18075": 65,
            "18090": 65,
            "18105": 65,
            "18120": 65,
            "18135": 64,
            "18150": 64,
            "18165": 64,
            "18180": 64,
            "18195": 66,
            "18210": 66,
            "18225": 66,
            "18240": 66,
            "18255": 64,
            "18270": 64,
            "18285": 64,
            "18300": 64,
            "18315": 60,
            "18330": 60,
            "18345": 60,
            "18360": 60,
            "18375": 65,
            "18390": 65,
            "18405": 65,
            "18420": 65,
            "18435": 63,
            "18450": 63,
            "18465": 63,
            "18480": 63,
            "18495": 61,
            "18510": 61,
            "18525": 61,
            "18540": 61,
            "18555": 63,
            "18570": 63,
            "18585": 63,
            "18600": 63,
            "18615": 73,
            "18630": 73,
            "18645": 73,
            "18660": 73,
            "18675": 71,
            "18690": 71,
            "18705": 71,
            "18720": 71,
            "18735": 71,
            "18750": 71,
            "18765": 71,
            "18780": 71,
            "18795": 65,
            "18810": 65,
            "18825": 65,
            "18840": 65,
            "18855": 66,
            "18870": 66,
            "18885": 66,
            "18900": 66,
            "18915": 65,
            "18930": 65,
            "18945": 65,
            "18960": 65,
            "18975": 61,
            "18990": 61,
            "19005": 61,
            "19020": 61,
            "19035": 55,
            "19050": 55,
            "19065": 55,
            "19080": 55,
            "19095": 63,
            "19110": 63,
            "19125": 63,
            "19140": 63,
            "19155": 59,
            "19170": 59,
            "19185": 59,
            "19200": 59,
            "19215": 63,
            "19230": 63,
            "19245": 63,
            "19260": 63,
            "19275": 59,
            "19290": 59,
            "19305": 59,
            "19320": 59,
            "19335": 58,
            "19350": 58,
            "19365": 58,
            "19380": 58,
            "19395": 59,
            "19410": 59,
            "19425": 59,
            "19440": 59,
            "19455": 61,
            "19470": 61,
            "19485": 61,
            "19500": 61,
            "19515": 55,
            "19530": 55,
            "19545": 55,
            "19560": 55,
            "19575": 64,
            "19590": 64,
            "19605": 64,
            "19620": 64,
            "19635": 59,
            "19650": 59,
            "19665": 59,
            "19680": 59,
            "19695": 62,
            "19710": 62,
            "19725": 62,
            "19740": 62,
            "19755": 66,
            "19770": 66,
            "19785": 66,
            "19800": 66,
            "19815": 57,
            "19830": 57,
            "19845": 57,
            "19860": 57,
            "19875": 60,
            "19890": 60,
            "19905": 60,
            "19920": 60,
            "19935": 60,
            "19950": 60,
            "19965": 60,
            "19980": 60,
            "19995": 70,
            "20010": 70,
            "20025": 70,
            "20040": 70,
            "20055": 62,
            "20070": 62,
            "20085": 62,
            "20100": 62,
            "20115": 57,
            "20130": 57,
            "20145": 57,
            "20160": 57,
            "20175": 59,
            "20190": 59,
            "20205": 59,
            "20220": 59,
            "20235": 55,
            "20250": 55,
            "20265": 55,
            "20280": 55,
            "20295": 56,
            "20310": 56,
            "20325": 56,
            "20340": 56,
            "20355": 55,
            "20370": 55,
            "20385": 55,
            "20400": 55,
            "20415": 48,
            "20430": 48,
            "20445": 48,
            "20460": 48,
            "20475": 54,
            "20490": 54,
            "20505": 54,
            "20520": 54,
            "20535": 57,
            "20550": 57,
            "20565": 57,
            "20580": 57,
            "20595": 59,
            "20610": 59,
            "20625": 59,
            "20640": 59,
            "20655": 64,
            "20670": 64,
            "20685": 64,
            "20700": 64,
            "20715": 69,
            "20730": 69,
            "20745": 69,
            "20760": 69,
            "20775": 87,
            "20790": 87,
            "20805": 87,
            "20820": 87,
            "20835": 88,
            "20850": 88,
            "20865": 88,
            "20880": 88,
            "20895": 84,
            "20910": 84,
            "20925": 84,
            "20940": 84,
            "20955": 74,
            "20970": 74,
            "20985": 74,
            "21000": 74,
            "21015": 71,
            "21030": 71,
            "21045": 71,
            "21060": 71,
            "21075": 79,
            "21090": 79,
            "21105": 79,
            "21120": 79,
            "21135": 71,
            "21150": 71,
            "21165": 71,
            "21180": 71,
            "21195": 67,
            "21210": 67,
            "21225": 67,
            "21240": 67,
            "21255": 65,
            "21270": 65,
            "21285": 65,
            "21300": 65,
            "21315": 60,
            "21330": 60,
            "21345": 60,
            "21360": 60,
            "21375": 63,
            "21390": 63,
            "21405": 63,
            "21420": 63,
            "21435": 60,
            "21450": 60,
            "21465": 60,
            "21480": 60,
            "21495": 61,
            "21510": 61,
            "21525": 61,
            "21540": 61,
            "21555": 60,
            "21570": 60,
            "21585": 60,
            "21600": 60,
            "21615": 60,
            "21630": 60,
            "21645": 60,
            "21660": 60,
            "21675": 60,
            "21690": 60,
            "21705": 60,
            "21720": 60,
            "21735": 61,
            "21750": 61,
            "21765": 61,
            "21780": 61,
            "21795": 59,
            "21810": 59,
            "21825": 59,
            "21840": 59,
            "21855": 59,
            "21870": 59,
            "21885": 59,
            "21900": 59,
            "21915": 61,
            "21930": 61,
            "21945": 61,
            "21960": 61,
            "21975": 61,
            "21990": 61,
            "22005": 61,
            "22020": 61,
            "22035": 63,
            "22050": 63,
            "22065": 63,
            "22080": 63,
            "22095": 64,
            "22110": 64,
            "22125": 64,
            "22140": 64,
            "22155": 63,
            "22170": 63,
            "22185": 63,
            "22200": 63,
            "22215": 65,
            "22230": 65,
            "22245": 65,
            "22260": 65,
            "22275": 62,
            "22290": 62,
            "22305": 62,
            "22320": 62,
            "22335": 64,
            "22350": 64,
            "22365": 64,
            "22380": 64,
            "22395": 62,
            "22410": 62,
            "22425": 62,
            "22440": 62,
            "22455": 62,
            "22470": 62,
            "22485": 62,
            "22500": 62,
            "22515": 62,
            "22530": 62,
            "22545": 62,
            "22560": 62,
            "22575": 62,
            "22590": 62,
            "22605": 62,
            "22620": 62,
            "22635": 62,
            "22650": 62,
            "22665": 62,
            "22680": 62,
            "22695": 63,
            "22710": 63,
            "22725": 63,
            "22740": 63,
            "22755": 77,
            "22770": 77,
            "22785": 77,
            "22800": 77,
            "22815": 70,
            "22830": 70,
            "22845": 70,
            "22860": 70,
            "22875": 57,
            "22890": 57,
            "22905": 57,
            "22920": 57,
            "22935": 57,
            "22950": 57,
            "22965": 57,
            "22980": 57,
            "22995": 56,
            "23010": 56,
            "23025": 56,
            "23040": 56,
            "23055": 61,
            "23070": 61,
            "23085": 61,
            "23100": 61,
            "23115": 58,
            "23130": 58,
            "23145": 58,
            "23160": 58,
            "23175": 57,
            "23190": 57,
            "23205": 57,
            "23220": 57,
            "23235": 57,
            "23250": 57,
            "23265": 57,
            "23280": 57,
            "23295": 56,
            "23310": 56,
            "23325": 56,
            "23340": 56,
            "23355": 56,
            "23370": 56,
            "23385": 56,
            "23400": 56,
            "23415": 62,
            "23430": 62,
            "23445": 62,
            "23460": 62,
            "23475": 65,
            "23490": 65,
            "23505": 65,
            "23520": 65,
            "23535": 52,
            "23550": 52,
            "23565": 52,
            "23580": 52,
            "23595": 63,
            "23610": 63,
            "23625": 63,
            "23640": 63,
            "23655": 57,
            "23670": 57,
            "23685": 57,
            "23700": 57,
            "23715": 55,
            "23730": 55,
            "23745": 55,
            "23760": 55,
            "23775": 64,
            "23790": 64,
            "23805": 64,
            "23820": 64,
            "23835": 60,
            "23850": 60,
            "23865": 60,
            "23880": 60,
            "23895": 57,
            "23910": 57,
            "23925": 57,
            "23940": 57,
            "23955": 52,
            "23970": 52,
            "23985": 52,
            "24000": 52,
            "24015": 52,
            "24030": 52,
            "24045": 52,
            "24060": 52,
            "24075": 68,
            "24090": 68,
            "24105": 68,
            "24120": 68,
            "24135": 65,
            "24150": 65,
            "24165": 65,
            "24180": 65,
            "24195": 64,
            "24210": 64,
            "24225": 64,
            "24240": 64,
            "24255": 74,
            "24270": 74,
            "24285": 74,
            "24300": 74,
            "24315": 67,
            "24330": 67,
            "24345": 67,
            "24360": 67,
            "24375": 61,
            "24390": 61,
            "24405": 61,
            "24420": 61,
            "24435": 55,
            "24450": 55,
            "24465": 55,
            "24480": 55,
            "24495": 57,
            "24510": 57,
            "24525": 57,
            "24540": 57,
            "24555": 59,
            "24570": 59,
            "24585": 59,
            "24600": 59,
            "24615": 58,
            "24630": 58,
            "24645": 58,
            "24660": 58,
            "24675": 64,
            "24690": 64,
            "24705": 64,
            "24720": 64,
            "24735": 62,
            "24750": 62,
            "24765": 62,
            "24780": 62,
            "24795": 62,
            "24810": 62,
            "24825": 62,
            "24840": 62,
            "24855": 62,
            "24870": 62,
            "24885": 62,
            "24900": 62,
            "24915": 58,
            "24930": 58,
            "24945": 58,
            "24960": 58,
            "24975": 60,
            "24990": 60,
            "25005": 60,
            "25020": 60,
            "25035": 60,
            "25050": 60,
            "25065": 60,
            "25080": 60,
            "25095": 75,
            "25110": 75,
            "25125": 75,
            "25140": 75,
            "25155": 55,
            "25170": 55,
            "25185": 55,
            "25200": 55,
            "25215": 57,
            "25230": 57,
            "25245": 57,
            "25260": 57,
            "25275": 52,
            "25290": 52,
            "25305": 52,
            "25320": 52,
            "25335": 58,
            "25350": 58,
            "25365": 58,
            "25380": 58,
            "25395": 56,
            "25410": 56,
            "25425": 56,
            "25440": 56,
            "25455": 61,
            "25470": 61,
            "25485": 61,
            "25500": 61,
            "25515": 53,
            "25530": 53,
            "25545": 53,
            "25560": 53,
            "25575": 62,
            "25590": 62,
            "25605": 62,
            "25620": 62,
            "25635": 64,
            "25650": 64,
            "25665": 64,
            "25680": 64,
            "25695": 53,
            "25710": 53,
            "25725": 53,
            "25740": 53,
            "25755": 53,
            "25770": 53,
            "25785": 53,
            "25800": 53,
            "25815": 54,
            "25830": 54,
            "25845": 54,
            "25860": 54,
            "25875": 58,
            "25890": 58,
            "25905": 58,
            "25920": 58,
            "25935": 57,
            "25950": 57,
            "25965": 57,
            "25980": 57,
            "25995": 58,
            "26010": 58,
            "26025": 58,
            "26040": 58,
            "26055": 55,
            "26070": 55,
            "26085": 55,
            "26100": 55,
            "26115": 57,
            "26130": 57,
            "26145": 57,
            "26160": 57,
            "26175": 58,
            "26190": 58,
            "26205": 58,
            "26220": 58,
            "26235": 59,
            "26250": 59,
            "26265": 59,
            "26280": 59,
            "26295": 64,
            "26310": 64,
            "26325": 64,
            "26340": 64,
            "26355": 61,
            "26370": 61,
            "26385": 61,
            "26400": 61,
            "26415": 58,
            "26430": 58,
            "26445": 58,
            "26460": 58,
            "26475": 61,
            "26490": 61,
            "26505": 61,
            "26520": 61,
            "26535": 60,
            "26550": 60,
            "26565": 60,
            "26580": 60,
            "26595": 57,
            "26610": 57,
            "26625": 57,
            "26640": 57,
            "26655": 59,
            "26670": 59,
            "26685": 59,
            "26700": 59,
            "26715": 68,
            "26730": 68,
            "26745": 68,
            "26760": 68,
            "26775": 62,
            "26790": 62,
            "26805": 62,
            "26820": 62,
            "26835": 55,
            "26850": 55,
            "26865": 55,
            "26880": 55,
            "26895": 60,
            "26910": 60,
            "26925": 60,
            "26940": 60,
            "26955": 58,
            "26970": 58,
            "26985": 58,
            "27000": 58,
            "27015": 57,
            "27030": 57,
            "27045": 57,
            "27060": 57,
            "27075": 60,
            "27090": 60,
            "27105": 60,
            "27120": 60,
            "27135": 57,
            "27150": 57,
            "27165": 57,
            "27180": 57,
            "27195": 60,
            "27210": 60,
            "27225": 60,
            "27240": 60,
            "27255": 57,
            "27270": 57,
            "27285": 57,
            "27300": 57,
            "27315": 57,
            "27330": 57,
            "27345": 57,
            "27360": 57,
            "27375": 60,
            "27390": 60,
            "27405": 60,
            "27420": 60,
            "27435": 59,
            "27450": 59,
            "27465": 59,
            "27480": 59,
            "27495": 60,
            "27510": 60,
            "27525": 60,
            "27540": 60,
            "27555": 63,
            "27570": 63,
            "27585": 63,
            "27600": 63,
            "27615": 60,
            "27630": 60,
            "27645": 60,
            "27660": 60,
            "27675": 61,
            "27690": 61,
            "27705": 61,
            "27720": 61,
            "27735": 61,
            "27750": 61,
            "27765": 61,
            "27780": 61,
            "27795": 62,
            "27810": 62,
            "27825": 62,
            "27840": 62,
            "27855": 60,
            "27870": 60,
            "27885": 60,
            "27900": 60,
            "27915": 61,
            "27930": 61,
            "27945": 61,
            "27960": 61,
            "27975": 60,
            "27990": 60,
            "28005": 60,
            "28020": 60,
            "28035": 62,
            "28050": 62,
            "28065": 62,
            "28080": 62,
            "28095": 61,
            "28110": 61,
            "28125": 61,
            "28140": 61,
            "28155": 62,
            "28170": 62,
            "28185": 62,
            "28200": 62,
            "28215": 62,
            "28230": 62,
            "28245": 62,
            "28260": 62,
            "28275": 62,
            "28290": 62,
            "28305": 62,
            "28320": 62,
            "28335": 61,
            "28350": 61,
            "28365": 61,
            "28380": 61,
            "28395": 62,
            "28410": 62,
            "28425": 62,
            "28440": 62,
            "28455": 61,
            "28470": 61,
            "28485": 61,
            "28500": 61,
            "28515": 60,
            "28530": 60,
            "28545": 60,
            "28560": 60,
            "28575": 69,
            "28590": 69,
            "28605": 69,
            "28620": 69,
            "28635": 61,
            "28650": 61,
            "28665": 61,
            "28680": 61,
            "28695": 55,
            "28710": 55,
            "28725": 55,
            "28740": 55,
            "28755": 57,
            "28770": 57,
            "28785": 57,
            "28800": 57,
            "28815": 65,
            "28830": 65,
            "28845": 65,
            "28860": 65,
            "28875": 56,
            "28890": 56,
            "28905": 56,
            "28920": 56,
            "28935": 54,
            "28950": 54,
            "28965": 54,
            "28980": 54,
            "28995": 55,
            "29010": 55,
            "29025": 55,
            "29040": 55,
            "29055": 57,
            "29070": 57,
            "29085": 57,
            "29100": 57,
            "29115": 55,
            "29130": 55,
            "29145": 55,
            "29160": 55,
            "29175": 55,
            "29190": 55,
            "29205": 55,
            "29220": 55,
            "29235": 56,
            "29250": 56,
            "29265": 56,
            "29280": 56,
            "29295": 78,
            "29310": 78,
            "29325": 78,
            "29340": 78,
            "29355": 62,
            "29370": 62,
            "29385": 62,
            "29400": 62,
            "29415": 56,
            "29430": 56,
            "29445": 56,
            "29460": 56,
            "29475": 56,
            "29490": 56,
            "29505": 56,
            "29520": 56,
            "29535": 60,
            "29550": 60,
            "29565": 60,
            "29580": 60,
            "29595": 59,
            "29610": 59,
            "29625": 59,
            "29640": 59,
            "29655": 62,
            "29670": 62,
            "29685": 62,
            "29700": 62,
            "29715": 62,
            "29730": 62,
            "29745": 62,
            "29760": 62,
            "29775": 63,
            "29790": 63,
            "29805": 63,
            "29820": 63,
            "29835": 81,
            "29850": 81,
            "29865": 81,
            "29880": 81,
            "29895": 72,
            "29910": 72,
            "29925": 72,
            "29940": 72,
            "29955": 80,
            "29970": 80,
            "29985": 80,
            "30000": 80,
            "30015": 75,
            "30030": 75,
            "30045": 75,
            "30060": 75,
            "30075": 83,
            "30090": 83,
            "30105": 83,
            "30120": 83,
            "30135": 79,
            "30150": 79,
            "30165": 79,
            "30180": 79,
            "30195": 77,
            "30210": 77,
            "30225": 77,
            "30240": 77,
            "30255": 77,
            "30270": 77,
            "30285": 77,
            "30300": 77,
            "30315": 77,
            "30330": 77,
            "30345": 77,
            "30360": 77,
            "30375": 68,
            "30390": 68,
            "30405": 68,
            "30420": 68,
            "30435": 68,
            "30450": 68,
            "30465": 68,
            "30480": 68,
            "30495": 65,
            "30510": 65,
            "30525": 65,
            "30540": 65,
            "30555": 64,
            "30570": 64,
            "30585": 64,
            "30600": 64,
            "30615": 63,
            "30630": 63,
            "30645": 63,
            "30660": 63,
            "30675": 63,
            "30690": 63,
            "30705": 63,
            "30720": 63,
            "30735": 63,
            "30750": 63,
            "30765": 63,
            "30780": 63,
            "30795": 63,
            "30810": 63,
            "30825": 63,
            "30840": 63,
            "30855": 63,
            "30870": 63,
            "30885": 63,
            "30900": 63,
            "30915": 63,
            "30930": 63,
            "30945": 63,
            "30960": 63,
            "30975": 63,
            "30990": 63,
            "31005": 63,
            "31020": 63,
            "31035": 63,
            "31050": 63,
            "31065": 63,
            "31080": 63,
            "31095": 66,
            "31110": 66,
            "31125": 66,
            "31140": 66,
            "31155": 70,
            "31170": 70,
            "31185": 70,
            "31200": 70,
            "31215": 70,
            "31230": 70,
            "31245": 70,
            "31260": 70,
            "31275": 70,
            "31290": 70,
            "31305": 70,
            "31320": 70,
            "31335": 70,
            "31350": 70,
            "31365": 70,
            "31380": 70,
            "31395": 70,
            "31410": 70,
            "31425": 70,
            "31440": 70,
            "31455": 70,
            "31470": 70,
            "31485": 70,
            "31500": 70,
            "31515": 67,
            "31530": 67,
            "31545": 67,
            "31560": 67,
            "31575": 60,
            "31590": 60,
            "31605": 60,
            "31620": 60,
            "31635": 60,
            "31650": 60,
            "31665": 60,
            "31680": 60,
            "31695": 60,
            "31710": 60,
            "31725": 60,
            "31740": 60,
            "31755": 60,
            "31770": 60,
            "31785": 60,
            "31800": 60,
            "31815": 59,
            "31830": 59,
            "31845": 59,
            "31860": 59,
            "31875": 59,
            "31890": 59,
            "31905": 59,
            "31920": 59,
            "31935": 59,
            "31950": 59,
            "31965": 59,
            "31980": 59,
            "31995": 59,
            "32010": 59,
            "32025": 59,
            "32040": 59,
            "32055": 62,
            "32070": 62,
            "32085": 62,
            "32100": 62,
            "32115": 63,
            "32130": 63,
            "32145": 63,
            "32160": 63,
            "32175": 60,
            "32190": 60,
            "32205": 60,
            "32220": 60,
            "32235": 59,
            "32250": 59,
            "32265": 59,
            "32280": 59,
            "32295": 63,
            "32310": 63,
            "32325": 63,
            "32340": 63,
            "32355": 59,
            "32370": 59,
            "32385": 59,
            "32400": 59,
            "32415": 59,
            "32430": 59,
            "32445": 59,
            "32460": 59,
            "32475": 56,
            "32490": 56,
            "32505": 56,
            "32520": 56,
            "32535": 62,
            "32550": 62,
            "32565": 62,
            "32580": 62,
            "32595": 59,
            "32610": 59,
            "32625": 59,
            "32640": 59,
            "32655": 58,
            "32670": 58,
            "32685": 58,
            "32700": 58,
            "32715": 70,
            "32730": 70,
            "32745": 70,
            "32760": 70,
            "32775": 63,
            "32790": 63,
            "32805": 63,
            "32820": 63,
            "32835": 62,
            "32850": 62,
            "32865": 62,
            "32880": 62,
            "32895": 59,
            "32910": 59,
            "32925": 59,
            "32940": 59,
            "32955": 61,
            "32970": 61,
            "32985": 61,
            "33000": 61,
            "33015": 59,
            "33030": 59,
            "33045": 59,
            "33060": 59,
            "33075": 60,
            "33090": 60,
            "33105": 60,
            "33120": 60,
            "33135": 63,
            "33150": 63,
            "33165": 63,
            "33180": 63,
            "33195": 60,
            "33210": 60,
            "33225": 60,
            "33240": 60,
            "33255": 61,
            "33270": 61,
            "33285": 61,
            "33300": 61,
            "33315": 65,
            "33330": 65,
            "33345": 65,
            "33360": 65,
            "33375": 60,
            "33390": 60,
            "33405": 60,
            "33420": 60,
            "33435": 65,
            "33450": 65,
            "33465": 65,
            "33480": 65,
            "33495": 77,
            "33510": 77,
            "33525": 77,
            "33540": 77,
            "33555": 69,
            "33570": 69,
            "33585": 69,
            "33600": 69,
            "33615": 66,
            "33630": 66,
            "33645": 66,
            "33660": 66,
            "33675": 63,
            "33690": 63,
            "33705": 63,
            "33720": 63,
            "33735": 63,
            "33750": 63,
            "33765": 63,
            "33780": 63,
            "33795": 62,
            "33810": 62,
            "33825": 62,
            "33840": 62,
            "33855": 62,
            "33870": 62,
            "33885": 62,
            "33900": 62,
            "33915": 62,
            "33930": 62,
            "33945": 62,
            "33960": 62,
            "33975": 73,
            "33990": 73,
            "34005": 73,
            "34020": 73,
            "34035": 69,
            "34050": 69,
            "34065": 69,
            "34080": 69,
            "34095": 83,
            "34110": 83,
            "34125": 83,
            "34140": 83,
            "34155": 92,
            "34170": 92,
            "34185": 92,
            "34200": 92,
            "34215": 86,
            "34230": 86,
            "34245": 86,
            "34260": 86,
            "34275": 78,
            "34290": 78,
            "34305": 78,
            "34320": 78,
            "34335": 78,
            "34350": 78,
            "34365": 78,
            "34380": 78,
            "34395": 75,
            "34410": 75,
            "34425": 75,
            "34440": 75,
            "34455": 79,
            "34470": 79,
            "34485": 79,
            "34500": 79,
            "34515": 83,
            "34530": 83,
            "34545": 83,
            "34560": 83,
            "34575": 83,
            "34590": 83,
            "34605": 83,
            "34620": 83,
            "34635": 91,
            "34650": 91,
            "34665": 91,
            "34680": 91,
            "35655": 91,
            "35670": 91,
            "35685": 91,
            "35700": 91,
            "35715": 95,
            "35730": 95,
            "35745": 95,
            "35760": 95,
            "35775": 94,
            "35790": 94,
            "35805": 94,
            "35820": 94,
            "35835": 97,
            "35850": 97,
            "35865": 97,
            "35880": 97,
            "35895": 88,
            "35910": 88,
            "35925": 88,
            "35940": 88,
            "35955": 91,
            "35970": 91,
            "35985": 91,
            "36000": 91,
            "36015": 90,
            "36030": 90,
            "36045": 90,
            "36060": 90,
            "36075": 89,
            "36090": 89,
            "36105": 89,
            "36120": 89,
            "36135": 79,
            "36150": 79,
            "36165": 79,
            "36180": 79,
            "36195": 77,
            "36210": 77,
            "36225": 77,
            "36240": 77,
            "36255": 73,
            "36270": 73,
            "36285": 73,
            "36300": 73,
            "36315": 79,
            "36330": 79,
            "36345": 79,
            "36360": 79,
            "36375": 78,
            "36390": 78,
            "36405": 78,
            "36420": 78,
            "36435": 79,
            "36450": 79,
            "36465": 79,
            "36480": 79,
            "36495": 74,
            "36510": 74,
            "36525": 74,
            "36540": 74,
            "36555": 68,
            "36570": 68,
            "36585": 68,
            "36600": 68,
            "36615": 72,
            "36630": 72,
            "36645": 72,
            "36660": 72,
            "36675": 79,
            "36690": 79,
            "36705": 79,
            "36720": 79,
            "36735": 77,
            "36750": 77,
            "36765": 77,
            "36780": 77,
            "36795": 68,
            "36810": 68,
            "36825": 68,
            "36840": 68,
            "36855": 65,
            "36870": 65,
            "36885": 65,
            "36900": 65,
            "36915": 72,
            "36930": 72,
            "36945": 72,
            "36960": 72,
            "36975": 79,
            "36990": 79,
            "37005": 79,
            "37020": 79,
            "37035": 84,
            "37050": 84,
            "37065": 84,
            "37080": 84,
            "37095": 85,
            "37110": 85,
            "37125": 85,
            "37140": 85,
            "37155": 78,
            "37170": 78,
            "37185": 78,
            "37200": 78,
            "37215": 76,
            "37230": 76,
            "37245": 76,
            "37260": 76,
            "37275": 74,
            "37290": 74,
            "37305": 74,
            "37320": 74,
            "37335": 77,
            "37350": 77,
            "37365": 77,
            "37380": 77,
            "37395": 82,
            "37410": 82,
            "37425": 82,
            "37440": 82,
            "37455": 92,
            "37470": 92,
            "37485": 92,
            "37500": 92,
            "37515": 96,
            "37530": 96,
            "37545": 96,
            "37560": 96,
            "37575": 96,
            "37590": 96,
            "37605": 96,
            "37620": 96,
            "37635": 94,
            "37650": 94,
            "37665": 94,
            "37680": 94,
            "37695": 91,
            "37710": 91,
            "37725": 91,
            "37740": 91,
            "37755": 100,
            "37770": 100,
            "37785": 100,
            "37800": 100,
            "37815": 100,
            "37830": 100,
            "37845": 100,
            "37860": 100,
            "37875": 107,
            "37890": 107,
            "37905": 107,
            "37920": 107,
            "37935": 107,
            "37950": 107,
            "37965": 107,
            "37980": 107,
            "37995": 105,
            "38010": 105,
            "38025": 105,
            "38040": 105,
            "38055": 99,
            "38070": 99,
            "38085": 99,
            "38100": 99,
            "38115": 92,
            "38130": 92,
            "38145": 92,
            "38160": 92,
            "38175": 94,
            "38190": 94,
            "38205": 94,
            "38220": 94,
            "38235": 99,
            "38250": 99,
            "38265": 99,
            "38280": 99,
            "38295": 104,
            "38310": 104,
            "38325": 104,
            "38340": 104,
            "38355": 102,
            "38370": 102,
            "38385": 102,
            "38400": 102,
            "38415": 108,
            "38430": 108,
            "38445": 108,
            "38460": 108,
            "38475": 108,
            "38490": 108,
            "38505": 108,
            "38520": 108,
            "38535": 114,
            "38550": 114,
            "38565": 114,
            "38580": 114,
            "38595": 107,
            "38610": 107,
            "38625": 107,
            "38640": 107,
            "38655": 110,
            "38670": 110,
            "38685": 110,
            "38700": 110,
            "38715": 111,
            "38730": 111,
            "38745": 111,
            "38760": 111,
            "38775": 124,
            "38790": 124,
            "38805": 124,
            "38820": 124,
            "38835": 119,
            "38850": 119,
            "38865": 119,
            "38880": 119,
            "38895": 115,
            "38910": 115,
            "38925": 115,
            "38940": 115,
            "38955": 115,
            "38970": 115,
            "38985": 115,
            "39000": 115,
            "39015": 95,
            "39030": 95,
            "39045": 95,
            "39060": 95,
            "39075": 91,
            "39090": 91,
            "39105": 91,
            "39120": 91,
            "39135": 91,
            "39150": 91,
            "39165": 91,
            "39180": 91,
            "39195": 82,
            "39210": 82,
            "39225": 82,
            "39240": 82,
            "39255": 79,
            "39270": 79,
            "39285": 79,
            "39300": 79,
            "39315": 80,
            "39330": 80,
            "39345": 80,
            "39360": 80,
            "39375": 79,
            "39390": 79,
            "39405": 79,
            "39420": 79,
            "39435": 85,
            "39450": 85,
            "39465": 85,
            "39480": 85,
            "39495": 81,
            "39510": 81,
            "39525": 81,
            "39540": 81,
            "39555": 78,
            "39570": 78,
            "39585": 78,
            "39600": 78,
            "39615": 79,
            "39630": 79,
            "39645": 79,
            "39660": 79,
            "39675": 93,
            "39690": 93,
            "39705": 93,
            "39720": 93,
            "39735": 100,
            "39750": 100,
            "39765": 100,
            "39780": 100,
            "39795": 94,
            "39810": 94,
            "39825": 94,
            "39840": 94,
            "39855": 94,
            "39870": 94,
            "39885": 94,
            "39900": 94,
            "39915": 85,
            "39930": 85,
            "39945": 85,
            "39960": 85,
            "39975": 86,
            "39990": 86,
            "40005": 86,
            "40020": 86,
            "40035": 91,
            "40050": 91,
            "40065": 91,
            "40080": 91,
            "40095": 85,
            "40110": 85,
            "40125": 85,
            "40140": 85,
            "40155": 91,
            "40170": 91,
            "40185": 91,
            "40200": 91,
            "40215": 86,
            "40230": 86,
            "40245": 86,
            "40260": 86,
            "40275": 84,
            "40290": 84,
            "40305": 84,
            "40320": 84,
            "40335": 88,
            "40350": 88,
            "40365": 88,
            "40380": 88,
            "40395": 86,
            "40410": 86,
            "40425": 86,
            "40440": 86,
            "40455": 83,
            "40470": 83,
            "40485": 83,
            "40500": 83,
            "40515": 85,
            "40530": 85,
            "40545": 85,
            "40560": 85,
            "40575": 83,
            "40590": 83,
            "40605": 83,
            "40620": 83,
            "40635": 86,
            "40650": 86,
            "40665": 86,
            "40680": 86,
            "40695": 83,
            "40710": 83,
            "40725": 83,
            "40740": 83,
            "40755": 83,
            "40770": 83,
            "40785": 83,
            "40800": 83,
            "40815": 89,
            "40830": 89,
            "40845": 89,
            "40860": 89,
            "40875": 84,
            "40890": 84,
            "40905": 84,
            "40920": 84,
            "40935": 79,
            "40950": 79,
            "40965": 79,
            "40980": 79,
            "40995": 85,
            "41010": 85,
            "41025": 85,
            "41040": 85,
            "41055": 86,
            "41070": 86,
            "41085": 86,
            "41100": 86,
            "41115": 89,
            "41130": 89,
            "41145": 89,
            "41160": 89,
            "41175": 84,
            "41190": 84,
            "41205": 84,
            "41220": 84,
            "41235": 89,
            "41250": 89,
            "41265": 89,
            "41280": 89,
            "41295": 80,
            "41310": 80,
            "41325": 80,
            "41340": 80,
            "41355": 86,
            "41370": 86,
            "41385": 86,
            "41400": 86,
            "41415": 86,
            "41430": 86,
            "41445": 86,
            "41460": 86,
            "41475": 88,
            "41490": 88,
            "41505": 88,
            "41520": 88,
            "41535": 86,
            "41550": 86,
            "41565": 86,
            "41580": 86,
            "41595": 87,
            "41610": 87,
            "41625": 87,
            "41640": 87,
            "41655": 89,
            "41670": 89,
            "41685": 89,
            "41700": 89,
            "41715": 89,
            "41730": 89,
            "41745": 89,
            "41760": 89,
            "41775": 85,
            "41790": 85,
            "41805": 85,
            "41820": 85,
            "41835": 83,
            "41850": 83,
            "41865": 83,
            "41880": 83,
            "41895": 85,
            "41910": 85,
            "41925": 85,
            "41940": 85,
            "41955": 88,
            "41970": 88,
            "41985": 88,
            "42000": 88,
            "42015": 89,
            "42030": 89,
            "42045": 89,
            "42060": 89,
            "42075": 75,
            "42090": 75,
            "42105": 75,
            "42120": 75,
            "42135": 86,
            "42150": 86,
            "42165": 86,
            "42180": 86,
            "42195": 87,
            "42210": 87,
            "42225": 87,
            "42240": 87,
            "42255": 82,
            "42270": 82,
            "42285": 82,
            "42300": 82,
            "42315": 81,
            "42330": 81,
            "42345": 81,
            "42360": 81,
            "42375": 82,
            "42390": 82,
            "42405": 82,
            "42420": 82,
            "42435": 85,
            "42450": 85,
            "42465": 85,
            "42480": 85,
            "42495": 78,
            "42510": 78,
            "42525": 78,
            "42540": 78,
            "42555": 83,
            "42570": 83,
            "42585": 83,
            "42600": 83,
            "42615": 80,
            "42630": 80,
            "42645": 80,
            "42660": 80,
            "42675": 80,
            "42690": 80,
            "42705": 80,
            "42720": 80,
            "42735": 82,
            "42750": 82,
            "42765": 82,
            "42780": 82,
            "42795": 86,
            "42810": 86,
            "42825": 86,
            "42840": 86,
            "42855": 87,
            "42870": 87,
            "42885": 87,
            "42900": 87,
            "42915": 83,
            "42930": 83,
            "42945": 83,
            "42960": 83,
            "42975": 77,
            "42990": 77,
            "43005": 77,
            "43020": 77,
            "43035": 83,
            "43050": 83,
            "43065": 83,
            "43080": 83,
            "43095": 74,
            "43110": 74,
            "43125": 74,
            "43140": 74,
            "43155": 76,
            "43170": 76,
            "43185": 76,
            "43200": 76,
            "43215": 78,
            "43230": 78,
            "43245": 78,
            "43260": 78,
            "43275": 75,
            "43290": 75,
            "43305": 75,
            "43320": 75,
            "43335": 75,
            "43350": 75,
            "43365": 75,
            "43380": 75,
            "43395": 84,
            "43410": 84,
            "43425": 84,
            "43440": 84,
            "43455": 79,
            "43470": 79,
            "43485": 79,
            "43500": 79,
            "43515": 82,
            "43530": 82,
            "43545": 82,
            "43560": 82,
            "43575": 79,
            "43590": 79,
            "43605": 79,
            "43620": 79,
            "43635": 74,
            "43650": 74,
            "43665": 74,
            "43680": 74,
            "43695": 68,
            "43710": 68,
            "43725": 68,
            "43740": 68,
            "43755": 71,
            "43770": 71,
            "43785": 71,
            "43800": 71,
            "43815": 78,
            "43830": 78,
            "43845": 78,
            "43860": 78,
            "43875": 77,
            "43890": 77,
            "43905": 77,
            "43920": 77,
            "43935": 79,
            "43950": 79,
            "43965": 79,
            "43980": 79,
            "43995": 69,
            "44010": 69,
            "44025": 69,
            "44040": 69,
            "44055": 75,
            "44070": 75,
            "44085": 75,
            "44100": 75,
            "44115": 77,
            "44130": 77,
            "44145": 77,
            "44160": 77,
            "44175": 80,
            "44190": 80,
            "44205": 80,
            "44220": 80,
            "44235": 85,
            "44250": 85,
            "44265": 85,
            "44280": 85,
            "44295": 88,
            "44310": 88,
            "44325": 88,
            "44340": 88,
            "44355": 87,
            "44370": 87,
            "44385": 87,
            "44400": 87,
            "44415": 80,
            "44430": 80,
            "44445": 80,
            "44460": 80,
            "44475": 78,
            "44490": 78,
            "44505": 78,
            "44520": 78,
            "44535": 80,
            "44550": 80,
            "44565": 80,
            "44580": 80,
            "44595": 72,
            "44610": 72,
            "44625": 72,
            "44640": 72,
            "44655": 75,
            "44670": 75,
            "44685": 75,
            "44700": 75,
            "44715": 79,
            "44730": 79,
            "44745": 79,
            "44760": 79,
            "44775": 77,
            "44790": 77,
            "44805": 77,
            "44820": 77,
            "44835": 78,
            "44850": 78,
            "44865": 78,
            "44880": 78,
            "44895": 78,
            "44910": 78,
            "44925": 78,
            "44940": 78,
            "44955": 79,
            "44970": 79,
            "44985": 79,
            "45000": 79,
            "45015": 96,
            "45030": 96,
            "45045": 96,
            "45060": 96,
            "45075": 99,
            "45090": 99,
            "45105": 99,
            "45120": 99,
            "45135": 103,
            "45150": 103,
            "45165": 103,
            "45180": 103,
            "45195": 126,
            "45210": 126,
            "45225": 126,
            "45240": 126,
            "45255": 129,
            "45270": 129,
            "45285": 129,
            "45300": 129,
            "45315": 127,
            "45330": 127,
            "45345": 127,
            "45360": 127,
            "45375": 133,
            "45390": 133,
            "45405": 133,
            "45420": 133,
            "45435": 123,
            "45450": 123,
            "45465": 123,
            "45480": 123,
            "45495": 118,
            "45510": 118,
            "45525": 118,
            "45540": 118,
            "45555": 104,
            "45570": 104,
            "45585": 104,
            "45600": 104,
            "45615": 100,
            "45630": 100,
            "45645": 100,
            "45660": 100,
            "45675": 94,
            "45690": 94,
            "45705": 94,
            "45720": 94,
            "45735": 93,
            "45750": 93,
            "45765": 93,
            "45780": 93,
            "45795": 98,
            "45810": 98,
            "45825": 98,
            "45840": 98,
            "45855": 96,
            "45870": 96,
            "45885": 96,
            "45900": 96,
            "45915": 93,
            "45930": 93,
            "45945": 93,
            "45960": 93,
            "45975": 95,
            "45990": 95,
            "46005": 95,
            "46020": 95,
            "46035": 97,
            "46050": 97,
            "46065": 97,
            "46080": 97,
            "46095": 88,
            "46110": 88,
            "46125": 88,
            "46140": 88,
            "46155": 88,
            "46170": 88,
            "46185": 88,
            "46200": 88,
            "46215": 97,
            "46230": 97,
            "46245": 97,
            "46260": 97,
            "46275": 112,
            "46290": 112,
            "46305": 112,
            "46320": 112,
            "46335": 104,
            "46350": 104,
            "46365": 104,
            "46380": 104,
            "46395": 102,
            "46410": 102,
            "46425": 102,
            "46440": 102,
            "46455": 100,
            "46470": 100,
            "46485": 100,
            "46500": 100,
            "46515": 95,
            "46530": 95,
            "46545": 95,
            "46560": 95,
            "46575": 97,
            "46590": 97,
            "46605": 97,
            "46620": 97,
            "46635": 87,
            "46650": 87,
            "46665": 87,
            "46680": 87,
            "46695": 88,
            "46710": 88,
            "46725": 88,
            "46740": 88,
            "46755": 88,
            "46770": 88,
            "46785": 88,
            "46800": 88,
            "46815": 90,
            "46830": 90,
            "46845": 90,
            "46860": 90,
            "46875": 84,
            "46890": 84,
            "46905": 84,
            "46920": 84,
            "46935": 91,
            "46950": 91,
            "46965": 91,
            "46980": 91,
            "46995": 94,
            "47010": 94,
            "47025": 94,
            "47040": 94,
            "47055": 94,
            "47070": 94,
            "47085": 94,
            "47100": 94,
            "47115": 97,
            "47130": 97,
            "47145": 97,
            "47160": 97,
            "47175": 97,
            "47190": 97,
            "47205": 97,
            "47220": 97,
            "47235": 90,
            "47250": 90,
            "47265": 90,
            "47280": 90,
            "47295": 87,
            "47310": 87,
            "47325": 87,
            "47340": 87,
            "47355": 86,
            "47370": 86,
            "47385": 86,
            "47400": 86,
            "47415": 94,
            "47430": 94,
            "47445": 94,
            "47460": 94,
            "47475": 98,
            "47490": 98,
            "47505": 98,
            "47520": 98,
            "47535": 97,
            "47550": 97,
            "47565": 97,
            "47580": 97,
            "47595": 99,
            "47610": 99,
            "47625": 99,
            "47640": 99,
            "47655": 85,
            "47670": 85,
            "47685": 85,
            "47700": 85,
            "47715": 93,
            "47730": 93,
            "47745": 93,
            "47760": 93,
            "47775": 95,
            "47790": 95,
            "47805": 95,
            "47820": 95,
            "47835": 95,
            "47850": 95,
            "47865": 95,
            "47880": 95,
            "47895": 96,
            "47910": 96,
            "47925": 96,
            "47940": 96,
            "47955": 91,
            "47970": 91,
            "47985": 91,
            "48000": 91,
            "48015": 99,
            "48030": 99,
            "48045": 99,
            "48060": 99,
            "48075": 96,
            "48090": 96,
            "48105": 96,
            "48120": 96,
            "48135": 93,
            "48150": 93,
            "48165": 93,
            "48180": 93,
            "48195": 97,
            "48210": 97,
            "48225": 97,
            "48240": 97,
            "48255": 99,
            "48270": 99,
            "48285": 99,
            "48300": 99,
            "48315": 91,
            "48330": 91,
            "48345": 91,
            "48360": 91,
            "48375": 98,
            "48390": 98,
            "48405": 98,
            "48420": 98,
            "48435": 93,
            "48450": 93,
            "48465": 93,
            "48480": 93,
            "48495": 91,
            "48510": 91,
            "48525": 91,
            "48540": 91,
            "48555": 84,
            "48570": 84,
            "48585": 84,
            "48600": 84,
            "48615": 78,
            "48630": 78,
            "48645": 78,
            "48660": 78,
            "48675": 76,
            "48690": 76,
            "48705": 76,
            "48720": 76,
            "48735": 74,
            "48750": 74,
            "48765": 74,
            "48780": 74,
            "48795": 72,
            "48810": 72,
            "48825": 72,
            "48840": 72,
            "48855": 76,
            "48870": 76,
            "48885": 76,
            "48900": 76,
            "48915": 81,
            "48930": 81,
            "48945": 81,
            "48960": 81,
            "48975": 76,
            "48990": 76,
            "49005": 76,
            "49020": 76,
            "49035": 67,
            "49050": 67,
            "49065": 67,
            "49080": 67,
            "49095": 66,
            "49110": 66,
            "49125": 66,
            "49140": 66,
            "49155": 67,
            "49170": 67,
            "49185": 67,
            "49200": 67,
            "49215": 75,
            "49230": 75,
            "49245": 75,
            "49260": 75,
            "49275": 81,
            "49290": 81,
            "49305": 81,
            "49320": 81,
            "49335": 85,
            "49350": 85,
            "49365": 85,
            "49380": 85,
            "49395": 81,
            "49410": 81,
            "49425": 81,
            "49440": 81,
            "49455": 76,
            "49470": 76,
            "49485": 76,
            "49500": 76,
            "49515": 80,
            "49530": 80,
            "49545": 80,
            "49560": 80,
            "49575": 87,
            "49590": 87,
            "49605": 87,
            "49620": 87,
            "49635": 95,
            "49650": 95,
            "49665": 95,
            "49680": 95,
            "49695": 96,
            "49710": 96,
            "49725": 96,
            "49740": 96,
            "49755": 96,
            "49770": 96,
            "49785": 96,
            "49800": 96,
            "49815": 100,
            "49830": 100,
            "49845": 100,
            "49860": 100,
            "49875": 100,
            "49890": 100,
            "49905": 100,
            "49920": 100,
            "49935": 94,
            "49950": 94,
            "49965": 94,
            "49980": 94,
            "49995": 102,
            "50010": 102,
            "50025": 102,
            "50040": 102,
            "50055": 102,
            "50070": 102,
            "50085": 102,
            "50100": 102,
            "50115": 103,
            "50130": 103,
            "50145": 103,
            "50160": 103,
            "50175": 98,
            "50190": 98,
            "50205": 98,
            "50220": 98,
            "50235": 110,
            "50250": 110,
            "50265": 110,
            "50280": 110,
            "50295": 113,
            "50310": 113,
            "50325": 113,
            "50340": 113,
            "50355": 112,
            "50370": 112,
            "50385": 112,
            "50400": 112,
            "50415": 105,
            "50430": 105,
            "50445": 105,
            "50460": 105,
            "50475": 99,
            "50490": 99,
            "50505": 99,
            "50520": 99,
            "50535": 101,
            "50550": 101,
            "50565": 101,
            "50580": 101,
            "50595": 74,
            "50610": 74,
            "50625": 74,
            "50640": 74,
            "50655": 72,
            "50670": 72,
            "50685": 72,
            "50700": 72,
            "50715": 73,
            "50730": 73,
            "50745": 73,
            "50760": 73,
            "50775": 66,
            "50790": 66,
            "50805": 66,
            "50820": 66,
            "50835": 74,
            "50850": 74,
            "50865": 74,
            "50880": 74,
            "50895": 78,
            "50910": 78,
            "50925": 78,
            "50940": 78,
            "50955": 80,
            "50970": 80,
            "50985": 80,
            "51000": 80,
            "51015": 90,
            "51030": 90,
            "51045": 90,
            "51060": 90,
            "51075": 92,
            "51090": 92,
            "51105": 92,
            "51120": 92,
            "51135": 93,
            "51150": 93,
            "51165": 93,
            "51180": 93,
            "51195": 91,
            "51210": 91,
            "51225": 91,
            "51240": 91,
            "51255": 96,
            "51270": 96,
            "51285": 96,
            "51300": 96,
            "51315": 94,
            "51330": 94,
            "51345": 94,
            "51360": 94,
            "51375": 96,
            "51390": 96,
            "51405": 96,
            "51420": 96,
            "51435": 95,
            "51450": 95,
            "51465": 95,
            "51480": 95,
            "51495": 95,
            "51510": 95,
            "51525": 95,
            "51540": 95,
            "51555": 93,
            "51570": 93,
            "51585": 93,
            "51600": 93,
            "51615": 85,
            "51630": 85,
            "51645": 85,
            "51660": 85,
            "51675": 83,
            "51690": 83,
            "51705": 83,
            "51720": 83,
            "51735": 91,
            "51750": 91,
            "51765": 91,
            "51780": 91,
            "51795": 91,
            "51810": 91,
            "51825": 91,
            "51840": 91,
            "51855": 88,
            "51870": 88,
            "51885": 88,
            "51900": 88,
            "51915": 88,
            "51930": 88,
            "51945": 88,
            "51960": 88,
            "51975": 90,
            "51990": 90,
            "52005": 90,
            "52020": 90,
            "52035": 89,
            "52050": 89,
            "52065": 89,
            "52080": 89,
            "52095": 88,
            "52110": 88,
            "52125": 88,
            "52140": 88,
            "52155": 88,
            "52170": 88,
            "52185": 88,
            "52200": 88,
            "52215": 89,
            "52230": 89,
            "52245": 89,
            "52260": 89,
            "52275": 87,
            "52290": 87,
            "52305": 87,
            "52320": 87,
            "52335": 90,
            "52350": 90,
            "52365": 90,
            "52380": 90,
            "52395": 92,
            "52410": 92,
            "52425": 92,
            "52440": 92,
            "52455": 93,
            "52470": 93,
            "52485": 93,
            "52500": 93,
            "52515": 91,
            "52530": 91,
            "52545": 91,
            "52560": 91,
            "52575": 93,
            "52590": 93,
            "52605": 93,
            "52620": 93,
            "52635": 96,
            "52650": 96,
            "52665": 96,
            "52680": 96,
            "52695": 97,
            "52710": 97,
            "52725": 97,
            "52740": 97,
            "52755": 97,
            "52770": 97,
            "52785": 97,
            "52800": 97,
            "52815": 94,
            "52830": 94,
            "52845": 94,
            "52860": 94,
            "52875": 87,
            "52890": 87,
            "52905": 87,
            "52920": 87,
            "52935": 82,
            "52950": 82,
            "52965": 82,
            "52980": 82,
            "52995": 79,
            "53010": 79,
            "53025": 79,
            "53040": 79,
            "53055": 81,
            "53070": 81,
            "53085": 81,
            "53100": 81,
            "53115": 85,
            "53130": 85,
            "53145": 85,
            "53160": 85,
            "53175": 83,
            "53190": 83,
            "53205": 83,
            "53220": 83,
            "53235": 76,
            "53250": 76,
            "53265": 76,
            "53280": 76,
            "53295": 77,
            "53310": 77,
            "53325": 77,
            "53340": 77,
            "53355": 70,
            "53370": 70,
            "53385": 70,
            "53400": 70,
            "53415": 72,
            "53430": 72,
            "53445": 72,
            "53460": 72,
            "53475": 75,
            "53490": 75,
            "53505": 75,
            "53520": 75,
            "53535": 81,
            "53550": 81,
            "53565": 81,
            "53580": 81,
            "53595": 72,
            "53610": 72,
            "53625": 72,
            "53640": 72,
            "53655": 73,
            "53670": 73,
            "53685": 73,
            "53700": 73,
            "53715": 74,
            "53730": 74,
            "53745": 74,
            "53760": 74,
            "53775": 75,
            "53790": 75,
            "53805": 75,
            "53820": 75,
            "53835": 70,
            "53850": 70,
            "53865": 70,
            "53880": 70,
            "53895": 82,
            "53910": 82,
            "53925": 82,
            "53940": 82,
            "53955": 83,
            "53970": 83,
            "53985": 83,
            "54000": 83,
            "54015": 87,
            "54030": 87,
            "54045": 87,
            "54060": 87,
            "54075": 89,
            "54090": 89,
            "54105": 89,
            "54120": 89,
            "54135": 88,
            "54150": 88,
            "54165": 88,
            "54180": 88
        },
        "stepsGoal": 9470,
        "intensityDurationGoalInSeconds": 9000,
        "floorsClimbedGoal": 10,
        "averageStressLevel": 20,
        "maxStressLevel": 98,
        "stressDurationInSeconds": 9300,
        "restStressDurationInSeconds": 28980,
        "activityStressDurationInSeconds": 12420,
        "lowStressDurationInSeconds": 4260,
        "mediumStressDurationInSeconds": 3540,
        "highStressDurationInSeconds": 1500,
        "stressQualifier": "unknown"
    }
]