[
    {
        "userId": "49d85c6a-b8f8-4787-95fa-f145553e59a9",
        "userAccessToken": "7b64f2c3-1572-407f-ac1a-ea3ef127ff2c",
        "summaryId": "x45dba26-6712da60-15180",
        "startTimeInSeconds": 1729288800,
        "startTimeOffsetInSeconds": 7200,
        "durationInSeconds": 86400,
        "calendarDate": "2024-10-19",
        "timeOffsetStressLevelValues": {
            "0": -1,
            "180": 84,
            "360": 75,
            "540": 85,
            "720": 83,
            "900": -1,
            "1080": 82,
            "1260": -1,
            "1440": -1,
            "1620": -1,
            "1800": -1,
            "1980": 93,
            "2160": 91,
            "2340": 85,
            "2520": 87,
            "2700": 82,
            "2880": 88,
            "3060": 86,
            "3240": 89,
            "3420": 90,
            "3600": 91,
            "3780": 78,
            "3960": 86,
            "4140": -1,
            "4320": -1,
            "4500": -1,
            "4680": -1,
            "4860": -1,
            "5040": -1,
            "5220": -1,
            "5400": 78,
            "5580": 91,
            "5760": 82,
            "5940": 52,
            "6120": 71,
            "6300": 46,
            "6480": 58,
            "6660": 47,
            "6840": 45,
            "7020": 42,
            "7200": -1,
            "7380": -1,
            "7560": 58,
            "7740": 40,
            "7920": 54,
            "8100": 76,
            "8280": 56,
            "8460": -1,
            "8640": -2,
            "8820": -2,
            "9000": -2,
            "9180": -2,
            "9360": -1,
            "9540": 49,
            "9720": 21,
            "9900": 30,
            "10080": -1,
            "10260": -2,
            "10440": 20,
            "10620": 24,
            "10800": -1,
            "10980": -1,
            "11160": 22,
            "11340": 21,
            "11520": 19,
            "11700": 37,
            "11880": 21,
            "12060": 21,
            "12240": 18,
            "12420": 22,
            "12600": 23,
            "12780": 23,
            "12960": 22,
            "13140": 22,
            "13320": 22,
            "13500": 21,
            "13680": 21,
            "13860": 21,
            "14040": 20,
            "14220": 21,
            "14400": 19,
            "14580": 18,
            "14760": 20,
            "14940": 19,
            "15120": 18,
            "15300": 20,
            "15480": 18,
            "15660": 20,
            "15840": 19,
            "16020": 19,
            "16200": 15,
            "16380": 14,
            "16560": 20,
            "16740": 17,
            "16920": 17,
            "17100": 11,
            "17280": 15,
            "17460": 11,
            "17640": 13,
            "17820": 20,
            "18000": 18,
            "18180": 21,
            "18360": 19,
            "18540": 19,
            "18720": 17,
            "18900": 17,
            "19080": 18,
            "19260": 13,
            "19440": 15,
            "19620": 16,
            "19800": 16,
            "19980": 15,
            "20160": 16,
            "20340": 16,
            "20520": 15,
            "20700": 16,
            "20880": 18,
            "21060": 13,
            "21240": 8,
            "21420": 12,
            "21600": 17,
            "21780": 18,
            "21960": 21,
            "22140": 18,
            "22320": 6,
            "22500": 14,
            "22680": 8,
            "22860": 8,
            "23040": 7,
            "23220": 12,
            "23400": 15,
            "23580": 7,
            "23760": 6,
            "23940": 5,
            "24120": 10,
            "24300": 12,
            "24480": 12,
            "24660": 14,
            "24840": 15,
            "25020": 12,
            "25200": 10,
            "25380": 10,
            "25560": 14,
            "25740": 16,
            "25920": 17,
            "26100": 19,
            "26280": 14,
            "26460": 9,
            "26640": 12,
            "26820": 9,
            "27000": 8,
            "27180": 14,
            "27360": 8,
            "27540": 8,
            "27720": 7,
            "27900": 7,
            "28080": 12,
            "28260": 7,
            "28440": 11,
            "28620": 17,
            "28800": 8,
            "28980": -1,
            "29160": 18,
            "29340": 15,
            "29520": 10,
            "29700": 8,
            "29880": 10,
            "30060": 9,
            "30240": 8,
            "30420": 11,
            "30600": 14,
            "30780": 14,
            "30960": 13,
            "31140": 12,
            "31320": 14,
            "31500": 14,
            "31680": 15,
            "31860": 15,
            "32040": 15,
            "32220": 13,
            "32400": 14,
            "32580": 15,
            "32760": 17,
            "32940": 16,
            "33120": 15,
            "33300": 16,
            "33480": 13,
            "33660": 14,
            "33840": 11,
            "34020": 15,
            "34200": 11,
            "34380": 13,
            "34560": 10,
            "34740": 12,
            "34920": 11,
            "35100": 13,
            "35280": 17,
            "35460": 16,
            "35640": 16,
            "35820": 21,
            "36000": 19,
            "36180": 20,
            "36360": 17,
            "36540": 19,
            "36720": 17,
            "36900": 17,
            "37080": 18,
            "37260": 20,
            "37440": 22,
            "37620": 15,
            "37800": 15,
            "37980": 15,
            "38160": 14,
            "38340": 17,
            "38520": 17,
            "38700": 16,
            "38880": 17,
            "39060": 16,
            "39240": 16,
            "39420": 15,
            "39600": 12,
            "39780": 26,
            "39960": 18,
            "40140": 17,
            "40320": 19,
            "40500": 11,
            "40680": 21,
            "40860": 19,
            "41040": -1,
            "41220": -2,
            "41400": -1,
            "41580": -1,
            "41760": 42,
            "41940": 15,
            "42120": 16,
            "42300": 8,
            "42480": 12,
            "42660": 11,
            "42840": 13,
            "43020": 20,
            "43200": 12,
            "43380": 12,
            "43560": 15,
            "43740": 15,
            "43920": 12,
            "44100": 13,
            "44280": 8,
            "44460": 12,
            "44640": 15,
            "44820": 15,
            "45000": 15,
            "45180": 12,
            "45360": 14,
            "45540": -1,
            "45720": 6,
            "45900": 8,
            "46080": 18,
            "46260": 23,
            "46440": -1,
            "46620": 12,
            "46800": 8,
            "46980": 13,
            "47160": 13,
            "47340": 9,
            "47520": 10,
            "47700": 10,
            "47880": 20,
            "48060": 13,
            "48240": 15,
            "48420": 19,
            "48600": 13,
            "48780": -1,
            "48960": -1,
            "49140": -1,
            "49320": -1,
            "49500": -1,
            "49680": -1,
            "49860": 12,
            "50040": 15,
            "50220": 11,
            "50400": 14,
            "50580": 12,
            "50760": 15,
            "50940": 15,
            "51120": 10,
            "51300": 14,
            "51480": 9,
            "51660": 14,
            "51840": 13,
            "52020": 17,
            "52200": 15,
            "52380": -1,
            "52560": -1,
            "52740": -1,
            "52920": -2,
            "53100": -2,
            "53280": -1,
            "53460": -1,
            "53640": -1,
            "53820": 21,
            "54000": 15,
            "54180": 25,
            "54360": 22,
            "54540": 49,
            "54720": 39,
            "54900": 61,
            "55080": 46,
            "55260": 49,
            "55440": 42,
            "55620": 25,
            "55800": 25,
            "55980": 25,
            "56160": 19,
            "56340": 20,
            "56520": 19,
            "56700": 18,
            "56880": 17,
            "57060": 22,
            "57240": 20,
            "57420": 18,
            "57600": 19,
            "57780": 15,
            "57960": 13,
            "58140": 16,
            "58320": 15,
            "58500": 17,
            "58680": -1,
            "58860": 18,
            "59040": 20,
            "59220": 16,
            "59400": 15,
            "59580": 20,
            "59760": 17,
            "59940": 22,
            "60120": 18,
            "60300": 20,
            "60480": 20,
            "60660": 16,
            "60840": 10,
            "61020": 24,
            "61200": 21,
            "61380": -1,
            "61560": 21,
            "61740": 25,
            "61920": 15,
            "62100": 19,
            "62280": 39,
            "62460": 25,
            "62640": 34,
            "62820": 62,
            "63000": 61,
            "63180": 61,
            "63360": 82,
            "63540": -1,
            "63720": -1,
            "63900": -1,
            "64080": -1,
            "64260": -1,
            "64440": -1,
            "64620": -1,
            "64800": -1,
            "64980": -1,
            "65160": -1,
            "65340": -1,
            "65520": -1,
            "65700": -1,
            "65880": -1,
            "66060": -1,
            "66240": -1,
            "66420": -1,
            "66600": -1,
            "66780": -1,
            "66960": -1,
            "67140": -1,
            "67320": -1,
            "67500": -1,
            "67680": -1,
            "67860": -1,
            "68040": -1,
            "68220": -1,
            "68400": -1,
            "68580": -1,
            "68760": -1,
            "68940": -1,
            "69120": -1,
            "69300": -1,
            "69480": -1,
            "69660": -1,
            "69840": -1,
            "70020": -1,
            "70200": -1,
            "70380": -1,
            "70560": -1,
            "70740": -1,
            "70920": -1,
            "71100": -1,
            "71280": -1,
            "71460": -1,
            "71640": -1,
            "71820": -1,
            "72000": -1,
            "72180": -1,
            "72360": -1,
            "72540": -1,
            "72720": -1,
            "72900": -1,
            "73080": 19,
            "73260": -1,
            "73440": 18,
            "73620": -1,
            "73800": -1,
            "73980": -1,
            "74160": -2,
            "74340": -1,
            "74520": 4,
            "74700": 12,
            "74880": 12,
            "75060": 9,
            "75240": 10,
            "75420": 15,
            "75600": -1,
            "75780": 9,
            "75960": 6,
            "76140": 5,
            "76320": 8,
            "76500": 7,
            "76680": 8,
            "76860": 12,
            "77040": 16,
            "77220": 17,
            "77400": 20,
            "77580": 23,
            "77760": 19,
            "77940": 22,
            "78120": 25,
            "78300": -1,
            "78480": 10,
            "78660": 11,
            "78840": 10,
            "79020": 9,
            "79200": -1,
            "79380": 10,
            "79560": 6,
            "79740": 6,
            "79920": 8,
            "80100": 9,
            "80280": 10,
            "80460": 9,
            "80640": 15,
            "80820": -1,
            "81000": -1,
            "81180": -1,
            "81360": 14,
            "81540": 16,
            "81720": 19,
            "81900": 18,
            "82080": 22,
            "82260": 10,
            "82440": 12,
            "82620": 15,
            "82800": 10,
            "82980": 13,
            "83160": -1,
            "83340": 8,
            "83520": 10,
            "83700": 12,
            "83880": 11,
            "84060": 8,
            "84240": 19,
            "84420": 10,
            "84600": 11,
            "84780": 14,
            "84960": -1,
            "85140": 16,
            "85320": 15,
            "85500": 11,
            "85680": 11,
            "85860": 5,
            "86040": 8,
            "86220": 14
        },
        "timeOffsetBodyBatteryValues": {
            "0": 32,
            "180": 32,
            "360": 32,
            "540": 31,
            "720": 31,
            "900": 31,
            "1080": 30,
            "1260": 30,
            "1440": 30,
            "1620": 29,
            "1800": 29,
            "1980": 28,
            "2160": 28,
            "2340": 27,
            "2520": 27,
            "2700": 27,
            "2880": 26,
            "3060": 25,
            "3240": 25,
            "3420": 25,
            "3600": 24,
            "3780": 24,
            "3960": 24,
            "4140": 23,
            "4320": 23,
            "4500": 23,
            "4680": 23,
            "4860": 22,
            "5040": 22,
            "5220": 22,
            "5400": 21,
            "5580": 21,
            "5760": 21,
            "5940": 20,
            "6120": 20,
            "6300": 20,
            "6480": 20,
            "6660": 20,
            "6840": 20,
            "7020": 19,
            "7200": 19,
            "7380": 19,
            "7560": 19,
            "7740": 19,
            "7920": 19,
            "8100": 18,
            "8280": 18,
            "8460": 18,
            "8640": 18,
            "8820": 18,
            "9000": 18,
            "9180": 18,
            "9360": 18,
            "9540": 18,
            "9720": 18,
            "9900": 18,
            "10080": 18,
            "10260": 17,
            "10440": 17,
            "10620": 17,
            "10800": 17,
            "10980": 17,
            "11160": 17,
            "11340": 17,
            "11520": 17,
            "11700": 17,
            "11880": 17,
            "12060": 17,
            "12240": 17,
            "12420": 17,
            "12600": 17,
            "12780": 17,
            "12960": 17,
            "13140": 17,
            "13320": 17,
            "13500": 17,
            "13680": 17,
            "13860": 17,
            "14040": 17,
            "14220": 17,
            "14400": 19,
            "14580": 19,
            "14760": 19,
            "14940": 20,
            "15120": 20,
            "15300": 21,
            "15480": 21,
            "15660": 21,
            "15840": 21,
            "16020": 22,
            "16200": 22,
            "16380": 22,
            "16560": 23,
            "16740": 23,
            "16920": 24,
            "17100": 24,
            "17280": 25,
            "17460": 25,
            "17640": 26,
            "17820": 27,
            "18000": 27,
            "18180": 27,
            "18360": 28,
            "18540": 29,
            "18720": 29,
            "18900": 30,
            "19080": 31,
            "19260": 31,
            "19440": 32,
            "19620": 33,
            "19800": 33,
            "19980": 34,
            "20160": 35,
            "20340": 36,
            "20520": 37,
            "20700": 37,
            "20880": 37,
            "21060": 38,
            "21240": 39,
            "21420": 40,
            "21600": 40,
            "21780": 41,
            "21960": 41,
            "22140": 42,
            "22320": 43,
            "22500": 44,
            "22680": 44,
            "22860": 46,
            "23040": 46,
            "23220": 47,
            "23400": 48,
            "23580": 49,
            "23760": 49,
            "23940": 50,
            "24120": 51,
            "24300": 51,
            "24480": 53,
            "24660": 53,
            "24840": 53,
            "25020": 54,
            "25200": 55,
            "25380": 56,
            "25560": 56,
            "25740": 56,
            "25920": 57,
            "26100": 57,
            "26280": 57,
            "26460": 58,
            "26640": 59,
            "26820": 59,
            "27000": 60,
            "27180": 60,
            "27360": 60,
            "27540": 62,
            "27720": 62,
            "27900": 63,
            "28080": 64,
            "28260": 64,
            "28440": 64,
            "28620": 65,
            "28800": 66,
            "28980": 66,
            "29160": 66,
            "29340": 66,
            "29520": 67,
            "29700": 67,
            "29880": 68,
            "30060": 69,
            "30240": 70,
            "30420": 70,
            "30600": 70,
            "30780": 71,
            "30960": 71,
            "31140": 72,
            "31320": 72,
            "31500": 73,
            "31680": 73,
            "31860": 73,
            "32040": 73,
            "32220": 74,
            "32400": 75,
            "32580": 75,
            "32760": 75,
            "32940": 75,
            "33120": 75,
            "33300": 76,
            "33480": 76,
            "33660": 77,
            "33840": 77,
            "34020": 77,
            "34200": 77,
            "34380": 78,
            "34560": 79,
            "34740": 79,
            "34920": 80,
            "35100": 80,
            "35280": 80,
            "35460": 80,
            "35640": 81,
            "35820": 81,
            "36000": 81,
            "36180": 81,
            "36360": 81,
            "36540": 81,
            "36720": 81,
            "36900": 82,
            "37080": 83,
            "37260": 83,
            "37440": 83,
            "37620": 83,
            "37800": 83,
            "37980": 84,
            "38160": 84,
            "38340": 84,
            "38520": 84,
            "38700": 84,
            "38880": 84,
            "39060": 84,
            "39240": 85,
            "39420": 85,
            "39600": 85,
            "39780": 85,
            "39960": 85,
            "40140": 85,
            "40320": 85,
            "40500": 85,
            "40680": 85,
            "40860": 85,
            "41040": 85,
            "41220": 84,
            "41400": 83,
            "41580": 83,
            "41760": 82,
            "41940": 82,
            "42120": 82,
            "42300": 82,
            "42480": 82,
            "42660": 82,
            "42840": 82,
            "43020": 82,
            "43200": 82,
            "43380": 82,
            "43560": 82,
            "43740": 84,
            "43920": 84,
            "44100": 84,
            "44280": 84,
            "44460": 84,
            "44640": 84,
            "44820": 84,
            "45000": 84,
            "45180": 84,
            "45360": 84,
            "45540": 84,
            "45720": 84,
            "45900": 85,
            "46080": 85,
            "46260": 85,
            "46440": 85,
            "46620": 85,
            "46800": 83,
            "46980": 83,
            "47160": 83,
            "47340": 83,
            "47520": 83,
            "47700": 85,
            "47880": 85,
            "48060": 85,
            "48240": 85,
            "48420": 83,
            "48600": 83,
            "48780": 83,
            "48960": 83,
            "49680": 81,
            "49860": 81,
            "50040": 81,
            "50220": 81,
            "50400": 81,
            "50580": 81,
            "50760": 81,
            "50940": 81,
            "51120": 81,
            "51300": 81,
            "51480": 81,
            "51660": 81,
            "51840": 82,
            "52020": 82,
            "52200": 82,
            "52380": 82,
            "52560": 81,
            "52740": 80,
            "52920": 79,
            "53100": 79,
            "53280": 79,
            "53460": 79,
            "53640": 78,
            "53820": 78,
            "54000": 78,
            "54180": 77,
            "54360": 77,
            "54540": 77,
            "54720": 76,
            "54900": 76,
            "55080": 75,
            "55260": 75,
            "55440": 74,
            "55620": 74,
            "55800": 74,
            "55980": 74,
            "56160": 74,
            "56340": 74,
            "56520": 74,
            "56700": 73,
            "56880": 73,
            "57060": 73,
            "57240": 73,
            "57420": 73,
            "57600": 73,
            "57780": 73,
            "57960": 73,
            "58140": 73,
            "58320": 72,
            "58500": 72,
            "58680": 72,
            "58860": 72,
            "59040": 72,
            "59220": 72,
            "59400": 72,
            "59580": 72,
            "59760": 72,
            "59940": 72,
            "60120": 72,
            "60300": 72,
            "60480": 72,
            "60660": 72,
            "60840": 72,
            "61020": 72,
            "61200": 72,
            "61380": 72,
            "61560": 72,
            "61740": 71,
            "61920": 71,
            "62100": 70,
            "62280": 70,
            "62460": 70,
            "62640": 69,
            "62820": 69,
            "63000": 68,
            "63180": 68,
            "63360": 67,
            "63540": 67,
            "72900": 50,
            "73080": 50,
            "73260": 50,
            "73440": 50,
            "73620": 50,
            "73800": 49,
            "73980": 49,
            "74160": 49,
            "74340": 49,
            "74520": 49,
            "74700": 49,
            "74880": 49,
            "75060": 49,
            "75240": 49,
            "75420": 49,
            "75600": 49,
            "75780": 50,
            "75960": 51,
            "76140": 51,
            "76320": 51,
            "76500": 52,
            "76680": 52,
            "76860": 53,
            "77040": 53,
            "77220": 53,
            "77400": 53,
            "77580": 53,
            "77760": 53,
            "77940": 52,
            "78120": 51,
            "78300": 51,
            "78480": 51,
            "78660": 51,
            "78840": 51,
            "79020": 51,
            "79200": 51,
            "79380": 51,
            "79560": 51,
            "79740": 51,
            "79920": 53,
            "80100": 53,
            "80280": 53,
            "80460": 53,
            "80640": 53,
            "80820": 53,
            "81000": 53,
            "81180": 53,
            "81360": 53,
            "81540": 53,
            "81720": 53,
            "81900": 53,
            "82080": 53,
            "82260": 53,
            "82440": 53,
            "82620": 53,
            "82800": 53,
            "82980": 53,
            "83160": 52,
            "83340": 52,
            "83520": 52,
            "83700": 52,
            "83880": 52,
            "84060": 52,
            "84240": 52,
            "84420": 52,
            "84600": 52,
            "84780": 54,
            "84960": 54,
            "85140": 54,
            "85320": 54,
            "85500": 54,
            "85680": 54,
            "85860": 54,
            "86040": 54,
            "86220": 54
        }
    }
]