[
    {
        "userId": "49d85c6a-b8f8-4787-95fa-f145553e59a9",
        "userAccessToken": "7b64f2c3-1572-407f-ac1a-ea3ef127ff2c",
        "summaryId": "x45dba26-670d9460-14f64",
        "startTimeInSeconds": 1728943200,
        "startTimeOffsetInSeconds": 7200,
        "durationInSeconds": 85860,
        "calendarDate": "2024-10-15",
        "timeOffsetStressLevelValues": {
            "0": -1,
            "180": -1,
            "360": -1,
            "540": -1,
            "720": -1,
            "900": 19,
            "1080": 19,
            "1260": 21,
            "1440": 17,
            "1620": 17,
            "1800": 18,
            "1980": 17,
            "2160": 15,
            "2340": 16,
            "2520": 16,
            "2700": 16,
            "2880": 18,
            "3060": 13,
            "3240": 15,
            "3420": 16,
            "3600": 19,
            "3780": 20,
            "3960": 18,
            "4140": 18,
            "4320": 13,
            "4500": 17,
            "4680": 19,
            "4860": 20,
            "5040": 21,
            "5220": 21,
            "5400": 19,
            "5580": 20,
            "5760": 19,
            "5940": 17,
            "6120": 19,
            "6300": 17,
            "6480": 18,
            "6660": 17,
            "6840": 19,
            "7020": 18,
            "7200": 20,
            "7380": 20,
            "7560": -1,
            "7740": -1,
            "7920": -1,
            "8100": -1,
            "8280": -1,
            "8460": -1,
            "8640": -1,
            "8820": 16,
            "9000": 16,
            "9180": 18,
            "9360": 6,
            "9540": 5,
            "9720": -1,
            "9900": -1,
            "10080": 14,
            "10260": 12,
            "10440": 12,
            "10620": 6,
            "10800": 2,
            "10980": 5,
            "11160": 10,
            "11340": 15,
            "11520": 12,
            "11700": 11,
            "11880": 8,
            "12060": 9,
            "12240": 13,
            "12420": 15,
            "12600": 15,
            "12780": 10,
            "12960": 12,
            "13140": 15,
            "13320": 13,
            "13500": 13,
            "13680": 13,
            "13860": 13,
            "14040": 14,
            "14220": 14,
            "14400": 11,
            "14580": 7,
            "14760": 8,
            "14940": 12,
            "15120": 9,
            "15300": 9,
            "15480": 11,
            "15660": 9,
            "15840": 10,
            "16020": 4,
            "16200": 6,
            "16380": 7,
            "16560": 5,
            "16740": 3,
            "16920": 5,
            "17100": 3,
            "17280": 2,
            "17460": 3,
            "17640": -1,
            "17820": 6,
            "18000": 2,
            "18180": 10,
            "18360": 11,
            "18540": 8,
            "18720": 10,
            "18900": 18,
            "19080": 13,
            "19260": 14,
            "19440": 15,
            "19620": 17,
            "19800": 18,
            "19980": 16,
            "20160": 13,
            "20340": 18,
            "20520": 18,
            "20700": 19,
            "20880": 17,
            "21060": 15,
            "21240": 18,
            "21420": 14,
            "21600": 5,
            "21780": 3,
            "21960": 5,
            "22140": 8,
            "22320": 5,
            "22500": 9,
            "22680": 7,
            "22860": 7,
            "23040": 11,
            "23220": 6,
            "23400": 5,
            "23580": 9,
            "23760": 8,
            "23940": 12,
            "24120": 12,
            "24300": 8,
            "24480": 9,
            "24660": 15,
            "24840": 14,
            "25020": 16,
            "25200": 16,
            "25380": 13,
            "25560": 12,
            "25740": 13,
            "25920": 15,
            "26100": 16,
            "26280": 10,
            "26460": 10,
            "26640": 10,
            "26820": 15,
            "27000": 47,
            "27180": 52,
            "27360": 64,
            "27540": -1,
            "27720": -1,
            "27900": -1,
            "28080": 20,
            "28260": 13,
            "28440": 13,
            "28620": 11,
            "28800": 11,
            "28980": -2,
            "29160": 17,
            "29340": 13,
            "29520": 8,
            "29700": 15,
            "29880": 12,
            "30060": 15,
            "30240": 14,
            "30420": 11,
            "30600": 13,
            "30780": 20,
            "30960": 18,
            "31140": 18,
            "31320": 19,
            "31500": 14,
            "31680": 24,
            "31860": 19,
            "32040": 18,
            "32220": 20,
            "32400": 21,
            "32580": 18,
            "32760": 18,
            "32940": -2,
            "33120": 24,
            "33300": 27,
            "33480": 28,
            "33660": 25,
            "33840": 28,
            "34020": 44,
            "34200": 62,
            "34380": 87,
            "34560": -1,
            "34740": 12,
            "34920": 21,
            "35100": 21,
            "35280": 18,
            "35460": 15,
            "35640": 17,
            "35820": -1,
            "36000": 36,
            "36180": 40,
            "36360": 33,
            "36540": 18,
            "36720": -1,
            "36900": 23,
            "37080": 22,
            "37260": -1,
            "37440": 25,
            "37620": 24,
            "37800": 34,
            "37980": 36,
            "38160": 43,
            "38340": 28,
            "38520": 22,
            "38700": 46,
            "38880": 19,
            "39060": 22,
            "39240": 25,
            "39420": 24,
            "39600": 24,
            "39780": 29,
            "39960": -1,
            "40140": -2,
            "40320": 25,
            "40500": 24,
            "40680": -2,
            "40860": -2,
            "41040": -2,
            "41220": 25,
            "41400": 29,
            "41580": -1,
            "41760": 25,
            "41940": 14,
            "42120": 16,
            "42300": 16,
            "42480": -1,
            "42660": 25,
            "42840": -1,
            "43020": 25,
            "43200": 29,
            "43380": 31,
            "43560": -1,
            "43740": 29,
            "43920": 24,
            "44100": 25,
            "44280": -1,
            "44460": 43,
            "44640": 43,
            "44820": 38,
            "45000": 64,
            "45180": 42,
            "45360": 44,
            "45540": 45,
            "45720": 25,
            "45900": 29,
            "46080": 67,
            "46260": 40,
            "46440": 40,
            "46620": 30,
            "46800": 40,
            "46980": 57,
            "47160": 63,
            "47340": 59,
            "47520": 26,
            "47700": 22,
            "47880": 23,
            "48060": 18,
            "48240": 20,
            "48420": 18,
            "48600": -2,
            "48780": -2,
            "48960": -2,
            "49140": -2,
            "49320": -2,
            "49500": -2,
            "49680": 24,
            "49860": 24,
            "50040": 25,
            "50220": -2,
            "50400": -1,
            "50580": 53,
            "50760": -1,
            "50940": -1,
            "51120": -2,
            "51300": 24,
            "51480": 23,
            "51660": 23,
            "51840": -1,
            "52020": 30,
            "52200": 23,
            "52380": 19,
            "52560": 20,
            "52740": 22,
            "52920": 25,
            "53100": 23,
            "53280": 25,
            "53460": 33,
            "53640": 43,
            "53820": 26,
            "54000": 29,
            "54180": -1,
            "54360": -1,
            "54540": -1,
            "54720": -1,
            "54900": 71,
            "55080": -2,
            "55260": -2,
            "55440": -1,
            "55620": -1,
            "55800": -1,
            "55980": -1,
            "56160": 18,
            "56340": 25,
            "56520": 23,
            "56700": -2,
            "56880": -2,
            "57060": -2,
            "57240": 37,
            "57420": 15,
            "57600": 21,
            "57780": 22,
            "57960": 20,
            "58140": 20,
            "58320": 22,
            "58500": 18,
            "58680": 39,
            "58860": 46,
            "59040": 59,
            "59220": 35,
            "59400": 26,
            "59580": 43,
            "59760": 43,
            "59940": 46,
            "60120": 27,
            "60300": 34,
            "60480": 31,
            "60660": 22,
            "60840": 23,
            "61020": 19,
            "61200": -1,
            "61380": -1,
            "61560": 22,
            "61740": 25,
            "61920": -1,
            "62100": -1,
            "62280": -2,
            "62460": -2,
            "62640": 72,
            "62820": 77,
            "63000": -2,
            "63180": -1,
            "63360": -1,
            "63540": -1,
            "63720": -1,
            "63900": -1,
            "64080": -1,
            "64260": -1,
            "64440": -1,
            "64620": -1,
            "64800": -1,
            "64980": -1,
            "65160": -1,
            "65340": -1,
            "65520": -1,
            "65700": -1,
            "65880": -1,
            "66060": -1,
            "66240": -1,
            "66420": -1,
            "66600": -1,
            "66780": -1,
            "66960": -1,
            "67140": -1,
            "67320": -1,
            "67500": -1,
            "67680": -1,
            "67860": -2,
            "68040": -1,
            "68220": 99,
            "68400": 98,
            "68580": -2,
            "68760": 99,
            "68940": -1,
            "69120": -1,
            "69300": -1,
            "69480": -1,
            "69660": -1,
            "69840": -1,
            "70020": -1,
            "70200": -1,
            "70380": -1,
            "70560": -1,
            "70740": -1,
            "70920": -1,
            "71100": 92,
            "71280": 88,
            "71460": 87,
            "71640": 87,
            "71820": 66,
            "72000": 37,
            "72180": 63,
            "72360": 43,
            "72540": 61,
            "72720": 76,
            "72900": 84,
            "73080": -1,
            "73260": 24,
            "73440": -1,
            "73620": 42,
            "73800": -1,
            "73980": 31,
            "74160": 12,
            "74340": 25,
            "74520": 21,
            "74700": 20,
            "74880": 24,
            "75060": 15,
            "75240": 24,
            "75420": 16,
            "75600": 8,
            "75780": -1,
            "75960": -1,
            "76140": -1,
            "76320": -1,
            "76500": -1,
            "76680": -1,
            "76860": -1,
            "77040": -1,
            "77220": -1,
            "77400": -1,
            "77580": 37,
            "77760": -2,
            "77940": -2,
            "78120": -2,
            "78300": -2,
            "78480": -1,
            "78660": 37,
            "78840": -1,
            "79020": 67,
            "79200": 57,
            "79380": 22,
            "79560": 58,
            "79740": 58,
            "79920": 50,
            "80100": 34,
            "80280": 43,
            "80460": 46,
            "80640": 40,
            "80820": 46,
            "81000": 45,
            "81180": 49,
            "81360": 26,
            "81540": 37,
            "81720": 31,
            "81900": 20,
            "82080": -1,
            "82260": 92,
            "82440": 69,
            "82620": 29,
            "82800": 18,
            "82980": 18,
            "83160": 18,
            "83340": 17,
            "83520": 15,
            "83700": 24,
            "83880": 20,
            "84060": 20,
            "84240": 22,
            "84420": -1,
            "84600": 23,
            "84780": 22,
            "84960": 58,
            "85140": 78,
            "85320": 25,
            "85500": 19,
            "85680": 17
        },
        "timeOffsetBodyBatteryValues": {
            "0": 19,
            "180": 18,
            "360": 18,
            "540": 18,
            "720": 18,
            "900": 18,
            "1080": 18,
            "1260": 18,
            "1440": 18,
            "1620": 18,
            "1800": 18,
            "1980": 18,
            "2160": 20,
            "2340": 20,
            "2520": 21,
            "2700": 21,
            "2880": 21,
            "3060": 22,
            "3240": 22,
            "3420": 22,
            "3600": 23,
            "3780": 23,
            "3960": 23,
            "4140": 24,
            "4320": 24,
            "4500": 24,
            "4680": 25,
            "4860": 25,
            "5040": 25,
            "5220": 26,
            "5400": 27,
            "5580": 27,
            "5760": 27,
            "5940": 27,
            "6120": 28,
            "6300": 28,
            "6480": 29,
            "6660": 30,
            "6840": 30,
            "7020": 30,
            "7200": 31,
            "7380": 31,
            "7560": 32,
            "7740": 32,
            "7920": 33,
            "8100": 33,
            "8280": 33,
            "8460": 34,
            "8640": 34,
            "8820": 34,
            "9000": 35,
            "9180": 36,
            "9360": 36,
            "9540": 37,
            "9720": 38,
            "9900": 38,
            "10080": 38,
            "10260": 38,
            "10440": 38,
            "10620": 38,
            "10800": 39,
            "10980": 39,
            "11160": 39,
            "11340": 39,
            "11520": 40,
            "11700": 40,
            "11880": 41,
            "12060": 42,
            "12240": 44,
            "12420": 44,
            "12600": 45,
            "12780": 46,
            "12960": 47,
            "13140": 48,
            "13320": 49,
            "13500": 49,
            "13680": 50,
            "13860": 51,
            "14040": 51,
            "14220": 52,
            "14400": 52,
            "14580": 53,
            "14760": 54,
            "14940": 55,
            "15120": 55,
            "15300": 56,
            "15480": 56,
            "15660": 57,
            "15840": 57,
            "16020": 58,
            "16200": 59,
            "16380": 59,
            "16560": 60,
            "16740": 61,
            "16920": 62,
            "17100": 62,
            "17280": 63,
            "17460": 64,
            "17640": 64,
            "17820": 64,
            "18000": 65,
            "18180": 66,
            "18360": 66,
            "18540": 66,
            "18720": 67,
            "18900": 68,
            "19080": 68,
            "19260": 69,
            "19440": 69,
            "19620": 70,
            "19800": 70,
            "19980": 71,
            "20160": 71,
            "20340": 71,
            "20520": 71,
            "20700": 72,
            "20880": 73,
            "21060": 73,
            "21240": 73,
            "21420": 73,
            "21600": 73,
            "21780": 74,
            "21960": 75,
            "22140": 75,
            "22320": 76,
            "22500": 76,
            "22680": 77,
            "22860": 77,
            "23040": 78,
            "23220": 78,
            "23400": 79,
            "23580": 79,
            "23760": 80,
            "23940": 80,
            "24120": 81,
            "24300": 81,
            "24480": 82,
            "24660": 83,
            "24840": 83,
            "25020": 83,
            "25200": 83,
            "25380": 83,
            "25560": 84,
            "25740": 84,
            "25920": 84,
            "26100": 84,
            "26280": 85,
            "26460": 85,
            "26640": 86,
            "26820": 86,
            "27000": 86,
            "27180": 86,
            "27360": 86,
            "27540": 85,
            "27720": 85,
            "27900": 84,
            "28080": 84,
            "28260": 84,
            "28440": 84,
            "28620": 84,
            "28800": 84,
            "28980": 84,
            "29160": 84,
            "29340": 84,
            "29520": 84,
            "29700": 84,
            "29880": 84,
            "30060": 84,
            "30240": 84,
            "30420": 84,
            "30600": 84,
            "30780": 84,
            "30960": 84,
            "31140": 84,
            "31320": 83,
            "31500": 83,
            "31680": 83,
            "31860": 83,
            "32040": 83,
            "32220": 83,
            "32400": 83,
            "32580": 83,
            "32760": 83,
            "32940": 82,
            "33120": 82,
            "33300": 82,
            "33480": 82,
            "33660": 81,
            "33840": 81,
            "34020": 80,
            "34200": 80,
            "34380": 80,
            "34560": 79,
            "34740": 79,
            "34920": 78,
            "35100": 78,
            "35280": 78,
            "35460": 78,
            "35640": 78,
            "35820": 78,
            "36000": 78,
            "36180": 78,
            "36360": 77,
            "36540": 77,
            "36720": 77,
            "36900": 76,
            "37080": 76,
            "37260": 76,
            "37440": 76,
            "37620": 75,
            "37800": 75,
            "37980": 75,
            "38160": 74,
            "38340": 74,
            "38520": 74,
            "38700": 74,
            "38880": 74,
            "39060": 74,
            "39240": 73,
            "39420": 73,
            "39600": 73,
            "39780": 72,
            "39960": 72,
            "40140": 72,
            "40320": 72,
            "40500": 72,
            "40680": 71,
            "40860": 71,
            "41040": 71,
            "41220": 71,
            "41400": 71,
            "41580": 70,
            "41760": 70,
            "41940": 70,
            "42120": 70,
            "42300": 70,
            "42480": 70,
            "42660": 70,
            "42840": 70,
            "43020": 70,
            "43200": 69,
            "43380": 69,
            "43560": 69,
            "43740": 68,
            "43920": 68,
            "44100": 68,
            "44280": 67,
            "44460": 67,
            "44640": 67,
            "44820": 66,
            "45000": 66,
            "45180": 66,
            "45360": 65,
            "45540": 65,
            "45720": 65,
            "45900": 64,
            "46080": 64,
            "46260": 64,
            "46440": 63,
            "46620": 63,
            "46800": 63,
            "46980": 62,
            "47160": 62,
            "47340": 62,
            "47520": 61,
            "47700": 61,
            "47880": 61,
            "48060": 61,
            "48240": 61,
            "48420": 61,
            "48600": 61,
            "48780": 60,
            "48960": 60,
            "49140": 59,
            "49320": 59,
            "49500": 59,
            "49680": 58,
            "49860": 58,
            "50040": 58,
            "50220": 57,
            "50400": 57,
            "50580": 57,
            "50760": 57,
            "50940": 56,
            "51120": 56,
            "51300": 56,
            "51480": 55,
            "51660": 55,
            "51840": 55,
            "52020": 55,
            "52200": 55,
            "52380": 55,
            "52560": 55,
            "52740": 55,
            "52920": 55,
            "53100": 55,
            "53280": 54,
            "53460": 54,
            "53640": 54,
            "53820": 54,
            "54000": 54,
            "54180": 54,
            "54360": 53,
            "54540": 53,
            "54720": 52,
            "54900": 52,
            "55080": 51,
            "55260": 51,
            "55440": 51,
            "55620": 51,
            "55800": 51,
            "55980": 51,
            "56160": 50,
            "56340": 50,
            "56520": 50,
            "56700": 50,
            "56880": 49,
            "57060": 49,
            "57240": 49,
            "57420": 49,
            "57600": 49,
            "57780": 49,
            "57960": 48,
            "58140": 48,
            "58320": 48,
            "58500": 48,
            "58680": 48,
            "58860": 48,
            "59040": 48,
            "59220": 47,
            "59400": 47,
            "59580": 47,
            "59760": 47,
            "59940": 47,
            "60120": 47,
            "60300": 46,
            "60480": 46,
            "60660": 46,
            "60840": 46,
            "61020": 46,
            "61200": 46,
            "61380": 46,
            "61560": 46,
            "61740": 46,
            "61920": 45,
            "62100": 45,
            "62280": 45,
            "62460": 45,
            "62640": 44,
            "62820": 44,
            "63000": 44,
            "63180": 43,
            "63360": 42,
            "63540": 41,
            "63720": 40,
            "63900": 39,
            "64080": 38,
            "64260": 37,
            "64440": 37,
            "64620": 35,
            "64800": 34,
            "64980": 33,
            "65160": 33,
            "65340": 32,
            "65520": 31,
            "65700": 31,
            "65880": 29,
            "66060": 27,
            "66240": 27,
            "66420": 27,
            "66600": 26,
            "66780": 25,
            "66960": 24,
            "67140": 24,
            "67320": 23,
            "67500": 21,
            "67680": 21,
            "67860": 21,
            "68040": 21,
            "68220": 20,
            "68400": 20,
            "68580": 20,
            "68760": 19,
            "68940": 19,
            "69120": 19,
            "69300": 19,
            "69480": 19,
            "69660": 18,
            "69840": 18,
            "70020": 18,
            "70200": 18,
            "70380": 18,
            "70560": 18,
            "70740": 18,
            "70920": 18,
            "71100": 17,
            "71280": 17,
            "71460": 17,
            "71640": 17,
            "71820": 17,
            "72000": 16,
            "72180": 16,
            "72360": 16,
            "72540": 16,
            "72720": 16,
            "72900": 16,
            "73080": 16,
            "73260": 16,
            "73440": 15,
            "73620": 15,
            "73800": 15,
            "73980": 15,
            "74160": 15,
            "74340": 15,
            "74520": 15,
            "74700": 15,
            "74880": 15,
            "75060": 15,
            "75240": 15,
            "75420": 15,
            "75600": 15,
            "75780": 15,
            "75960": 15,
            "76140": 15,
            "76320": 15,
            "76500": 17,
            "76680": 18,
            "76860": 18,
            "77040": 18,
            "77220": 18,
            "77400": 18,
            "77580": 18,
            "77760": 18,
            "77940": 18,
            "78120": 16,
            "78300": 16,
            "78480": 16,
            "78660": 16,
            "78840": 16,
            "79020": 16,
            "79200": 15,
            "79380": 15,
            "79560": 15,
            "79740": 15,
            "79920": 15,
            "80100": 15,
            "80280": 15,
            "80460": 15,
            "80640": 15,
            "80820": 15,
            "81000": 14,
            "81180": 14,
            "81360": 14,
            "81540": 14,
            "81720": 14,
            "81900": 14,
            "82080": 14,
            "82260": 13,
            "82440": 13,
            "82620": 13,
            "82800": 12,
            "82980": 12,
            "83160": 12,
            "83340": 12,
            "83520": 12,
            "83700": 12,
            "83880": 11,
            "84060": 11,
            "84240": 11,
            "84420": 11,
            "84600": 11,
            "84780": 11,
            "84960": 11,
            "85140": 11,
            "85320": 11,
            "85500": 11,
            "85680": 11
        }
    }
]