[
    {
        "userId": "49d85c6a-b8f8-4787-95fa-f145553e59a9",
        "userAccessToken": "7b64f2c3-1572-407f-ac1a-ea3ef127ff2c",
        "summaryId": "x45dba26-670ee5e0-c60c",
        "startTimeInSeconds": 1729029600,
        "startTimeOffsetInSeconds": 7200,
        "durationInSeconds": 50700,
        "calendarDate": "2024-10-16",
        "timeOffsetStressLevelValues": {
            "0": 15,
            "180": 13,
            "360": 10,
            "540": 18,
            "720": 18,
            "900": 19,
            "1080": 18,
            "1260": 18,
            "1440": 17,
            "1620": 17,
            "1800": 15,
            "1980": 16,
            "2160": 17,
            "2340": 17,
            "2520": 17,
            "2700": 16,
            "2880": 15,
            "3060": 15,
            "3240": 11,
            "3420": 12,
            "3600": 11,
            "3780": 8,
            "3960": 10,
            "4140": 13,
            "4320": 20,
            "4500": 16,
            "4680": 9,
            "4860": 8,
            "5040": 16,
            "5220": 20,
            "5400": 19,
            "5580": 6,
            "5760": 8,
            "5940": 8,
            "6120": 12,
            "6300": 14,
            "6480": 16,
            "6660": 16,
            "6840": 17,
            "7020": 11,
            "7200": 14,
            "7380": 10,
            "7560": 11,
            "7740": 10,
            "7920": 6,
            "8100": 5,
            "8280": 10,
            "8460": 8,
            "8640": 5,
            "8820": 5,
            "9000": 3,
            "9180": 6,
            "9360": 21,
            "9540": 32,
            "9720": 32,
            "9900": 32,
            "10080": 31,
            "10260": 6,
            "10440": 8,
            "10620": 13,
            "10800": 11,
            "10980": 7,
            "11160": 6,
            "11340": 5,
            "11520": 8,
            "11700": 9,
            "11880": 8,
            "12060": 5,
            "12240": 5,
            "12420": 8,
            "12600": 7,
            "12780": 7,
            "12960": 11,
            "13140": 8,
            "13320": 8,
            "13500": 9,
            "13680": 8,
            "13860": 8,
            "14040": 9,
            "14220": 9,
            "14400": 9,
            "14580": 6,
            "14760": 11,
            "14940": 11,
            "15120": 9,
            "15300": 8,
            "15480": 8,
            "15660": 13,
            "15840": 11,
            "16020": 10,
            "16200": 15,
            "16380": 10,
            "16560": 13,
            "16740": 11,
            "16920": 10,
            "17100": 18,
            "17280": 6,
            "17460": 8,
            "17640": 12,
            "17820": 6,
            "18000": 5,
            "18180": 6,
            "18360": 4,
            "18540": 6,
            "18720": 5,
            "18900": 8,
            "19080": 9,
            "19260": 11,
            "19440": 9,
            "19620": 12,
            "19800": 11,
            "19980": 11,
            "20160": 11,
            "20340": 9,
            "20520": 12,
            "20700": 7,
            "20880": 8,
            "21060": 3,
            "21240": 8,
            "21420": 5,
            "21600": 6,
            "21780": 9,
            "21960": 3,
            "22140": 5,
            "22320": 3,
            "22500": 2,
            "22680": 6,
            "22860": 16,
            "23040": 5,
            "23220": 2,
            "23400": 4,
            "23580": 11,
            "23760": 11,
            "23940": 19,
            "24120": 3,
            "24300": 3,
            "24480": 13,
            "24660": 9,
            "24840": 13,
            "25020": 17,
            "25200": 16,
            "25380": -1,
            "25560": 16,
            "25740": 19,
            "25920": 16,
            "26100": 15,
            "26280": 18,
            "26460": 15,
            "26640": 12,
            "26820": 21,
            "27000": -2,
            "27180": 11,
            "27360": 13,
            "27540": 6,
            "27720": 7,
            "27900": 3,
            "28080": 12,
            "28260": 10,
            "28440": 9,
            "28620": 6,
            "28800": 9,
            "28980": 11,
            "29160": 7,
            "29340": 6,
            "29520": 7,
            "29700": 14,
            "29880": 12,
            "30060": 16,
            "30240": -1,
            "30420": 22,
            "30600": -1,
            "30780": -1,
            "30960": -1,
            "31140": -1,
            "31320": -1,
            "31500": -2,
            "31680": -1,
            "31860": -2,
            "32040": -2,
            "32220": -1,
            "32400": 80,
            "32580": 73,
            "32760": -1,
            "32940": -1,
            "33120": -1,
            "33300": -2,
            "33480": -2,
            "33660": -2,
            "33840": -1,
            "34020": 43,
            "34200": 34,
            "34380": 30,
            "34560": 49,
            "34740": 25,
            "34920": 25,
            "35100": 26,
            "35280": 24,
            "35460": 25,
            "35640": 25,
            "35820": 37,
            "36000": 25,
            "36180": 31,
            "36360": 21,
            "36540": 27,
            "36720": 19,
            "36900": 24,
            "37080": 27,
            "37260": 17,
            "37440": 17,
            "37620": 25,
            "37800": 17,
            "37980": 23,
            "38160": 25,
            "38340": 21,
            "38520": 19,
            "38700": 22,
            "38880": -1,
            "39060": 16,
            "39240": -2,
            "39420": -1,
            "39600": 29,
            "39780": 22,
            "39960": 25,
            "40140": 17,
            "40320": 14,
            "40500": 21,
            "40680": 23,
            "40860": 22,
            "41040": 29,
            "41220": 25,
            "41400": 23,
            "41580": 25,
            "41760": -1,
            "41940": 73,
            "42120": 58,
            "42300": 73,
            "42480": 74,
            "42660": 51,
            "42840": 49,
            "43020": 50,
            "43200": 60,
            "43380": 60,
            "43560": -1,
            "43740": 52,
            "43920": 61,
            "44100": -1,
            "44280": 53,
            "44460": -1,
            "44640": -2,
            "44820": -1,
            "45000": 46,
            "45180": -1,
            "45360": -2,
            "45540": 55,
            "45720": 56,
            "45900": -1,
            "46080": 64,
            "46260": -1,
            "46440": 49,
            "46620": 39,
            "46800": 49,
            "46980": -1,
            "47160": 53,
            "47340": -1,
            "47520": -1,
            "47700": 30,
            "47880": 38,
            "48060": 55,
            "48240": 35,
            "48420": 61,
            "48600": 27,
            "48780": -1,
            "48960": -2,
            "49140": -2,
            "49320": 58,
            "49500": -1,
            "49680": -2,
            "49860": 22,
            "50040": 22,
            "50220": 25,
            "50400": 21,
            "50580": 21
        },
        "timeOffsetBodyBatteryValues": {
            "0": 12,
            "180": 12,
            "360": 13,
            "540": 13,
            "720": 13,
            "900": 13,
            "1080": 13,
            "1260": 13,
            "1440": 14,
            "1620": 14,
            "1800": 14,
            "1980": 15,
            "2160": 15,
            "2340": 15,
            "2520": 16,
            "2700": 16,
            "2880": 17,
            "3060": 17,
            "3240": 17,
            "3420": 18,
            "3600": 18,
            "3780": 19,
            "3960": 19,
            "4140": 20,
            "4320": 20,
            "4500": 21,
            "4680": 21,
            "4860": 22,
            "5040": 22,
            "5220": 23,
            "5400": 23,
            "5580": 24,
            "5760": 24,
            "5940": 25,
            "6120": 27,
            "6300": 27,
            "6480": 28,
            "6660": 28,
            "6840": 28,
            "7020": 29,
            "7200": 30,
            "7380": 31,
            "7560": 32,
            "7740": 32,
            "7920": 33,
            "8100": 34,
            "8280": 35,
            "8460": 36,
            "8640": 37,
            "8820": 37,
            "9000": 38,
            "9180": 39,
            "9360": 41,
            "9540": 41,
            "9720": 41,
            "9900": 42,
            "10080": 42,
            "10260": 43,
            "10440": 43,
            "10620": 44,
            "10800": 45,
            "10980": 46,
            "11160": 47,
            "11340": 48,
            "11520": 48,
            "11700": 49,
            "11880": 50,
            "12060": 50,
            "12240": 51,
            "12420": 52,
            "12600": 53,
            "12780": 54,
            "12960": 54,
            "13140": 55,
            "13320": 56,
            "13500": 56,
            "13680": 57,
            "13860": 57,
            "14040": 58,
            "14220": 58,
            "14400": 59,
            "14580": 60,
            "14760": 60,
            "14940": 61,
            "15120": 62,
            "15300": 63,
            "15480": 63,
            "15660": 64,
            "15840": 64,
            "16020": 65,
            "16200": 65,
            "16380": 66,
            "16560": 67,
            "16740": 67,
            "16920": 67,
            "17100": 68,
            "17280": 69,
            "17460": 69,
            "17640": 70,
            "17820": 70,
            "18000": 71,
            "18180": 71,
            "18360": 72,
            "18540": 73,
            "18720": 73,
            "18900": 74,
            "19080": 74,
            "19260": 75,
            "19440": 75,
            "19620": 76,
            "19800": 77,
            "19980": 77,
            "20160": 78,
            "20340": 78,
            "20520": 78,
            "20700": 79,
            "20880": 79,
            "21060": 80,
            "21240": 80,
            "21420": 81,
            "21600": 81,
            "21780": 82,
            "21960": 82,
            "22140": 83,
            "22320": 83,
            "22500": 84,
            "22680": 85,
            "22860": 85,
            "23040": 85,
            "23220": 86,
            "23400": 87,
            "23580": 87,
            "23760": 88,
            "23940": 88,
            "24120": 88,
            "24300": 89,
            "24480": 89,
            "24660": 89,
            "24840": 90,
            "25020": 90,
            "25200": 90,
            "25380": 90,
            "25560": 90,
            "25740": 90,
            "25920": 90,
            "26100": 90,
            "26280": 91,
            "26460": 91,
            "26640": 91,
            "26820": 91,
            "27000": 91,
            "27180": 90,
            "27360": 90,
            "27540": 90,
            "27720": 90,
            "27900": 90,
            "28080": 90,
            "28260": 92,
            "28440": 92,
            "28620": 92,
            "28800": 92,
            "28980": 92,
            "29160": 92,
            "29340": 92,
            "29520": 93,
            "29700": 93,
            "29880": 93,
            "30060": 93,
            "30240": 93,
            "30420": 93,
            "30600": 93,
            "30780": 93,
            "30960": 91,
            "31140": 91,
            "31320": 90,
            "31500": 89,
            "31680": 89,
            "31860": 89,
            "32040": 88,
            "32220": 87,
            "32400": 87,
            "32580": 86,
            "32760": 86,
            "32940": 85,
            "33120": 85,
            "33300": 84,
            "33480": 84,
            "33660": 83,
            "33840": 83,
            "34020": 82,
            "34200": 82,
            "34380": 82,
            "34560": 81,
            "34740": 81,
            "34920": 81,
            "35100": 81,
            "35280": 80,
            "35460": 80,
            "35640": 80,
            "35820": 79,
            "36000": 79,
            "36180": 79,
            "36360": 79,
            "36540": 78,
            "36720": 78,
            "36900": 78,
            "37080": 78,
            "37260": 78,
            "37440": 78,
            "37620": 77,
            "37800": 77,
            "37980": 77,
            "38160": 77,
            "38340": 77,
            "38520": 77,
            "38700": 77,
            "38880": 77,
            "39060": 76,
            "39240": 76,
            "39420": 76,
            "39600": 75,
            "39780": 75,
            "39960": 75,
            "40140": 74,
            "40320": 74,
            "40500": 74,
            "40680": 74,
            "40860": 74,
            "41040": 74,
            "41220": 74,
            "41400": 74,
            "41580": 73,
            "41760": 73,
            "41940": 73,
            "42120": 72,
            "42300": 71,
            "42480": 71,
            "42660": 70,
            "42840": 70,
            "43020": 69,
            "43200": 69,
            "43380": 68,
            "43560": 68,
            "43740": 68,
            "43920": 67,
            "44100": 67,
            "44280": 66,
            "44460": 66,
            "44640": 66,
            "44820": 65,
            "45000": 65,
            "45180": 64,
            "45360": 64,
            "45540": 64,
            "45720": 63,
            "45900": 63,
            "46080": 63,
            "46260": 62,
            "46440": 62,
            "46620": 61,
            "46800": 61,
            "46980": 61,
            "47160": 60,
            "47340": 60,
            "47520": 60,
            "47700": 60,
            "47880": 60,
            "48060": 59,
            "48240": 59,
            "48420": 58,
            "48600": 58,
            "48780": 58,
            "48960": 58,
            "49140": 58,
            "49320": 57,
            "49500": 57,
            "49680": 57,
            "49860": 57,
            "50040": 56,
            "50220": 56,
            "50400": 56,
            "50580": 56
        }
    }
]