[
    {
        "userId": "49d85c6a-b8f8-4787-95fa-f145553e59a9",
        "userAccessToken": "7b64f2c3-1572-407f-ac1a-ea3ef127ff2c",
        "summaryId": "x45dba26-67103760-15180",
        "startTimeInSeconds": 1729116000,
        "startTimeOffsetInSeconds": 7200,
        "durationInSeconds": 86400,
        "calendarDate": "2024-10-17",
        "timeOffsetStressLevelValues": {
            "0": -2,
            "180": -1,
            "360": -1,
            "540": 18,
            "720": 22,
            "900": 20,
            "1080": 21,
            "1260": 20,
            "1440": 18,
            "1620": 20,
            "1800": 22,
            "1980": 19,
            "2160": 20,
            "2340": 18,
            "2520": 19,
            "2700": 17,
            "2880": 24,
            "3060": 21,
            "3240": 16,
            "3420": 16,
            "3600": 19,
            "3780": 18,
            "3960": 13,
            "4140": 18,
            "4320": 19,
            "4500": 19,
            "4680": 17,
            "4860": 15,
            "5040": 13,
            "5220": 19,
            "5400": 15,
            "5580": 14,
            "5760": 15,
            "5940": 17,
            "6120": 16,
            "6300": 15,
            "6480": 11,
            "6660": 9,
            "6840": 6,
            "7020": 3,
            "7200": 1,
            "7380": 14,
            "7560": 6,
            "7740": 5,
            "7920": 3,
            "8100": 8,
            "8280": 4,
            "8460": 5,
            "8640": 15,
            "8820": 8,
            "9000": 9,
            "9180": 8,
            "9360": 9,
            "9540": 7,
            "9720": 10,
            "9900": 5,
            "10080": 5,
            "10260": 5,
            "10440": 7,
            "10620": 7,
            "10800": 5,
            "10980": 8,
            "11160": 5,
            "11340": 4,
            "11520": 5,
            "11700": 7,
            "11880": 7,
            "12060": 7,
            "12240": 6,
            "12420": 5,
            "12600": 5,
            "12780": 3,
            "12960": 2,
            "13140": 4,
            "13320": 3,
            "13500": 2,
            "13680": 1,
            "13860": 2,
            "14040": 5,
            "14220": 11,
            "14400": 8,
            "14580": 10,
            "14760": 8,
            "14940": 8,
            "15120": 14,
            "15300": 5,
            "15480": 7,
            "15660": 6,
            "15840": 13,
            "16020": 9,
            "16200": 6,
            "16380": 8,
            "16560": 6,
            "16740": 8,
            "16920": 11,
            "17100": 10,
            "17280": 9,
            "17460": 11,
            "17640": 4,
            "17820": 8,
            "18000": 10,
            "18180": 8,
            "18360": 11,
            "18540": 7,
            "18720": 20,
            "18900": 14,
            "19080": 2,
            "19260": 5,
            "19440": 5,
            "19620": 10,
            "19800": 4,
            "19980": 11,
            "20160": 10,
            "20340": 9,
            "20520": 5,
            "20700": 2,
            "20880": 5,
            "21060": 5,
            "21240": 6,
            "21420": 14,
            "21600": 9,
            "21780": 5,
            "21960": 10,
            "22140": 9,
            "22320": 9,
            "22500": 9,
            "22680": 9,
            "22860": 7,
            "23040": 8,
            "23220": 6,
            "23400": 9,
            "23580": 7,
            "23760": 8,
            "23940": 14,
            "24120": 10,
            "24300": 1,
            "24480": 12,
            "24660": 13,
            "24840": 4,
            "25020": 8,
            "25200": 15,
            "25380": 23,
            "25560": 4,
            "25740": 9,
            "25920": 5,
            "26100": 3,
            "26280": 6,
            "26460": 11,
            "26640": 8,
            "26820": 8,
            "27000": 8,
            "27180": 6,
            "27360": 7,
            "27540": 6,
            "27720": 8,
            "27900": 8,
            "28080": 3,
            "28260": 3,
            "28440": 3,
            "28620": 10,
            "28800": 36,
            "28980": 10,
            "29160": 7,
            "29340": 7,
            "29520": 7,
            "29700": -1,
            "29880": -1,
            "30060": -1,
            "30240": -1,
            "30420": -1,
            "30600": 12,
            "30780": 13,
            "30960": 10,
            "31140": 63,
            "31320": 82,
            "31500": 69,
            "31680": -1,
            "31860": -2,
            "32040": 27,
            "32220": 24,
            "32400": -1,
            "32580": -1,
            "32760": 19,
            "32940": 15,
            "33120": 16,
            "33300": 16,
            "33480": 18,
            "33660": 25,
            "33840": 23,
            "34020": 22,
            "34200": 22,
            "34380": 24,
            "34560": 23,
            "34740": 27,
            "34920": 27,
            "35100": 18,
            "35280": -1,
            "35460": 31,
            "35640": -1,
            "35820": -2,
            "36000": -1,
            "36180": -1,
            "36360": -1,
            "36540": -2,
            "36720": 22,
            "36900": 39,
            "37080": 20,
            "37260": 28,
            "37440": 22,
            "37620": 29,
            "37800": 25,
            "37980": 24,
            "38160": 25,
            "38340": -1,
            "38520": -2,
            "38700": -1,
            "38880": 10,
            "39060": 19,
            "39240": 14,
            "39420": 15,
            "39600": 18,
            "39780": 13,
            "39960": -1,
            "40140": -2,
            "40320": -1,
            "40500": 22,
            "40680": 25,
            "40860": 24,
            "41040": 16,
            "41220": 20,
            "41400": 25,
            "41580": 21,
            "41760": 28,
            "41940": 27,
            "42120": 22,
            "42300": -1,
            "42480": 19,
            "42660": -1,
            "42840": -1,
            "43020": -1,
            "43200": 23,
            "43380": 36,
            "43560": 25,
            "43740": -2,
            "43920": -2,
            "44100": -2,
            "44280": -1,
            "44460": 39,
            "44640": 28,
            "44820": 26,
            "45000": 25,
            "45180": 21,
            "45360": 18,
            "45540": 20,
            "45720": 25,
            "45900": -1,
            "46080": -1,
            "46260": 33,
            "46440": -1,
            "46620": 21,
            "46800": -1,
            "46980": 22,
            "47160": 24,
            "47340": 30,
            "47520": -1,
            "47700": 22,
            "47880": 21,
            "48060": 24,
            "48240": -1,
            "48420": -1,
            "48600": -1,
            "48780": -1,
            "48960": -1,
            "49140": -1,
            "49320": -1,
            "49500": 22,
            "49680": 22,
            "49860": 22,
            "50040": 18,
            "50220": 20,
            "50400": 23,
            "50580": 22,
            "50760": 20,
            "50940": 19,
            "51120": 19,
            "51300": 20,
            "51480": 17,
            "51660": 20,
            "51840": 18,
            "52020": 19,
            "52200": 20,
            "52380": 18,
            "52560": 17,
            "52740": 16,
            "52920": -2,
            "53100": -2,
            "53280": -1,
            "53460": -1,
            "53640": 54,
            "53820": -2,
            "54000": 40,
            "54180": -1,
            "54360": -1,
            "54540": 20,
            "54720": 21,
            "54900": 40,
            "55080": -1,
            "55260": 20,
            "55440": 23,
            "55620": 19,
            "55800": 22,
            "55980": 20,
            "56160": 25,
            "56340": 22,
            "56520": 22,
            "56700": 21,
            "56880": 17,
            "57060": 22,
            "57240": 19,
            "57420": 31,
            "57600": 34,
            "57780": 23,
            "57960": -1,
            "58140": -2,
            "58320": -1,
            "58500": 77,
            "58680": 75,
            "58860": 58,
            "59040": 54,
            "59220": -1,
            "59400": 49,
            "59580": 55,
            "59760": 61,
            "59940": -1,
            "60120": -2,
            "60300": -2,
            "60480": -2,
            "60660": -1,
            "60840": -1,
            "61020": -1,
            "61200": -1,
            "61380": -1,
            "61560": -1,
            "61740": -1,
            "61920": -1,
            "62100": -1,
            "62280": -1,
            "62460": -1,
            "62640": -1,
            "62820": 38,
            "63000": 55,
            "63180": 66,
            "63360": 25,
            "63540": -2,
            "63720": -2,
            "63900": 70,
            "64080": 73,
            "64260": 76,
            "64440": -2,
            "64620": -1,
            "64800": -1,
            "64980": -1,
            "65160": -1,
            "65340": -1,
            "65520": -1,
            "65700": -1,
            "65880": -1,
            "66060": -1,
            "66240": -1,
            "66420": -1,
            "66600": -1,
            "66780": -1,
            "66960": -1,
            "67140": -1,
            "67320": -1,
            "67500": -1,
            "67680": -1,
            "67860": -1,
            "68040": -1,
            "68220": -1,
            "68400": -1,
            "68580": -1,
            "68760": -1,
            "68940": -1,
            "69120": -1,
            "69300": -2,
            "69480": -1,
            "69660": 97,
            "69840": -1,
            "70020": -1,
            "70200": -1,
            "70380": -2,
            "70560": -1,
            "70740": -1,
            "70920": -1,
            "71100": -1,
            "71280": -1,
            "71460": -1,
            "71640": -1,
            "71820": -1,
            "72000": -1,
            "72180": -1,
            "72360": -1,
            "72540": -1,
            "72720": -1,
            "72900": -1,
            "73080": -1,
            "73260": -1,
            "73440": -1,
            "73620": -1,
            "73800": -1,
            "73980": -1,
            "74160": -1,
            "74340": -1,
            "74520": -1,
            "74700": -1,
            "74880": -1,
            "75060": 16,
            "75240": 22,
            "75420": 16,
            "75600": -1,
            "75780": 16,
            "75960": 16,
            "76140": 11,
            "76320": 11,
            "76500": 15,
            "76680": 21,
            "76860": 12,
            "77040": 18,
            "77220": 9,
            "77400": 13,
            "77580": 13,
            "77760": 13,
            "77940": 14,
            "78120": 14,
            "78300": 13,
            "78480": 13,
            "78660": 12,
            "78840": 7,
            "79020": -1,
            "79200": -2,
            "79380": 54,
            "79560": 67,
            "79740": 43,
            "79920": -2,
            "80100": 34,
            "80280": 24,
            "80460": 31,
            "80640": 25,
            "80820": 21,
            "81000": 21,
            "81180": 21,
            "81360": 17,
            "81540": -1,
            "81720": 17,
            "81900": 20,
            "82080": 20,
            "82260": 24,
            "82440": -1,
            "82620": -1,
            "82800": -1,
            "82980": 46,
            "83160": 40,
            "83340": 52,
            "83520": 55,
            "83700": 31,
            "83880": 25,
            "84060": 37,
            "84240": 25,
            "84420": 15,
            "84600": 55,
            "84780": -1,
            "84960": 12,
            "85140": 9,
            "85320": 23,
            "85500": 14,
            "85680": 15,
            "85860": 13,
            "86040": 21,
            "86220": 67
        },
        "timeOffsetBodyBatteryValues": {
            "0": 22,
            "180": 22,
            "360": 22,
            "540": 22,
            "720": 22,
            "900": 22,
            "1080": 22,
            "1260": 22,
            "1440": 22,
            "1620": 22,
            "1800": 22,
            "1980": 22,
            "2160": 22,
            "2340": 23,
            "2520": 23,
            "2700": 23,
            "2880": 23,
            "3060": 23,
            "3240": 24,
            "3420": 24,
            "3600": 24,
            "3780": 24,
            "3960": 24,
            "4140": 25,
            "4320": 25,
            "4500": 25,
            "4680": 26,
            "4860": 26,
            "5040": 26,
            "5220": 27,
            "5400": 27,
            "5580": 28,
            "5760": 28,
            "5940": 28,
            "6120": 29,
            "6300": 30,
            "6480": 30,
            "6660": 31,
            "6840": 31,
            "7020": 32,
            "7200": 33,
            "7380": 34,
            "7560": 34,
            "7740": 34,
            "7920": 36,
            "8100": 37,
            "8280": 37,
            "8460": 38,
            "8640": 39,
            "8820": 39,
            "9000": 40,
            "9180": 41,
            "9360": 42,
            "9540": 42,
            "9720": 43,
            "9900": 44,
            "10080": 44,
            "10260": 46,
            "10440": 46,
            "10620": 47,
            "10800": 49,
            "10980": 49,
            "11160": 50,
            "11340": 51,
            "11520": 52,
            "11700": 53,
            "11880": 53,
            "12060": 55,
            "12240": 56,
            "12420": 56,
            "12600": 57,
            "12780": 58,
            "12960": 59,
            "13140": 59,
            "13320": 60,
            "13500": 61,
            "13680": 62,
            "13860": 62,
            "14040": 63,
            "14220": 64,
            "14400": 64,
            "14580": 64,
            "14760": 65,
            "14940": 66,
            "15120": 66,
            "15300": 67,
            "15480": 68,
            "15660": 68,
            "15840": 69,
            "16020": 69,
            "16200": 70,
            "16380": 70,
            "16560": 70,
            "16740": 71,
            "16920": 71,
            "17100": 71,
            "17280": 72,
            "17460": 72,
            "17640": 73,
            "17820": 74,
            "18000": 74,
            "18180": 75,
            "18360": 75,
            "18540": 76,
            "18720": 77,
            "18900": 77,
            "19080": 77,
            "19260": 78,
            "19440": 79,
            "19620": 79,
            "19800": 80,
            "19980": 80,
            "20160": 81,
            "20340": 82,
            "20520": 82,
            "20700": 83,
            "20880": 83,
            "21060": 83,
            "21240": 85,
            "21420": 85,
            "21600": 85,
            "21780": 86,
            "21960": 86,
            "22140": 86,
            "22320": 87,
            "22500": 88,
            "22680": 88,
            "22860": 88,
            "23040": 89,
            "23220": 89,
            "23400": 89,
            "23580": 90,
            "23760": 90,
            "23940": 91,
            "24120": 92,
            "24300": 92,
            "24480": 92,
            "24660": 92,
            "24840": 93,
            "25020": 93,
            "25200": 93,
            "25380": 94,
            "25560": 94,
            "25740": 95,
            "25920": 95,
            "26100": 95,
            "26280": 95,
            "26460": 96,
            "26640": 96,
            "26820": 96,
            "27000": 96,
            "27180": 96,
            "27360": 96,
            "27540": 97,
            "27720": 97,
            "27900": 97,
            "28080": 97,
            "28260": 97,
            "28440": 98,
            "28620": 98,
            "28800": 98,
            "28980": 98,
            "29160": 98,
            "29340": 98,
            "29520": 98,
            "29700": 98,
            "29880": 98,
            "30060": 98,
            "30240": 98,
            "30420": 98,
            "30600": 98,
            "30780": 98,
            "30960": 98,
            "31140": 98,
            "31320": 98,
            "31500": 98,
            "31680": 98,
            "31860": 97,
            "32040": 97,
            "32220": 97,
            "32400": 97,
            "32580": 97,
            "32760": 97,
            "32940": 97,
            "33120": 97,
            "33300": 96,
            "33480": 96,
            "33660": 95,
            "33840": 95,
            "34020": 95,
            "34200": 95,
            "34380": 95,
            "34560": 94,
            "34740": 94,
            "34920": 94,
            "35100": 94,
            "35280": 94,
            "35460": 93,
            "35640": 93,
            "35820": 92,
            "36000": 92,
            "36180": 92,
            "36360": 91,
            "36540": 91,
            "36720": 91,
            "36900": 90,
            "37080": 90,
            "37260": 89,
            "37440": 89,
            "37620": 89,
            "37800": 89,
            "37980": 88,
            "38160": 88,
            "38340": 88,
            "38520": 88,
            "38700": 88,
            "38880": 88,
            "39060": 87,
            "39240": 87,
            "39420": 87,
            "39600": 87,
            "39780": 87,
            "39960": 87,
            "40140": 86,
            "40320": 86,
            "40500": 86,
            "40680": 86,
            "40860": 85,
            "41040": 85,
            "41220": 85,
            "41400": 84,
            "41580": 84,
            "41760": 84,
            "41940": 83,
            "42120": 83,
            "42300": 83,
            "42480": 83,
            "42660": 83,
            "42840": 83,
            "43020": 83,
            "43200": 83,
            "43380": 82,
            "43560": 82,
            "43740": 82,
            "43920": 81,
            "44100": 80,
            "44280": 80,
            "44460": 80,
            "44640": 79,
            "44820": 79,
            "45000": 79,
            "45180": 79,
            "45360": 78,
            "45540": 78,
            "45720": 78,
            "45900": 78,
            "46080": 78,
            "46260": 78,
            "46440": 78,
            "46620": 77,
            "46800": 77,
            "46980": 77,
            "47160": 77,
            "47340": 77,
            "47520": 77,
            "47700": 77,
            "47880": 77,
            "48060": 77,
            "48240": 77,
            "48420": 76,
            "48600": 76,
            "48780": 76,
            "48960": 75,
            "49140": 74,
            "49320": 74,
            "49500": 73,
            "49680": 73,
            "49860": 73,
            "50040": 73,
            "50220": 73,
            "50400": 73,
            "50580": 73,
            "50760": 73,
            "50940": 73,
            "51120": 72,
            "51300": 72,
            "51480": 72,
            "51660": 72,
            "51840": 72,
            "52020": 72,
            "52200": 72,
            "52380": 72,
            "52560": 72,
            "52740": 71,
            "52920": 71,
            "53100": 71,
            "53280": 71,
            "53460": 70,
            "53640": 70,
            "53820": 69,
            "54000": 69,
            "54180": 69,
            "54360": 68,
            "54540": 68,
            "54720": 68,
            "54900": 68,
            "55080": 68,
            "55260": 68,
            "55440": 67,
            "55620": 67,
            "55800": 67,
            "55980": 67,
            "56160": 67,
            "56340": 67,
            "56520": 67,
            "56700": 67,
            "56880": 66,
            "57060": 66,
            "57240": 66,
            "57420": 65,
            "57600": 65,
            "57780": 65,
            "57960": 65,
            "58140": 64,
            "58320": 64,
            "58500": 63,
            "58680": 63,
            "58860": 62,
            "59040": 62,
            "59220": 62,
            "59400": 62,
            "59580": 61,
            "59760": 61,
            "59940": 61,
            "60120": 61,
            "60300": 61,
            "60480": 61,
            "60660": 60,
            "60840": 59,
            "61020": 59,
            "61200": 59,
            "61380": 58,
            "61560": 58,
            "61740": 58,
            "61920": 58,
            "62100": 57,
            "62280": 57,
            "62460": 57,
            "62640": 57,
            "62820": 57,
            "63000": 57,
            "63180": 57,
            "63360": 57,
            "63540": 56,
            "63720": 56,
            "63900": 56,
            "64080": 55,
            "64260": 55,
            "64440": 54,
            "64620": 53,
            "64800": 53,
            "64980": 51,
            "65160": 50,
            "65340": 49,
            "65520": 49,
            "65700": 47,
            "65880": 46,
            "66060": 45,
            "66240": 45,
            "66420": 45,
            "66600": 43,
            "66780": 43,
            "66960": 42,
            "67140": 41,
            "67320": 40,
            "67500": 40,
            "67680": 39,
            "67860": 38,
            "68040": 37,
            "68220": 37,
            "68400": 36,
            "68580": 36,
            "68760": 35,
            "68940": 33,
            "69120": 33,
            "69300": 33,
            "69480": 33,
            "69660": 32,
            "69840": 32,
            "70020": 32,
            "70200": 31,
            "70380": 31,
            "70560": 31,
            "70740": 31,
            "70920": 31,
            "71100": 30,
            "71280": 30,
            "71460": 30,
            "71640": 30,
            "71820": 30,
            "72000": 29,
            "72180": 29,
            "72360": 29,
            "72540": 29,
            "72720": 29,
            "72900": 29,
            "73080": 29,
            "73260": 28,
            "73440": 28,
            "73620": 28,
            "73800": 28,
            "73980": 27,
            "74160": 27,
            "74340": 27,
            "74520": 27,
            "74700": 27,
            "74880": 27,
            "75060": 27,
            "75240": 27,
            "75420": 27,
            "75600": 27,
            "75780": 27,
            "75960": 27,
            "76140": 27,
            "76320": 27,
            "76500": 27,
            "76680": 27,
            "76860": 27,
            "77040": 27,
            "77220": 27,
            "77400": 28,
            "77580": 29,
            "77760": 29,
            "77940": 29,
            "78120": 29,
            "78300": 29,
            "78480": 29,
            "78660": 29,
            "78840": 29,
            "79020": 29,
            "79200": 29,
            "79380": 29,
            "79560": 29,
            "79740": 29,
            "79920": 29,
            "80100": 29,
            "80280": 29,
            "80460": 29,
            "80640": 29,
            "80820": 29,
            "81000": 27,
            "81180": 27,
            "81360": 27,
            "81540": 27,
            "81720": 27,
            "81900": 27,
            "82080": 27,
            "82260": 27,
            "82440": 27,
            "82620": 27,
            "82800": 27,
            "82980": 27,
            "83160": 27,
            "83340": 26,
            "83520": 26,
            "83700": 26,
            "83880": 26,
            "84060": 26,
            "84240": 26,
            "84420": 26,
            "84600": 26,
            "84780": 26,
            "84960": 26,
            "85140": 26,
            "85320": 26,
            "85500": 26,
            "85680": 26,
            "85860": 26,
            "86040": 26,
            "86220": 26
        }
    }
]