[
    {
        "userId": "49d85c6a-b8f8-4787-95fa-f145553e59a9",
        "userAccessToken": "7b64f2c3-1572-407f-ac1a-ea3ef127ff2c",
        "summaryId": "x45dba26-67062fad12a0541d-9cbd-4f7e-b174-b331296ce9e178",
        "calendarDate": "2024-10-09",
        "startTimeInSeconds": 1728458669,
        "durationInSeconds": 120,
        "startTimeOffsetInSeconds": 7254,
        "summaries": [
            {
                "summaryType": "heart_rate",
                "minValue": 59.0,
                "maxValue": 84.0,
                "avgValue": 71.0,
                "epochSummaries": {
                    "0": 60.0,
                    "1": 61.0,
                    "2": 62.0,
                    "3": 63.0,
                    "4": 63.0,
                    "5": 64.0,
                    "6": 64.0,
                    "7": 64.0,
                    "8": 65.0,
                    "9": 67.0,
                    "10": 70.0,
                    "11": 75.0,
                    "12": 80.0,
                    "13": 83.0,
                    "14": 83.0,
                    "15": 84.0,
                    "16": 84.0,
                    "17": 84.0,
                    "18": 82.0,
                    "19": 81.0,
                    "20": 80.0,
                    "21": 80.0,
                    "22": 80.0,
                    "23": 80.0,
                    "24": 79.0,
                    "25": 79.0,
                    "26": 78.0,
                    "27": 76.0,
                    "28": 75.0,
                    "29": 75.0,
                    "30": 75.0,
                    "31": 75.0,
                    "32": 75.0,
                    "33": 74.0,
                    "34": 74.0,
                    "35": 74.0,
                    "36": 73.0,
                    "37": 73.0,
                    "38": 73.0,
                    "39": 74.0,
                    "40": 74.0,
                    "41": 67.0,
                    "42": 71.0,
                    "43": 68.0,
                    "44": 63.0,
                    "45": 61.0,
                    "46": 61.0,
                    "47": 61.0,
                    "48": 61.0,
                    "49": 61.0,
                    "50": 62.0,
                    "51": 63.0,
                    "52": 68.0,
                    "53": 68.0,
                    "54": 69.0,
                    "55": 70.0,
                    "56": 71.0,
                    "57": 71.0,
                    "58": 72.0,
                    "59": 74.0,
                    "60": 75.0,
                    "61": 76.0,
                    "62": 77.0,
                    "63": 79.0,
                    "64": 79.0,
                    "65": 79.0,
                    "66": 79.0,
                    "67": 78.0,
                    "68": 77.0,
                    "69": 74.0,
                    "70": 72.0,
                    "71": 72.0,
                    "72": 72.0,
                    "73": 74.0,
                    "74": 74.0,
                    "75": 74.0,
                    "76": 73.0,
                    "77": 73.0,
                    "78": 73.0,
                    "79": 74.0,
                    "80": 75.0,
                    "81": 75.0,
                    "82": 74.0,
                    "83": 74.0,
                    "84": 73.0,
                    "85": 70.0,
                    "86": 71.0,
                    "87": 73.0,
                    "88": 72.0,
                    "89": 70.0,
                    "90": 70.0,
                    "91": 71.0,
                    "92": 71.0,
                    "93": 70.0,
                    "94": 70.0,
                    "95": 68.0,
                    "96": 62.0,
                    "97": 59.0,
                    "98": 59.0,
                    "99": 63.0,
                    "100": 65.0,
                    "101": 66.0,
                    "102": 67.0,
                    "103": 66.0,
                    "104": 66.0,
                    "105": 66.0,
                    "106": 66.0,
                    "107": 66.0,
                    "108": 67.0,
                    "109": 68.0,
                    "110": 68.0,
                    "111": 68.0,
                    "112": 68.0,
                    "113": 67.0,
                    "114": 67.0,
                    "115": 66.0,
                    "116": 66.0,
                    "117": 65.0,
                    "118": 65.0,
                    "119": 72.0,
                    "120": 73.0
                }
            },
            {
                "summaryType": "respiration",
                "minValue": 13.489999771118164,
                "maxValue": 14.75,
                "avgValue": 14.050000190734863,
                "epochSummaries": {
                    "0": 14.470000267028809,
                    "1": 14.470000267028809,
                    "2": 14.470000267028809,
                    "3": 14.470000267028809,
                    "4": 14.470000267028809,
                    "5": 14.470000267028809,
                    "6": 14.470000267028809,
                    "7": 14.470000267028809,
                    "8": 14.130000114440918,
                    "9": 14.130000114440918,
                    "10": 14.130000114440918,
                    "11": 14.130000114440918,
                    "12": 14.130000114440918,
                    "13": 14.130000114440918,
                    "14": 14.130000114440918,
                    "15": 13.720000267028809,
                    "16": 13.720000267028809,
                    "17": 13.720000267028809,
                    "18": 13.720000267028809,
                    "19": 13.880000114440918,
                    "20": 13.880000114440918,
                    "21": 13.880000114440918,
                    "22": 13.880000114440918,
                    "23": 13.960000038146973,
                    "24": 13.960000038146973,
                    "25": 13.960000038146973,
                    "26": 13.960000038146973,
                    "27": 13.960000038146973,
                    "28": 13.960000038146973,
                    "29": 13.8100004196167,
                    "30": 13.8100004196167,
                    "31": 13.8100004196167,
                    "32": 13.8100004196167,
                    "33": 13.8100004196167,
                    "34": 13.8100004196167,
                    "35": 13.8100004196167,
                    "36": 13.8100004196167,
                    "37": 13.710000038146973,
                    "38": 13.710000038146973,
                    "39": 13.710000038146973,
                    "40": 13.710000038146973,
                    "41": 13.710000038146973,
                    "42": 13.720000267028809,
                    "43": 13.779999732971191,
                    "44": 13.779999732971191,
                    "45": 13.779999732971191,
                    "46": 13.779999732971191,
                    "47": 13.779999732971191,
                    "48": 13.779999732971191,
                    "49": 13.779999732971191,
                    "50": 13.949999809265137,
                    "51": 13.949999809265137,
                    "52": 13.949999809265137,
                    "53": 13.949999809265137,
                    "54": 13.949999809265137,
                    "55": 13.949999809265137,
                    "56": 13.949999809265137,
                    "57": 13.949999809265137,
                    "58": 13.949999809265137,
                    "59": 13.949999809265137,
                    "60": 13.949999809265137,
                    "61": 13.949999809265137,
                    "62": 13.949999809265137,
                    "63": 13.949999809265137,
                    "64": 13.8100004196167,
                    "65": 13.729999542236328,
                    "66": 13.729999542236328,
                    "67": 13.729999542236328,
                    "68": 13.729999542236328,
                    "69": 13.729999542236328,
                    "70": 13.729999542236328,
                    "71": 13.729999542236328,
                    "72": 13.729999542236328,
                    "73": 13.670000076293945,
                    "74": 13.649999618530273,
                    "75": 13.649999618530273,
                    "76": 13.649999618530273,
                    "77": 13.649999618530273,
                    "78": 13.649999618530273,
                    "79": 13.649999618530273,
                    "80": 13.649999618530273,
                    "81": 13.649999618530273,
                    "82": 13.649999618530273,
                    "83": 13.649999618530273,
                    "84": 13.649999618530273,
                    "85": 13.649999618530273,
                    "86": 13.649999618530273,
                    "87": 13.649999618530273,
                    "88": 14.649999618530273,
                    "89": 14.75,
                    "90": 14.75,
                    "91": 14.75,
                    "92": 14.75,
                    "93": 14.75,
                    "94": 14.75,
                    "95": 14.75,
                    "96": 14.75,
                    "97": 14.75,
                    "98": 14.329999923706055,
                    "99": 14.390000343322754,
                    "100": 14.390000343322754,
                    "101": 14.390000343322754,
                    "102": 14.390000343322754,
                    "103": 14.390000343322754,
                    "104": 14.390000343322754,
                    "105": 14.390000343322754,
                    "106": 14.390000343322754,
                    "107": 14.40999984741211,
                    "108": 14.4399995803833,
                    "109": 14.4399995803833,
                    "110": 14.470000267028809,
                    "111": 14.470000267028809,
                    "112": 14.470000267028809,
                    "113": 14.470000267028809,
                    "114": 14.470000267028809,
                    "115": 14.470000267028809,
                    "116": 14.470000267028809,
                    "117": 14.640000343322754,
                    "118": 14.640000343322754,
                    "119": 14.4399995803833,
                    "120": 13.489999771118164
                }
            },
            {
                "summaryType": "stress",
                "minValue": 15.0,
                "maxValue": 42.0,
                "avgValue": 31.0,
                "epochSummaries": {
                    "0": 15.0,
                    "1": 17.0,
                    "2": 17.0,
                    "3": 17.0,
                    "4": 17.0,
                    "5": 17.0,
                    "6": 18.0,
                    "7": 18.0,
                    "8": 18.0,
                    "9": 18.0,
                    "10": 18.0,
                    "11": 18.0,
                    "12": 18.0,
                    "13": 18.0,
                    "14": 18.0,
                    "15": 18.0,
                    "16": 18.0,
                    "17": 18.0,
                    "18": 18.0,
                    "19": 18.0,
                    "20": 18.0,
                    "21": 21.0,
                    "22": 21.0,
                    "23": 21.0,
                    "24": 21.0,
                    "25": 21.0,
                    "26": 24.0,
                    "27": 24.0,
                    "28": 24.0,
                    "29": 24.0,
                    "30": 24.0,
                    "31": 42.0,
                    "32": 42.0,
                    "33": 42.0,
                    "34": 42.0,
                    "35": 42.0,
                    "36": 42.0,
                    "37": 42.0,
                    "38": 42.0,
                    "39": 42.0,
                    "40": 42.0,
                    "41": 42.0,
                    "42": 42.0,
                    "43": 42.0,
                    "44": 42.0,
                    "45": 42.0,
                    "46": 42.0,
                    "47": 39.0,
                    "48": 39.0,
                    "49": 39.0,
                    "50": 39.0,
                    "51": 39.0,
                    "52": 39.0,
                    "53": 39.0,
                    "54": 39.0,
                    "55": 39.0,
                    "56": 39.0,
                    "57": 39.0,
                    "58": 39.0,
                    "59": 39.0,
                    "60": 39.0,
                    "61": 39.0,
                    "62": 33.0,
                    "63": 33.0,
                    "64": 33.0,
                    "65": 33.0,
                    "66": 33.0,
                    "67": 36.0,
                    "68": 36.0,
                    "69": 36.0,
                    "70": 36.0,
                    "71": 36.0,
                    "72": 34.0,
                    "73": 34.0,
                    "74": 34.0,
                    "75": 34.0,
                    "76": 34.0,
                    "77": 36.0,
                    "78": 36.0,
                    "79": 36.0,
                    "80": 36.0,
                    "81": 36.0,
                    "82": 38.0,
                    "83": 38.0,
                    "84": 38.0,
                    "85": 38.0,
                    "86": 38.0,
                    "87": 37.0,
                    "88": 37.0,
                    "89": 37.0,
                    "90": 37.0,
                    "91": 37.0,
                    "92": 35.0,
                    "93": 35.0,
                    "94": 35.0,
                    "95": 35.0,
                    "96": 35.0,
                    "97": 27.0,
                    "98": 27.0,
                    "99": 27.0,
                    "100": 27.0,
                    "101": 27.0,
                    "102": 27.0,
                    "103": 27.0,
                    "104": 27.0,
                    "105": 27.0,
                    "106": 27.0,
                    "107": 25.0,
                    "108": 25.0,
                    "109": 25.0,
                    "110": 25.0,
                    "111": 25.0,
                    "112": 24.0,
                    "113": 24.0,
                    "114": 24.0,
                    "115": 24.0,
                    "116": 24.0,
                    "117": 24.0,
                    "118": 24.0,
                    "119": 24.0,
                    "120": 24.0
                }
            },
            {
                "summaryType": "spo2",
                "minValue": 97.0,
                "maxValue": 98.0,
                "avgValue": 97.0,
                "epochSummaries": {
                    "0": 97.0,
                    "1": 97.0,
                    "2": 97.0,
                    "3": 97.0,
                    "4": 97.0,
                    "5": 97.0,
                    "6": 97.0,
                    "7": 97.0,
                    "8": 97.0,
                    "9": 97.0,
                    "10": 97.0,
                    "11": 97.0,
                    "12": 97.0,
                    "13": 97.0,
                    "14": 97.0,
                    "15": 97.0,
                    "16": 97.0,
                    "17": 97.0,
                    "18": 97.0,
                    "19": 97.0,
                    "20": 97.0,
                    "21": 97.0,
                    "22": 98.0,
                    "23": 98.0,
                    "24": 98.0,
                    "25": 98.0,
                    "26": 98.0,
                    "27": 98.0,
                    "28": 98.0,
                    "29": 98.0,
                    "30": 98.0,
                    "31": 98.0,
                    "32": 98.0,
                    "33": 98.0,
                    "34": 98.0,
                    "35": 98.0,
                    "36": 98.0,
                    "37": 98.0,
                    "38": 98.0,
                    "39": 98.0,
                    "40": 98.0,
                    "41": 98.0,
                    "42": 98.0,
                    "43": 98.0,
                    "44": 97.0,
                    "45": 97.0,
                    "46": 97.0,
                    "47": 97.0,
                    "48": 97.0,
                    "49": 97.0,
                    "50": 97.0,
                    "51": 97.0,
                    "52": 97.0,
                    "53": 97.0,
                    "54": 97.0,
                    "55": 97.0,
                    "56": 97.0,
                    "57": 97.0,
                    "58": 97.0,
                    "59": 97.0,
                    "60": 97.0,
                    "61": 97.0,
                    "62": 97.0,
                    "63": 97.0,
                    "64": 97.0,
                    "65": 97.0,
                    "66": 97.0,
                    "67": 97.0,
                    "68": 97.0,
                    "69": 97.0,
                    "70": 97.0,
                    "71": 97.0,
                    "72": 97.0,
                    "73": 97.0,
                    "74": 97.0,
                    "75": 97.0,
                    "76": 97.0,
                    "77": 97.0,
                    "78": 97.0,
                    "79": 97.0,
                    "80": 97.0,
                    "81": 97.0,
                    "82": 97.0,
                    "83": 97.0,
                    "84": 97.0,
                    "85": 97.0,
                    "86": 97.0,
                    "87": 97.0,
                    "88": 97.0,
                    "89": 97.0,
                    "90": 97.0,
                    "91": 97.0,
                    "92": 97.0,
                    "93": 97.0,
                    "94": 97.0,
                    "95": 97.0,
                    "96": 97.0,
                    "97": 97.0,
                    "98": 97.0,
                    "99": 97.0,
                    "100": 97.0,
                    "101": 97.0,
                    "102": 97.0,
                    "103": 97.0,
                    "104": 97.0,
                    "105": 97.0,
                    "106": 97.0,
                    "107": 97.0,
                    "108": 97.0,
                    "109": 97.0,
                    "110": 97.0,
                    "111": 97.0,
                    "112": 97.0,
                    "113": 97.0,
                    "114": 97.0,
                    "115": 97.0,
                    "116": 97.0,
                    "117": 97.0,
                    "118": 97.0,
                    "119": 97.0,
                    "120": 97.0
                }
            },
            {
                "summaryType": "rmssd_hrv",
                "avgValue": 65.0
            },
            {
                "summaryType": "sdrr_hrv",
                "avgValue": 106.0
            }
        ]
    }
]