[
    
    {
        "userId": "49d85c6a-b8f8-4787-95fa-f145553e59a9",
        "userAccessToken": "7b64f2c3-1572-407f-ac1a-ea3ef127ff2c",
        "summaryId": "x45dba26-671415b37df0fd67-985d-4096-accd-b4197fbf033278",
        "calendarDate": "2024-10-19",
        "startTimeInSeconds": 1729369523,
        "durationInSeconds": 120,
        "startTimeOffsetInSeconds": 7254,
        "summaries": [
            {
                "summaryType": "heart_rate",
                "minValue": 52.0,
                "maxValue": 60.0,
                "avgValue": 54.0,
                "epochSummaries": {
                    "0": 57.0,
                    "1": 57.0,
                    "2": 57.0,
                    "3": 57.0,
                    "4": 57.0,
                    "5": 57.0,
                    "6": 57.0,
                    "7": 58.0,
                    "8": 59.0,
                    "9": 59.0,
                    "10": 58.0,
                    "11": 58.0,
                    "12": 56.0,
                    "13": 56.0,
                    "14": 57.0,
                    "15": 57.0,
                    "16": 57.0,
                    "17": 57.0,
                    "18": 57.0,
                    "19": 56.0,
                    "20": 55.0,
                    "21": 53.0,
                    "22": 53.0,
                    "23": 53.0,
                    "24": 53.0,
                    "25": 53.0,
                    "26": 53.0,
                    "27": 53.0,
                    "28": 53.0,
                    "29": 53.0,
                    "30": 53.0,
                    "31": 53.0,
                    "32": 53.0,
                    "33": 53.0,
                    "34": 53.0,
                    "35": 53.0,
                    "36": 53.0,
                    "37": 53.0,
                    "38": 53.0,
                    "39": 53.0,
                    "40": 53.0,
                    "41": 53.0,
                    "42": 53.0,
                    "43": 53.0,
                    "44": 53.0,
                    "45": 53.0,
                    "46": 53.0,
                    "47": 53.0,
                    "48": 53.0,
                    "49": 53.0,
                    "50": 53.0,
                    "51": 53.0,
                    "52": 53.0,
                    "53": 54.0,
                    "54": 54.0,
                    "55": 54.0,
                    "56": 53.0,
                    "57": 53.0,
                    "58": 53.0,
                    "59": 52.0,
                    "60": 52.0,
                    "61": 52.0,
                    "62": 53.0,
                    "63": 53.0,
                    "64": 53.0,
                    "65": 53.0,
                    "66": 53.0,
                    "67": 53.0,
                    "68": 53.0,
                    "69": 53.0,
                    "70": 53.0,
                    "71": 53.0,
                    "72": 53.0,
                    "73": 53.0,
                    "74": 53.0,
                    "75": 53.0,
                    "76": 53.0,
                    "77": 53.0,
                    "78": 53.0,
                    "79": 53.0,
                    "80": 53.0,
                    "81": 53.0,
                    "82": 53.0,
                    "83": 53.0,
                    "84": 53.0,
                    "85": 53.0,
                    "86": 53.0,
                    "87": 54.0,
                    "88": 55.0,
                    "89": 55.0,
                    "90": 55.0,
                    "91": 56.0,
                    "92": 56.0,
                    "93": 56.0,
                    "94": 56.0,
                    "95": 55.0,
                    "96": 55.0,
                    "97": 56.0,
                    "98": 56.0,
                    "99": 56.0,
                    "100": 56.0,
                    "101": 56.0,
                    "102": 55.0,
                    "103": 55.0,
                    "104": 54.0,
                    "105": 54.0,
                    "106": 54.0,
                    "107": 54.0,
                    "108": 54.0,
                    "109": 53.0,
                    "110": 53.0,
                    "111": 53.0,
                    "112": 53.0,
                    "113": 53.0,
                    "114": 53.0,
                    "115": 52.0,
                    "116": 52.0,
                    "117": 52.0,
                    "118": 57.0,
                    "119": 59.0,
                    "120": 60.0
                }
            },
            {
                "summaryType": "respiration",
                "minValue": 13.59000015258789,
                "maxValue": 15.960000038146973,
                "avgValue": 15.020000457763672,
                "epochSummaries": {
                    "0": 14.260000228881836,
                    "1": 14.260000228881836,
                    "2": 14.260000228881836,
                    "3": 14.260000228881836,
                    "4": 14.069999694824219,
                    "5": 14.069999694824219,
                    "6": 14.069999694824219,
                    "7": 14.359999656677246,
                    "8": 14.359999656677246,
                    "9": 14.359999656677246,
                    "10": 14.6899995803833,
                    "11": 14.6899995803833,
                    "12": 14.6899995803833,
                    "13": 14.6899995803833,
                    "14": 14.8100004196167,
                    "15": 14.8100004196167,
                    "16": 14.8100004196167,
                    "17": 14.8100004196167,
                    "18": 14.8100004196167,
                    "19": 14.8100004196167,
                    "20": 14.399999618530273,
                    "21": 14.399999618530273,
                    "22": 14.399999618530273,
                    "23": 14.399999618530273,
                    "24": 14.399999618530273,
                    "25": 14.380000114440918,
                    "26": 14.380000114440918,
                    "27": 14.380000114440918,
                    "28": 14.380000114440918,
                    "29": 14.359999656677246,
                    "30": 14.359999656677246,
                    "31": 14.359999656677246,
                    "32": 14.699999809265137,
                    "33": 14.699999809265137,
                    "34": 14.699999809265137,
                    "35": 14.699999809265137,
                    "36": 14.850000381469727,
                    "37": 14.850000381469727,
                    "38": 14.850000381469727,
                    "39": 14.850000381469727,
                    "40": 14.90999984741211,
                    "41": 14.90999984741211,
                    "42": 14.90999984741211,
                    "43": 14.90999984741211,
                    "44": 14.90999984741211,
                    "45": 14.90999984741211,
                    "46": 14.529999732971191,
                    "47": 14.529999732971191,
                    "48": 14.529999732971191,
                    "49": 14.529999732971191,
                    "50": 14.640000343322754,
                    "51": 14.640000343322754,
                    "52": 14.880000114440918,
                    "53": 14.880000114440918,
                    "54": 14.880000114440918,
                    "55": 14.880000114440918,
                    "56": 15.149999618530273,
                    "57": 15.149999618530273,
                    "58": 15.149999618530273,
                    "59": 15.149999618530273,
                    "60": 15.199999809265137,
                    "61": 15.199999809265137,
                    "62": 15.199999809265137,
                    "63": 15.199999809265137,
                    "64": 15.15999984741211,
                    "65": 15.15999984741211,
                    "66": 15.15999984741211,
                    "67": 15.260000228881836,
                    "68": 15.260000228881836,
                    "69": 15.260000228881836,
                    "70": 15.260000228881836,
                    "71": 15.260000228881836,
                    "72": 15.289999961853027,
                    "73": 15.289999961853027,
                    "74": 15.289999961853027,
                    "75": 15.289999961853027,
                    "76": 15.289999961853027,
                    "77": 15.029999732971191,
                    "78": 15.029999732971191,
                    "79": 15.029999732971191,
                    "80": 15.029999732971191,
                    "81": 15.079999923706055,
                    "82": 15.079999923706055,
                    "83": 15.079999923706055,
                    "84": 15.260000228881836,
                    "85": 15.260000228881836,
                    "86": 15.260000228881836,
                    "87": 15.5,
                    "88": 15.5,
                    "89": 15.5,
                    "90": 15.5,
                    "91": 15.520000457763672,
                    "92": 15.520000457763672,
                    "93": 15.520000457763672,
                    "94": 15.520000457763672,
                    "95": 15.520000457763672,
                    "96": 15.479999542236328,
                    "97": 15.479999542236328,
                    "98": 15.619999885559082,
                    "99": 15.619999885559082,
                    "100": 15.619999885559082,
                    "101": 15.619999885559082,
                    "102": 15.960000038146973,
                    "103": 15.960000038146973,
                    "104": 15.960000038146973,
                    "105": 15.960000038146973,
                    "106": 15.779999732971191,
                    "107": 15.779999732971191,
                    "108": 15.779999732971191,
                    "109": 15.779999732971191,
                    "110": 15.779999732971191,
                    "111": 15.539999961853027,
                    "112": 15.539999961853027,
                    "113": 15.539999961853027,
                    "114": 15.539999961853027,
                    "115": 15.539999961853027,
                    "116": 15.539999961853027,
                    "117": 15.539999961853027,
                    "118": 15.539999961853027,
                    "119": 15.539999961853027,
                    "120": 13.59000015258789
                }
            },
            {
                "summaryType": "stress",
                "minValue": 11.0,
                "maxValue": 18.0,
                "avgValue": 14.0,
                "epochSummaries": {
                    "0": 12.0,
                    "1": 12.0,
                    "2": 12.0,
                    "3": 13.0,
                    "4": 13.0,
                    "5": 13.0,
                    "6": 13.0,
                    "7": 13.0,
                    "8": 14.0,
                    "9": 14.0,
                    "10": 14.0,
                    "11": 14.0,
                    "12": 14.0,
                    "13": 14.0,
                    "14": 14.0,
                    "15": 14.0,
                    "16": 14.0,
                    "17": 14.0,
                    "18": 15.0,
                    "19": 15.0,
                    "20": 15.0,
                    "21": 15.0,
                    "22": 15.0,
                    "23": 16.0,
                    "24": 16.0,
                    "25": 16.0,
                    "26": 16.0,
                    "27": 16.0,
                    "28": 17.0,
                    "29": 17.0,
                    "30": 17.0,
                    "31": 17.0,
                    "32": 17.0,
                    "33": 17.0,
                    "34": 17.0,
                    "35": 17.0,
                    "36": 17.0,
                    "37": 17.0,
                    "38": 17.0,
                    "39": 17.0,
                    "40": 17.0,
                    "41": 17.0,
                    "42": 17.0,
                    "43": 17.0,
                    "44": 17.0,
                    "45": 17.0,
                    "46": 17.0,
                    "47": 17.0,
                    "48": 18.0,
                    "49": 18.0,
                    "50": 18.0,
                    "51": 18.0,
                    "52": 18.0,
                    "53": 18.0,
                    "54": 18.0,
                    "55": 18.0,
                    "56": 18.0,
                    "57": 18.0,
                    "58": 17.0,
                    "59": 17.0,
                    "60": 17.0,
                    "61": 17.0,
                    "62": 17.0,
                    "63": 16.0,
                    "64": 16.0,
                    "65": 16.0,
                    "66": 16.0,
                    "67": 16.0,
                    "68": 15.0,
                    "69": 15.0,
                    "70": 15.0,
                    "71": 15.0,
                    "72": 15.0,
                    "73": 13.0,
                    "74": 13.0,
                    "75": 13.0,
                    "76": 13.0,
                    "77": 13.0,
                    "78": 12.0,
                    "79": 12.0,
                    "80": 12.0,
                    "81": 12.0,
                    "82": 12.0,
                    "83": 11.0,
                    "84": 11.0,
                    "85": 11.0,
                    "86": 11.0,
                    "87": 11.0,
                    "88": 12.0,
                    "89": 12.0,
                    "90": 12.0,
                    "91": 12.0,
                    "92": 12.0,
                    "93": 13.0,
                    "94": 13.0,
                    "95": 13.0,
                    "96": 13.0,
                    "97": 13.0,
                    "98": 13.0,
                    "99": 13.0,
                    "100": 13.0,
                    "101": 13.0,
                    "102": 13.0,
                    "103": 14.0,
                    "104": 14.0,
                    "105": 14.0,
                    "106": 14.0,
                    "107": 14.0,
                    "108": 13.0,
                    "109": 13.0,
                    "110": 13.0,
                    "111": 13.0,
                    "112": 13.0,
                    "113": 12.0,
                    "114": 12.0,
                    "115": 12.0,
                    "116": 12.0,
                    "117": 12.0,
                    "118": 11.0,
                    "119": 11.0,
                    "120": 11.0
                }
            },
            {
                "summaryType": "spo2",
                "minValue": 97.0,
                "maxValue": 100.0,
                "avgValue": 99.0,
                "epochSummaries": {
                    "0": 99.0,
                    "1": 99.0,
                    "2": 99.0,
                    "3": 99.0,
                    "4": 99.0,
                    "5": 99.0,
                    "6": 99.0,
                    "7": 99.0,
                    "8": 99.0,
                    "9": 99.0,
                    "10": 99.0,
                    "11": 99.0,
                    "12": 99.0,
                    "13": 99.0,
                    "14": 99.0,
                    "15": 99.0,
                    "16": 99.0,
                    "17": 99.0,
                    "18": 99.0,
                    "19": 99.0,
                    "20": 99.0,
                    "21": 99.0,
                    "22": 99.0,
                    "23": 99.0,
                    "24": 99.0,
                    "25": 99.0,
                    "26": 99.0,
                    "27": 99.0,
                    "28": 99.0,
                    "29": 99.0,
                    "30": 99.0,
                    "31": 99.0,
                    "32": 99.0,
                    "33": 98.0,
                    "34": 98.0,
                    "35": 99.0,
                    "36": 99.0,
                    "37": 99.0,
                    "38": 99.0,
                    "39": 99.0,
                    "40": 99.0,
                    "41": 100.0,
                    "42": 100.0,
                    "43": 99.0,
                    "44": 99.0,
                    "45": 99.0,
                    "46": 99.0,
                    "47": 100.0,
                    "48": 100.0,
                    "49": 100.0,
                    "50": 100.0,
                    "51": 100.0,
                    "52": 100.0,
                    "53": 100.0,
                    "54": 100.0,
                    "55": 100.0,
                    "56": 100.0,
                    "57": 100.0,
                    "58": 100.0,
                    "59": 100.0,
                    "60": 100.0,
                    "61": 100.0,
                    "62": 100.0,
                    "63": 100.0,
                    "64": 100.0,
                    "65": 100.0,
                    "66": 100.0,
                    "67": 100.0,
                    "68": 100.0,
                    "69": 100.0,
                    "70": 100.0,
                    "71": 100.0,
                    "72": 100.0,
                    "73": 100.0,
                    "74": 100.0,
                    "75": 99.0,
                    "76": 99.0,
                    "77": 99.0,
                    "78": 99.0,
                    "79": 99.0,
                    "80": 99.0,
                    "81": 99.0,
                    "82": 99.0,
                    "83": 99.0,
                    "84": 99.0,
                    "85": 99.0,
                    "86": 99.0,
                    "87": 99.0,
                    "88": 99.0,
                    "89": 98.0,
                    "90": 98.0,
                    "91": 97.0,
                    "92": 97.0,
                    "93": 98.0,
                    "94": 98.0,
                    "95": 98.0,
                    "96": 98.0,
                    "97": 98.0,
                    "98": 98.0,
                    "99": 98.0,
                    "100": 98.0,
                    "101": 98.0,
                    "102": 99.0,
                    "103": 99.0,
                    "104": 99.0,
                    "105": 99.0,
                    "106": 99.0,
                    "107": 99.0,
                    "108": 99.0,
                    "109": 99.0,
                    "110": 99.0,
                    "111": 99.0,
                    "112": 99.0,
                    "113": 99.0,
                    "114": 99.0,
                    "115": 99.0,
                    "116": 99.0,
                    "117": 99.0,
                    "118": 99.0,
                    "119": 99.0,
                    "120": 99.0
                }
            },
            {
                "summaryType": "rmssd_hrv",
                "avgValue": 51.0
            },
            {
                "summaryType": "sdrr_hrv",
                "avgValue": 73.0
            }
        ]
    }
]