[
    {
        "userId": "49d85c6a-b8f8-4787-95fa-f145553e59a9",
        "userAccessToken": "7b64f2c3-1572-407f-ac1a-ea3ef127ff2c",
        "summaryId": "x45dba26-67139ccf66f3fa74-96a9-4262-a1dd-a149aa02940778",
        "calendarDate": "2024-10-19",
        "startTimeInSeconds": 1729338575,
        "durationInSeconds": 120,
        "startTimeOffsetInSeconds": 7254,
        "summaries": [
            {
                "summaryType": "heart_rate",
                "minValue": 49.0,
                "maxValue": 80.0,
                "avgValue": 57.0,
                "epochSummaries": {
                    "0": 72.0,
                    "1": 73.0,
                    "2": 72.0,
                    "3": 75.0,
                    "4": 75.0,
                    "5": 76.0,
                    "6": 78.0,
                    "7": 79.0,
                    "8": 80.0,
                    "9": 80.0,
                    "10": 80.0,
                    "11": 79.0,
                    "12": 78.0,
                    "13": 76.0,
                    "14": 74.0,
                    "15": 69.0,
                    "16": 66.0,
                    "17": 62.0,
                    "18": 60.0,
                    "19": 59.0,
                    "20": 57.0,
                    "21": 55.0,
                    "22": 54.0,
                    "23": 54.0,
                    "24": 54.0,
                    "25": 53.0,
                    "26": 53.0,
                    "27": 53.0,
                    "28": 53.0,
                    "29": 53.0,
                    "30": 53.0,
                    "31": 53.0,
                    "32": 53.0,
                    "33": 53.0,
                    "34": 53.0,
                    "35": 51.0,
                    "36": 51.0,
                    "37": 50.0,
                    "38": 50.0,
                    "39": 50.0,
                    "40": 49.0,
                    "41": 49.0,
                    "42": 49.0,
                    "43": 49.0,
                    "44": 49.0,
                    "45": 49.0,
                    "46": 50.0,
                    "47": 50.0,
                    "48": 50.0,
                    "49": 50.0,
                    "50": 50.0,
                    "51": 50.0,
                    "52": 50.0,
                    "53": 50.0,
                    "54": 51.0,
                    "55": 52.0,
                    "56": 53.0,
                    "57": 54.0,
                    "58": 55.0,
                    "59": 56.0,
                    "60": 58.0,
                    "61": 61.0,
                    "62": 61.0,
                    "63": 61.0,
                    "64": 59.0,
                    "65": 56.0,
                    "66": 55.0,
                    "67": 55.0,
                    "68": 58.0,
                    "69": 58.0,
                    "70": 59.0,
                    "71": 60.0,
                    "72": 60.0,
                    "73": 59.0,
                    "74": 57.0,
                    "75": 55.0,
                    "76": 54.0,
                    "77": 54.0,
                    "78": 53.0,
                    "79": 53.0,
                    "80": 53.0,
                    "81": 53.0,
                    "82": 53.0,
                    "83": 54.0,
                    "84": 54.0,
                    "85": 55.0,
                    "86": 55.0,
                    "87": 56.0,
                    "88": 57.0,
                    "89": 57.0,
                    "90": 54.0,
                    "91": 52.0,
                    "92": 52.0,
                    "93": 52.0,
                    "94": 52.0,
                    "95": 52.0,
                    "96": 52.0,
                    "97": 52.0,
                    "98": 52.0,
                    "99": 52.0,
                    "100": 52.0,
                    "101": 52.0,
                    "102": 53.0,
                    "103": 53.0,
                    "104": 53.0,
                    "105": 53.0,
                    "106": 53.0,
                    "107": 53.0,
                    "108": 53.0,
                    "109": 53.0,
                    "110": 52.0,
                    "111": 52.0,
                    "112": 52.0,
                    "113": 53.0,
                    "114": 54.0,
                    "115": 55.0,
                    "116": 53.0,
                    "117": 51.0,
                    "118": 51.0,
                    "119": 51.0,
                    "120": 57.0
                }
            },
            {
                "summaryType": "respiration",
                "minValue": 11.140000343322754,
                "maxValue": 13.289999961853027,
                "avgValue": 12.640000343322754,
                "epochSummaries": {
                    "0": 12.149999618530273,
                    "1": 12.149999618530273,
                    "2": 12.149999618530273,
                    "3": 12.149999618530273,
                    "4": 12.149999618530273,
                    "5": 12.34000015258789,
                    "6": 12.34000015258789,
                    "7": 12.34000015258789,
                    "8": 12.539999961853027,
                    "9": 12.539999961853027,
                    "10": 12.539999961853027,
                    "11": 12.880000114440918,
                    "12": 12.880000114440918,
                    "13": 12.880000114440918,
                    "14": 12.880000114440918,
                    "15": 12.880000114440918,
                    "16": 12.880000114440918,
                    "17": 12.880000114440918,
                    "18": 12.880000114440918,
                    "19": 12.880000114440918,
                    "20": 12.880000114440918,
                    "21": 12.880000114440918,
                    "22": 12.880000114440918,
                    "23": 12.880000114440918,
                    "24": 13.289999961853027,
                    "25": 13.289999961853027,
                    "26": 13.289999961853027,
                    "27": 13.289999961853027,
                    "28": 13.289999961853027,
                    "29": 13.220000267028809,
                    "30": 13.220000267028809,
                    "31": 13.220000267028809,
                    "32": 13.220000267028809,
                    "33": 13.220000267028809,
                    "34": 13.220000267028809,
                    "35": 13.220000267028809,
                    "36": 12.949999809265137,
                    "37": 12.949999809265137,
                    "38": 12.949999809265137,
                    "39": 12.949999809265137,
                    "40": 12.949999809265137,
                    "41": 12.920000076293945,
                    "42": 12.920000076293945,
                    "43": 12.920000076293945,
                    "44": 12.920000076293945,
                    "45": 12.920000076293945,
                    "46": 12.859999656677246,
                    "47": 12.859999656677246,
                    "48": 12.859999656677246,
                    "49": 12.859999656677246,
                    "50": 12.859999656677246,
                    "51": 12.859999656677246,
                    "52": 12.859999656677246,
                    "53": 12.859999656677246,
                    "54": 12.859999656677246,
                    "55": 12.510000228881836,
                    "56": 12.510000228881836,
                    "57": 12.510000228881836,
                    "58": 12.510000228881836,
                    "59": 12.510000228881836,
                    "60": 12.510000228881836,
                    "61": 12.510000228881836,
                    "62": 12.510000228881836,
                    "63": 12.350000381469727,
                    "64": 12.350000381469727,
                    "65": 12.350000381469727,
                    "66": 12.359999656677246,
                    "67": 12.359999656677246,
                    "68": 12.359999656677246,
                    "69": 12.359999656677246,
                    "70": 12.359999656677246,
                    "71": 12.329999923706055,
                    "72": 12.329999923706055,
                    "73": 12.329999923706055,
                    "74": 12.329999923706055,
                    "75": 12.329999923706055,
                    "76": 12.329999923706055,
                    "77": 12.329999923706055,
                    "78": 12.34000015258789,
                    "79": 12.34000015258789,
                    "80": 12.34000015258789,
                    "81": 12.34000015258789,
                    "82": 12.34000015258789,
                    "83": 12.34000015258789,
                    "84": 12.550000190734863,
                    "85": 12.600000381469727,
                    "86": 12.600000381469727,
                    "87": 12.600000381469727,
                    "88": 12.600000381469727,
                    "89": 12.600000381469727,
                    "90": 12.600000381469727,
                    "91": 12.649999618530273,
                    "92": 12.649999618530273,
                    "93": 12.729999542236328,
                    "94": 12.729999542236328,
                    "95": 12.729999542236328,
                    "96": 12.729999542236328,
                    "97": 12.729999542236328,
                    "98": 12.800000190734863,
                    "99": 12.800000190734863,
                    "100": 12.800000190734863,
                    "101": 12.800000190734863,
                    "102": 12.800000190734863,
                    "103": 12.800000190734863,
                    "104": 12.800000190734863,
                    "105": 12.329999923706055,
                    "106": 12.329999923706055,
                    "107": 12.329999923706055,
                    "108": 12.329999923706055,
                    "109": 12.329999923706055,
                    "110": 12.329999923706055,
                    "111": 12.329999923706055,
                    "112": 12.40999984741211,
                    "113": 12.40999984741211,
                    "114": 12.40999984741211,
                    "115": 12.40999984741211,
                    "116": 12.239999771118164,
                    "117": 12.239999771118164,
                    "118": 12.239999771118164,
                    "119": 12.239999771118164,
                    "120": 11.140000343322754
                }
            },
            {
                "summaryType": "stress",
                "minValue": 7.0,
                "maxValue": 59.0,
                "avgValue": 25.0,
                "epochSummaries": {
                    "0": 27.0,
                    "1": 36.0,
                    "2": 36.0,
                    "3": 36.0,
                    "4": 36.0,
                    "5": 36.0,
                    "6": 45.0,
                    "7": 45.0,
                    "8": 45.0,
                    "9": 45.0,
                    "10": 45.0,
                    "11": 51.0,
                    "12": 51.0,
                    "13": 51.0,
                    "14": 51.0,
                    "15": 51.0,
                    "16": 56.0,
                    "17": 56.0,
                    "18": 56.0,
                    "19": 56.0,
                    "20": 56.0,
                    "21": 58.0,
                    "22": 58.0,
                    "23": 58.0,
                    "24": 58.0,
                    "25": 58.0,
                    "26": 59.0,
                    "27": 59.0,
                    "28": 59.0,
                    "29": 59.0,
                    "30": 59.0,
                    "31": 53.0,
                    "32": 53.0,
                    "33": 53.0,
                    "34": 53.0,
                    "35": 53.0,
                    "36": 42.0,
                    "37": 42.0,
                    "38": 42.0,
                    "39": 42.0,
                    "40": 42.0,
                    "41": 27.0,
                    "42": 27.0,
                    "43": 27.0,
                    "44": 27.0,
                    "45": 27.0,
                    "46": 20.0,
                    "47": 20.0,
                    "48": 20.0,
                    "49": 20.0,
                    "50": 20.0,
                    "51": 15.0,
                    "52": 15.0,
                    "53": 15.0,
                    "54": 15.0,
                    "55": 15.0,
                    "56": 13.0,
                    "57": 13.0,
                    "58": 13.0,
                    "59": 13.0,
                    "60": 13.0,
                    "61": 12.0,
                    "62": 12.0,
                    "63": 12.0,
                    "64": 12.0,
                    "65": 12.0,
                    "66": 12.0,
                    "67": 12.0,
                    "68": 12.0,
                    "69": 12.0,
                    "70": 12.0,
                    "71": 12.0,
                    "72": 12.0,
                    "73": 12.0,
                    "74": 12.0,
                    "75": 12.0,
                    "76": 14.0,
                    "77": 14.0,
                    "78": 14.0,
                    "79": 14.0,
                    "80": 14.0,
                    "81": 14.0,
                    "82": 14.0,
                    "83": 14.0,
                    "84": 14.0,
                    "85": 14.0,
                    "86": 13.0,
                    "87": 13.0,
                    "88": 13.0,
                    "89": 13.0,
                    "90": 13.0,
                    "91": 11.0,
                    "92": 11.0,
                    "93": 11.0,
                    "94": 11.0,
                    "95": 11.0,
                    "96": 10.0,
                    "97": 10.0,
                    "98": 10.0,
                    "99": 10.0,
                    "100": 10.0,
                    "101": 9.0,
                    "102": 9.0,
                    "103": 9.0,
                    "104": 9.0,
                    "105": 9.0,
                    "106": 7.0,
                    "107": 7.0,
                    "108": 7.0,
                    "109": 7.0,
                    "110": 7.0,
                    "111": 8.0,
                    "112": 8.0,
                    "113": 8.0,
                    "114": 8.0,
                    "115": 8.0,
                    "116": 7.0,
                    "117": 7.0,
                    "118": 7.0,
                    "119": 7.0,
                    "120": 7.0
                }
            },
            {
                "summaryType": "spo2",
                "minValue": 96.0,
                "maxValue": 99.0,
                "avgValue": 97.0,
                "epochSummaries": {
                    "0": 99.0,
                    "1": 99.0,
                    "2": 99.0,
                    "3": 99.0,
                    "4": 99.0,
                    "5": 99.0,
                    "6": 99.0,
                    "7": 99.0,
                    "8": 99.0,
                    "9": 99.0,
                    "10": 99.0,
                    "11": 99.0,
                    "12": 99.0,
                    "13": 99.0,
                    "14": 99.0,
                    "15": 99.0,
                    "16": 99.0,
                    "17": 99.0,
                    "18": 99.0,
                    "19": 99.0,
                    "20": 99.0,
                    "21": 99.0,
                    "22": 99.0,
                    "23": 99.0,
                    "24": 99.0,
                    "25": 99.0,
                    "26": 99.0,
                    "27": 98.0,
                    "28": 98.0,
                    "29": 98.0,
                    "30": 98.0,
                    "31": 98.0,
                    "32": 98.0,
                    "33": 99.0,
                    "34": 99.0,
                    "35": 99.0,
                    "36": 99.0,
                    "37": 99.0,
                    "38": 99.0,
                    "39": 99.0,
                    "40": 99.0,
                    "41": 99.0,
                    "42": 99.0,
                    "43": 99.0,
                    "44": 99.0,
                    "45": 98.0,
                    "46": 98.0,
                    "47": 97.0,
                    "48": 97.0,
                    "49": 97.0,
                    "50": 97.0,
                    "51": 97.0,
                    "52": 97.0,
                    "53": 98.0,
                    "54": 98.0,
                    "55": 99.0,
                    "56": 99.0,
                    "57": 99.0,
                    "58": 99.0,
                    "59": 99.0,
                    "60": 99.0,
                    "61": 99.0,
                    "62": 99.0,
                    "63": 99.0,
                    "64": 99.0,
                    "65": 99.0,
                    "66": 99.0,
                    "67": 99.0,
                    "68": 99.0,
                    "69": 99.0,
                    "70": 99.0,
                    "71": 99.0,
                    "72": 99.0,
                    "73": 98.0,
                    "74": 98.0,
                    "75": 97.0,
                    "76": 97.0,
                    "77": 96.0,
                    "78": 96.0,
                    "79": 96.0,
                    "80": 96.0,
                    "81": 96.0,
                    "82": 96.0,
                    "83": 96.0,
                    "84": 96.0,
                    "85": 97.0,
                    "86": 97.0,
                    "87": 97.0,
                    "88": 97.0,
                    "89": 97.0,
                    "90": 97.0,
                    "91": 97.0,
                    "92": 97.0,
                    "93": 97.0,
                    "94": 97.0,
                    "95": 97.0,
                    "96": 97.0,
                    "97": 97.0,
                    "98": 97.0,
                    "99": 97.0,
                    "100": 97.0,
                    "101": 97.0,
                    "102": 97.0,
                    "103": 97.0,
                    "104": 96.0,
                    "105": 96.0,
                    "106": 97.0,
                    "107": 97.0,
                    "108": 97.0,
                    "109": 97.0,
                    "110": 97.0,
                    "111": 97.0,
                    "112": 97.0,
                    "113": 97.0,
                    "114": 97.0,
                    "115": 97.0,
                    "116": 97.0,
                    "117": 97.0,
                    "118": 97.0,
                    "119": 97.0,
                    "120": 97.0
                }
            },
            {
                "summaryType": "rmssd_hrv",
                "avgValue": 60.0
            },
            {
                "summaryType": "sdrr_hrv",
                "avgValue": 176.0
            }
        ]
    }
]