[
    {
        "userId": "49d85c6a-b8f8-4787-95fa-f145553e59a9",
        "userAccessToken": "7b64f2c3-1572-407f-ac1a-ea3ef127ff2c",
        "summaryId": "x45dba26-671375c14ff64ba9-3934-43c1-94f4-164ef9a8d0d778",
        "calendarDate": "2024-10-19",
        "startTimeInSeconds": 1729328577,
        "durationInSeconds": 120,
        "startTimeOffsetInSeconds": 7254,
        "summaries": [
            {
                "summaryType": "heart_rate",
                "minValue": 55.0,
                "maxValue": 98.0,
                "avgValue": 72.0,
                "epochSummaries": {
                    "0": 65.0,
                    "1": 65.0,
                    "2": 65.0,
                    "3": 65.0,
                    "4": 65.0,
                    "5": 65.0,
                    "6": 65.0,
                    "7": 64.0,
                    "8": 63.0,
                    "9": 64.0,
                    "10": 63.0,
                    "11": 62.0,
                    "12": 62.0,
                    "13": 73.0,
                    "14": 90.0,
                    "15": 98.0,
                    "16": 97.0,
                    "17": 96.0,
                    "18": 94.0,
                    "19": 93.0,
                    "20": 93.0,
                    "21": 93.0,
                    "22": 93.0,
                    "23": 94.0,
                    "24": 93.0,
                    "25": 93.0,
                    "26": 94.0,
                    "27": 93.0,
                    "28": 93.0,
                    "29": 94.0,
                    "30": 94.0,
                    "31": 93.0,
                    "32": 88.0,
                    "33": 84.0,
                    "34": 85.0,
                    "35": 81.0,
                    "36": 82.0,
                    "37": 84.0,
                    "38": 87.0,
                    "39": 90.0,
                    "40": 92.0,
                    "41": 92.0,
                    "42": 91.0,
                    "43": 91.0,
                    "44": 91.0,
                    "45": 91.0,
                    "46": 90.0,
                    "47": 89.0,
                    "48": 87.0,
                    "49": 83.0,
                    "50": 80.0,
                    "51": 77.0,
                    "52": 77.0,
                    "53": 77.0,
                    "54": 77.0,
                    "55": 78.0,
                    "56": 78.0,
                    "57": 78.0,
                    "58": 77.0,
                    "59": 76.0,
                    "60": 76.0,
                    "61": 76.0,
                    "62": 77.0,
                    "63": 77.0,
                    "64": 76.0,
                    "65": 75.0,
                    "66": 72.0,
                    "67": 62.0,
                    "68": 60.0,
                    "69": 60.0,
                    "70": 60.0,
                    "71": 60.0,
                    "72": 60.0,
                    "73": 62.0,
                    "74": 63.0,
                    "75": 63.0,
                    "76": 64.0,
                    "77": 65.0,
                    "78": 64.0,
                    "79": 64.0,
                    "80": 65.0,
                    "81": 65.0,
                    "82": 64.0,
                    "83": 63.0,
                    "84": 64.0,
                    "85": 65.0,
                    "86": 64.0,
                    "87": 65.0,
                    "88": 71.0,
                    "89": 78.0,
                    "90": 75.0,
                    "91": 63.0,
                    "92": 65.0,
                    "93": 60.0,
                    "94": 59.0,
                    "95": 59.0,
                    "96": 59.0,
                    "97": 59.0,
                    "98": 60.0,
                    "99": 60.0,
                    "100": 62.0,
                    "101": 62.0,
                    "102": 60.0,
                    "103": 58.0,
                    "104": 57.0,
                    "105": 55.0,
                    "106": 55.0,
                    "107": 55.0,
                    "108": 56.0,
                    "109": 57.0,
                    "110": 57.0,
                    "111": 57.0,
                    "112": 56.0,
                    "113": 57.0,
                    "114": 57.0,
                    "115": 57.0,
                    "116": 57.0,
                    "117": 56.0,
                    "118": 56.0,
                    "119": 56.0,
                    "120": 56.0
                }
            },
            {
                "summaryType": "respiration",
                "minValue": 13.729999542236328,
                "maxValue": 17.100000381469727,
                "avgValue": 15.789999961853027,
                "epochSummaries": {
                    "0": 17.100000381469727,
                    "1": 17.100000381469727,
                    "2": 17.100000381469727,
                    "3": 17.100000381469727,
                    "4": 17.100000381469727,
                    "5": 17.100000381469727,
                    "6": 17.100000381469727,
                    "7": 17.100000381469727,
                    "8": 17.100000381469727,
                    "9": 16.860000610351562,
                    "10": 16.739999771118164,
                    "11": 16.739999771118164,
                    "12": 16.739999771118164,
                    "13": 16.739999771118164,
                    "14": 16.739999771118164,
                    "15": 16.739999771118164,
                    "16": 16.510000228881836,
                    "17": 16.510000228881836,
                    "18": 16.510000228881836,
                    "19": 16.31999969482422,
                    "20": 16.31999969482422,
                    "21": 16.31999969482422,
                    "22": 16.31999969482422,
                    "23": 16.31999969482422,
                    "24": 16.229999542236328,
                    "25": 16.229999542236328,
                    "26": 16.229999542236328,
                    "27": 16.229999542236328,
                    "28": 16.229999542236328,
                    "29": 16.229999542236328,
                    "30": 16.229999542236328,
                    "31": 16.139999389648438,
                    "32": 16.139999389648438,
                    "33": 16.139999389648438,
                    "34": 16.139999389648438,
                    "35": 15.899999618530273,
                    "36": 15.899999618530273,
                    "37": 15.899999618530273,
                    "38": 15.899999618530273,
                    "39": 15.930000305175781,
                    "40": 15.930000305175781,
                    "41": 15.930000305175781,
                    "42": 15.930000305175781,
                    "43": 15.930000305175781,
                    "44": 15.829999923706055,
                    "45": 15.829999923706055,
                    "46": 15.829999923706055,
                    "47": 15.829999923706055,
                    "48": 15.829999923706055,
                    "49": 15.640000343322754,
                    "50": 15.640000343322754,
                    "51": 15.640000343322754,
                    "52": 15.640000343322754,
                    "53": 15.640000343322754,
                    "54": 15.640000343322754,
                    "55": 15.640000343322754,
                    "56": 15.619999885559082,
                    "57": 15.619999885559082,
                    "58": 15.460000038146973,
                    "59": 15.460000038146973,
                    "60": 15.460000038146973,
                    "61": 15.460000038146973,
                    "62": 15.460000038146973,
                    "63": 15.460000038146973,
                    "64": 15.460000038146973,
                    "65": 15.460000038146973,
                    "66": 15.65999984741211,
                    "67": 15.65999984741211,
                    "68": 15.65999984741211,
                    "69": 15.65999984741211,
                    "70": 15.65999984741211,
                    "71": 15.65999984741211,
                    "72": 15.65999984741211,
                    "73": 15.65999984741211,
                    "74": 15.229999542236328,
                    "75": 15.229999542236328,
                    "76": 15.229999542236328,
                    "77": 15.229999542236328,
                    "78": 15.229999542236328,
                    "79": 15.229999542236328,
                    "80": 15.390000343322754,
                    "81": 15.510000228881836,
                    "82": 15.510000228881836,
                    "83": 15.510000228881836,
                    "84": 15.510000228881836,
                    "85": 15.510000228881836,
                    "86": 15.369999885559082,
                    "87": 15.369999885559082,
                    "88": 15.369999885559082,
                    "89": 15.369999885559082,
                    "90": 15.369999885559082,
                    "91": 15.369999885559082,
                    "92": 15.520000457763672,
                    "93": 15.609999656677246,
                    "94": 15.609999656677246,
                    "95": 15.609999656677246,
                    "96": 15.609999656677246,
                    "97": 15.5,
                    "98": 15.5,
                    "99": 15.5,
                    "100": 15.5,
                    "101": 15.5,
                    "102": 15.5,
                    "103": 15.40999984741211,
                    "104": 15.40999984741211,
                    "105": 15.40999984741211,
                    "106": 15.40999984741211,
                    "107": 15.40999984741211,
                    "108": 14.9399995803833,
                    "109": 14.9399995803833,
                    "110": 14.9399995803833,
                    "111": 14.9399995803833,
                    "112": 14.930000305175781,
                    "113": 14.930000305175781,
                    "114": 14.930000305175781,
                    "115": 14.930000305175781,
                    "116": 14.930000305175781,
                    "117": 14.930000305175781,
                    "118": 14.930000305175781,
                    "119": 14.930000305175781,
                    "120": 13.729999542236328
                }
            },
            {
                "summaryType": "stress",
                "minValue": 14.0,
                "maxValue": 69.0,
                "avgValue": 40.0,
                "epochSummaries": {
                    "0": 14.0,
                    "1": 14.0,
                    "2": 14.0,
                    "3": 14.0,
                    "4": 14.0,
                    "5": 14.0,
                    "6": 14.0,
                    "7": 14.0,
                    "8": 14.0,
                    "9": 16.0,
                    "10": 16.0,
                    "11": 16.0,
                    "12": 16.0,
                    "13": 16.0,
                    "14": 17.0,
                    "15": 17.0,
                    "16": 17.0,
                    "17": 17.0,
                    "18": 17.0,
                    "19": 21.0,
                    "20": 21.0,
                    "21": 21.0,
                    "22": 21.0,
                    "23": 21.0,
                    "24": 22.0,
                    "25": 22.0,
                    "26": 22.0,
                    "27": 22.0,
                    "28": 22.0,
                    "29": 30.0,
                    "30": 30.0,
                    "31": 30.0,
                    "32": 30.0,
                    "33": 30.0,
                    "34": 50.0,
                    "35": 50.0,
                    "36": 50.0,
                    "37": 50.0,
                    "38": 50.0,
                    "39": 54.0,
                    "40": 54.0,
                    "41": 54.0,
                    "42": 54.0,
                    "43": 54.0,
                    "44": 57.0,
                    "45": 57.0,
                    "46": 57.0,
                    "47": 57.0,
                    "48": 57.0,
                    "49": 65.0,
                    "50": 65.0,
                    "51": 65.0,
                    "52": 65.0,
                    "53": 65.0,
                    "54": 69.0,
                    "55": 69.0,
                    "56": 69.0,
                    "57": 69.0,
                    "58": 69.0,
                    "59": 69.0,
                    "60": 69.0,
                    "61": 69.0,
                    "62": 69.0,
                    "63": 69.0,
                    "64": 65.0,
                    "65": 65.0,
                    "66": 65.0,
                    "67": 65.0,
                    "68": 65.0,
                    "69": 58.0,
                    "70": 58.0,
                    "71": 58.0,
                    "72": 58.0,
                    "73": 58.0,
                    "74": 51.0,
                    "75": 51.0,
                    "76": 51.0,
                    "77": 51.0,
                    "78": 51.0,
                    "79": 43.0,
                    "80": 43.0,
                    "81": 43.0,
                    "82": 43.0,
                    "83": 43.0,
                    "84": 38.0,
                    "85": 38.0,
                    "86": 38.0,
                    "87": 38.0,
                    "88": 38.0,
                    "89": 34.0,
                    "90": 34.0,
                    "91": 34.0,
                    "92": 34.0,
                    "93": 34.0,
                    "94": 36.0,
                    "95": 36.0,
                    "96": 36.0,
                    "97": 36.0,
                    "98": 36.0,
                    "99": 36.0,
                    "100": 36.0,
                    "101": 36.0,
                    "102": 36.0,
                    "103": 36.0,
                    "104": 35.0,
                    "105": 35.0,
                    "106": 35.0,
                    "107": 35.0,
                    "108": 35.0,
                    "109": 30.0,
                    "110": 30.0,
                    "111": 30.0,
                    "112": 30.0,
                    "113": 30.0,
                    "114": 25.0,
                    "115": 25.0,
                    "116": 25.0,
                    "117": 25.0,
                    "118": 25.0,
                    "119": 25.0,
                    "120": 25.0
                }
            },
            {
                "summaryType": "spo2",
                "minValue": 97.0,
                "maxValue": 100.0,
                "avgValue": 98.0,
                "epochSummaries": {
                    "1": 97.0,
                    "2": 97.0,
                    "3": 97.0,
                    "4": 97.0,
                    "5": 97.0,
                    "6": 97.0,
                    "7": 97.0,
                    "8": 97.0,
                    "9": 97.0,
                    "10": 97.0,
                    "11": 97.0,
                    "12": 97.0,
                    "13": 97.0,
                    "14": 97.0,
                    "15": 97.0,
                    "16": 97.0,
                    "17": 97.0,
                    "18": 97.0,
                    "19": 97.0,
                    "20": 97.0,
                    "21": 97.0,
                    "22": 97.0,
                    "23": 97.0,
                    "24": 97.0,
                    "25": 97.0,
                    "26": 97.0,
                    "27": 97.0,
                    "28": 97.0,
                    "29": 97.0,
                    "30": 97.0,
                    "31": 98.0,
                    "32": 98.0,
                    "33": 98.0,
                    "34": 98.0,
                    "35": 98.0,
                    "36": 98.0,
                    "37": 98.0,
                    "38": 98.0,
                    "39": 98.0,
                    "40": 98.0,
                    "41": 98.0,
                    "42": 98.0,
                    "43": 98.0,
                    "44": 98.0,
                    "45": 98.0,
                    "46": 98.0,
                    "47": 98.0,
                    "48": 98.0,
                    "49": 98.0,
                    "50": 98.0,
                    "51": 99.0,
                    "52": 99.0,
                    "53": 99.0,
                    "54": 99.0,
                    "55": 100.0,
                    "56": 100.0,
                    "57": 100.0,
                    "58": 100.0,
                    "59": 100.0,
                    "60": 100.0,
                    "61": 100.0,
                    "62": 100.0,
                    "63": 100.0,
                    "64": 100.0,
                    "65": 99.0,
                    "66": 99.0,
                    "67": 99.0,
                    "68": 99.0,
                    "69": 99.0,
                    "70": 99.0,
                    "71": 99.0,
                    "72": 99.0,
                    "73": 99.0,
                    "74": 99.0,
                    "75": 99.0,
                    "76": 99.0,
                    "77": 99.0,
                    "78": 99.0,
                    "79": 99.0,
                    "80": 99.0,
                    "81": 99.0,
                    "82": 99.0,
                    "83": 99.0,
                    "84": 99.0,
                    "85": 99.0,
                    "86": 99.0,
                    "87": 99.0,
                    "88": 99.0,
                    "89": 99.0,
                    "90": 99.0,
                    "91": 99.0,
                    "92": 99.0,
                    "93": 99.0,
                    "94": 99.0,
                    "95": 99.0,
                    "96": 99.0,
                    "97": 99.0,
                    "98": 99.0,
                    "99": 99.0,
                    "100": 99.0,
                    "101": 99.0,
                    "102": 99.0,
                    "103": 99.0,
                    "104": 99.0,
                    "105": 99.0,
                    "106": 99.0,
                    "107": 99.0,
                    "108": 99.0,
                    "109": 99.0,
                    "110": 99.0,
                    "111": 99.0,
                    "112": 99.0,
                    "113": 99.0,
                    "114": 99.0,
                    "115": 99.0,
                    "116": 99.0,
                    "117": 99.0,
                    "118": 99.0,
                    "119": 99.0,
                    "120": 98.0
                }
            },
            {
                "summaryType": "rmssd_hrv",
                "avgValue": 81.0
            },
            {
                "summaryType": "sdrr_hrv",
                "avgValue": 137.0
            }
        ]
    }
]